Fecha,Comuna,Transacciones
2020-03-01,Cerrillos,18365
2020-03-01,Cerro Navia,14709
2020-03-01,Conchali,22029
2020-03-01,El Bosque,15921
2020-03-01,Estacion Central,103300
2020-03-01,Huechuraba,10179
2020-03-01,Independencia,19996
2020-03-01,La Cisterna,50162
2020-03-01,La Florida,82069
2020-03-01,La Granja,10462
2020-03-01,La Pintana,11170
2020-03-01,La Reina,24336
2020-03-01,Las Condes,82475
2020-03-01,Lo Barnechea,8821
2020-03-01,Lo Espejo,10790
2020-03-01,Lo Prado,60721
2020-03-01,Macul,16629
2020-03-01,Maipu,57742
2020-03-01,Nunoa,59328
2020-03-01,Pedro Aguirre Cerda,18548
2020-03-01,Penalolen,31124
2020-03-01,Providencia,71999
2020-03-01,Pudahuel,36328
2020-03-01,Puente Alto,76079
2020-03-01,Quilicura,36670
2020-03-01,Quinta Normal,21101
2020-03-01,Recoleta,50230
2020-03-01,Renca,13349
2020-03-01,San Bernardo,25821
2020-03-01,San Joaquin,12130
2020-03-01,San Miguel,27969
2020-03-01,San Ramon,13047
2020-03-01,Santiago,200020
2020-03-01,Vitacura,10446
2020-03-01,-,14
2020-03-02,Cerrillos,55826
2020-03-02,Cerro Navia,38112
2020-03-02,Conchali,61182
2020-03-02,El Bosque,37120
2020-03-02,Estacion Central,227698
2020-03-02,Huechuraba,33797
2020-03-02,Independencia,54368
2020-03-02,La Cisterna,151785
2020-03-02,La Florida,212268
2020-03-02,La Granja,27031
2020-03-02,La Pintana,29791
2020-03-02,La Reina,71695
2020-03-02,Las Condes,354324
2020-03-02,Lo Barnechea,28634
2020-03-02,Lo Espejo,24909
2020-03-02,Lo Prado,198397
2020-03-02,Macul,52449
2020-03-02,Maipu,162324
2020-03-02,Nunoa,212439
2020-03-02,Pedro Aguirre Cerda,53516
2020-03-02,Penalolen,87676
2020-03-02,Providencia,368096
2020-03-02,Pudahuel,103166
2020-03-02,Puente Alto,229786
2020-03-02,Quilicura,111279
2020-03-02,Quinta Normal,58255
2020-03-02,Recoleta,150836
2020-03-02,Renca,44293
2020-03-02,San Bernardo,64519
2020-03-02,San Joaquin,34988
2020-03-02,San Miguel,85909
2020-03-02,San Ramon,39199
2020-03-02,Santiago,680229
2020-03-02,Vitacura,44951
2020-03-02,-,144
2020-03-03,Cerrillos,57927
2020-03-03,Cerro Navia,38040
2020-03-03,Conchali,61262
2020-03-03,El Bosque,36577
2020-03-03,Estacion Central,215123
2020-03-03,Huechuraba,33969
2020-03-03,Independencia,55589
2020-03-03,La Cisterna,152050
2020-03-03,La Florida,216832
2020-03-03,La Granja,27210
2020-03-03,La Pintana,29771
2020-03-03,La Pintana,1
2020-03-03,La Reina,74574
2020-03-03,Las Condes,362957
2020-03-03,Lo Barnechea,28608
2020-03-03,Lo Espejo,24500
2020-03-03,Lo Prado,201182
2020-03-03,Macul,53930
2020-03-03,Maipu,164650
2020-03-03,Nunoa,219016
2020-03-03,Pedro Aguirre Cerda,55847
2020-03-03,Penalolen,89130
2020-03-03,Providencia,382680
2020-03-03,Pudahuel,103845
2020-03-03,Puente Alto,238735
2020-03-03,Quilicura,111923
2020-03-03,Quinta Normal,58286
2020-03-03,Recoleta,150828
2020-03-03,Renca,43929
2020-03-03,San Bernardo,65220
2020-03-03,San Joaquin,35388
2020-03-03,San Miguel,86879
2020-03-03,San Ramon,39386
2020-03-03,Santiago,684440
2020-03-03,Vitacura,45796
2020-03-03,-,151
2020-03-04,Cerrillos,58642
2020-03-04,Cerro Navia,38666
2020-03-04,Conchali,62643
2020-03-04,El Bosque,37642
2020-03-04,Estacion Central,211689
2020-03-04,Huechuraba,33316
2020-03-04,Independencia,56117
2020-03-04,La Cisterna,151058
2020-03-04,La Florida,217399
2020-03-04,La Granja,28580
2020-03-04,La Pintana,30724
2020-03-04,La Pintana,4
2020-03-04,La Reina,75419
2020-03-04,Las Condes,363791
2020-03-04,Lo Barnechea,28406
2020-03-04,Lo Espejo,24416
2020-03-04,Lo Prado,203985
2020-03-04,Macul,54978
2020-03-04,Maipu,171711
2020-03-04,Nunoa,224845
2020-03-04,Pedro Aguirre Cerda,56274
2020-03-04,Penalolen,90977
2020-03-04,Providencia,385274
2020-03-04,Pudahuel,104693
2020-03-04,Puente Alto,215784
2020-03-04,Quilicura,111858
2020-03-04,Quinta Normal,60114
2020-03-04,Recoleta,151317
2020-03-04,Renca,44309
2020-03-04,San Bernardo,65116
2020-03-04,San Joaquin,36023
2020-03-04,San Miguel,88150
2020-03-04,San Ramon,39239
2020-03-04,Santiago,680130
2020-03-04,Vitacura,47324
2020-03-04,-,134
2020-03-05,Cerrillos,57773
2020-03-05,Cerro Navia,38492
2020-03-05,Conchali,62426
2020-03-05,El Bosque,37113
2020-03-05,Estacion Central,213620
2020-03-05,Huechuraba,33424
2020-03-05,Independencia,56149
2020-03-05,La Cisterna,152144
2020-03-05,La Florida,217362
2020-03-05,La Granja,28645
2020-03-05,La Pintana,29977
2020-03-05,La Reina,77885
2020-03-05,Las Condes,369083
2020-03-05,Lo Barnechea,28936
2020-03-05,Lo Espejo,24584
2020-03-05,Lo Prado,205938
2020-03-05,Macul,54904
2020-03-05,Maipu,160160
2020-03-05,Nunoa,225545
2020-03-05,Pedro Aguirre Cerda,56855
2020-03-05,Penalolen,90934
2020-03-05,Providencia,391534
2020-03-05,Pudahuel,105849
2020-03-05,Puente Alto,222205
2020-03-05,Quilicura,112859
2020-03-05,Quinta Normal,58956
2020-03-05,Recoleta,147146
2020-03-05,Renca,39691
2020-03-05,San Bernardo,65587
2020-03-05,San Joaquin,36002
2020-03-05,San Miguel,86700
2020-03-05,San Ramon,39506
2020-03-05,Santiago,688922
2020-03-05,Vitacura,46572
2020-03-05,-,124
2020-03-06,Cerrillos,57326
2020-03-06,Cerro Navia,38726
2020-03-06,Conchali,62547
2020-03-06,El Bosque,38024
2020-03-06,Estacion Central,208834
2020-03-06,Huechuraba,33848
2020-03-06,Independencia,56798
2020-03-06,La Cisterna,151133
2020-03-06,La Florida,209206
2020-03-06,La Granja,27524
2020-03-06,La Pintana,30493
2020-03-06,La Reina,78171
2020-03-06,Las Condes,353562
2020-03-06,Lo Barnechea,30062
2020-03-06,Lo Espejo,24837
2020-03-06,Lo Prado,196003
2020-03-06,Macul,52728
2020-03-06,Maipu,161091
2020-03-06,Nunoa,222898
2020-03-06,Pedro Aguirre Cerda,56424
2020-03-06,Penalolen,90639
2020-03-06,Providencia,355076
2020-03-06,Pudahuel,101343
2020-03-06,Puente Alto,225184
2020-03-06,Quilicura,110243
2020-03-06,Quinta Normal,57823
2020-03-06,Recoleta,140811
2020-03-06,Renca,41277
2020-03-06,San Bernardo,64291
2020-03-06,San Joaquin,33567
2020-03-06,San Miguel,86256
2020-03-06,San Ramon,39413
2020-03-06,Santiago,635143
2020-03-06,Vitacura,45903
2020-03-06,-,53
2020-03-07,Cerrillos,29666
2020-03-07,Cerro Navia,22338
2020-03-07,Conchali,34560
2020-03-07,El Bosque,23750
2020-03-07,Estacion Central,140759
2020-03-07,Huechuraba,16437
2020-03-07,Independencia,33145
2020-03-07,La Cisterna,87045
2020-03-07,La Florida,126925
2020-03-07,La Granja,16165
2020-03-07,La Pintana,17759
2020-03-07,La Reina,40972
2020-03-07,Las Condes,151903
2020-03-07,Lo Barnechea,16773
2020-03-07,Lo Espejo,15898
2020-03-07,Lo Prado,98932
2020-03-07,Macul,27263
2020-03-07,Maipu,93362
2020-03-07,Nunoa,111311
2020-03-07,Pedro Aguirre Cerda,29882
2020-03-07,Penalolen,50324
2020-03-07,Providencia,146209
2020-03-07,Pudahuel,58833
2020-03-07,Puente Alto,125790
2020-03-07,Quilicura,59537
2020-03-07,Quinta Normal,33875
2020-03-07,Recoleta,86581
2020-03-07,Renca,23947
2020-03-07,San Bernardo,37583
2020-03-07,San Joaquin,19119
2020-03-07,San Miguel,46235
2020-03-07,San Ramon,21904
2020-03-07,Santiago,361860
2020-03-07,Vitacura,22465
2020-03-07,-,40
2020-03-08,Cerrillos,19883
2020-03-08,Cerro Navia,13603
2020-03-08,Conchali,22384
2020-03-08,El Bosque,16408
2020-03-08,Estacion Central,86973
2020-03-08,Huechuraba,9355
2020-03-08,Independencia,19017
2020-03-08,La Cisterna,50103
2020-03-08,La Florida,83213
2020-03-08,La Granja,10264
2020-03-08,La Pintana,10344
2020-03-08,La Reina,26070
2020-03-08,Las Condes,89046
2020-03-08,Lo Barnechea,8913
2020-03-08,Lo Espejo,11053
2020-03-08,Lo Prado,58554
2020-03-08,Macul,17069
2020-03-08,Maipu,54033
2020-03-08,Nunoa,65807
2020-03-08,Pedro Aguirre Cerda,19696
2020-03-08,Penalolen,32955
2020-03-08,Providencia,87708
2020-03-08,Pudahuel,33976
2020-03-08,Puente Alto,71717
2020-03-08,Quilicura,36947
2020-03-08,Quinta Normal,21111
2020-03-08,Recoleta,48282
2020-03-08,Renca,12382
2020-03-08,San Bernardo,28016
2020-03-08,San Joaquin,11257
2020-03-08,San Miguel,30395
2020-03-08,San Ramon,13147
2020-03-08,Santiago,191356
2020-03-08,Vitacura,10503
2020-03-08,-,67
2020-03-09,Cerrillos,60293
2020-03-09,Cerro Navia,39333
2020-03-09,Conchali,62533
2020-03-09,El Bosque,38309
2020-03-09,Estacion Central,212619
2020-03-09,Huechuraba,35574
2020-03-09,Independencia,55011
2020-03-09,La Cisterna,156993
2020-03-09,La Florida,220983
2020-03-09,La Granja,27039
2020-03-09,La Pintana,30750
2020-03-09,La Reina,76146
2020-03-09,Las Condes,375176
2020-03-09,Lo Barnechea,29497
2020-03-09,Lo Espejo,24723
2020-03-09,Lo Prado,201094
2020-03-09,Macul,66026
2020-03-09,Maipu,168882
2020-03-09,Nunoa,221402
2020-03-09,Pedro Aguirre Cerda,58303
2020-03-09,Penalolen,90806
2020-03-09,Providencia,381215
2020-03-09,Pudahuel,105422
2020-03-09,Puente Alto,238188
2020-03-09,Quilicura,112887
2020-03-09,Quinta Normal,58821
2020-03-09,Recoleta,150709
2020-03-09,Renca,43702
2020-03-09,San Bernardo,65526
2020-03-09,San Joaquin,35854
2020-03-09,San Miguel,87327
2020-03-09,San Ramon,41117
2020-03-09,Santiago,650780
2020-03-09,Vitacura,45833
2020-03-09,-,50
2020-03-10,Cerrillos,61450
2020-03-10,Cerro Navia,35422
2020-03-10,Conchali,61477
2020-03-10,El Bosque,35212
2020-03-10,Estacion Central,231471
2020-03-10,Huechuraba,32780
2020-03-10,Independencia,58280
2020-03-10,La Cisterna,168712
2020-03-10,La Florida,227057
2020-03-10,La Granja,25787
2020-03-10,La Pintana,27715
2020-03-10,La Reina,78640
2020-03-10,Las Condes,396163
2020-03-10,Lo Barnechea,26365
2020-03-10,Lo Espejo,23611
2020-03-10,Lo Prado,221953
2020-03-10,Macul,72780
2020-03-10,Maipu,161085
2020-03-10,Nunoa,229053
2020-03-10,Pedro Aguirre Cerda,59768
2020-03-10,Penalolen,93795
2020-03-10,Providencia,432080
2020-03-10,Pudahuel,104757
2020-03-10,Puente Alto,252363
2020-03-10,Quilicura,110159
2020-03-10,Quinta Normal,55442
2020-03-10,Recoleta,158816
2020-03-10,Renca,41861
2020-03-10,San Bernardo,63151
2020-03-10,San Joaquin,35819
2020-03-10,San Miguel,93793
2020-03-10,San Ramon,41059
2020-03-10,Santiago,767196
2020-03-10,Vitacura,42973
2020-03-10,-,89
2020-03-11,Cerrillos,60547
2020-03-11,Cerro Navia,37522
2020-03-11,Conchali,55414
2020-03-11,El Bosque,35493
2020-03-11,Estacion Central,212039
2020-03-11,Huechuraba,33475
2020-03-11,Independencia,55662
2020-03-11,La Cisterna,125156
2020-03-11,La Florida,197171
2020-03-11,La Granja,21708
2020-03-11,La Pintana,26795
2020-03-11,La Reina,77128
2020-03-11,Las Condes,379950
2020-03-11,Lo Barnechea,29742
2020-03-11,Lo Espejo,24191
2020-03-11,Lo Prado,180083
2020-03-11,Macul,64999
2020-03-11,Maipu,160194
2020-03-11,Nunoa,214928
2020-03-11,Pedro Aguirre Cerda,59107
2020-03-11,Penalolen,83718
2020-03-11,Providencia,385180
2020-03-11,Pudahuel,101163
2020-03-11,Puente Alto,219424
2020-03-11,Quilicura,106565
2020-03-11,Quinta Normal,58469
2020-03-11,Recoleta,144056
2020-03-11,Renca,38726
2020-03-11,San Bernardo,55457
2020-03-11,San Joaquin,35070
2020-03-11,San Miguel,83595
2020-03-11,San Ramon,31708
2020-03-11,Santiago,618820
2020-03-11,Vitacura,45459
2020-03-11,-,162
2020-03-12,Cerrillos,61458
2020-03-12,Cerro Navia,38623
2020-03-12,Conchali,60847
2020-03-12,El Bosque,36818
2020-03-12,Estacion Central,214595
2020-03-12,Huechuraba,35766
2020-03-12,Independencia,56814
2020-03-12,La Cisterna,146717
2020-03-12,La Florida,220015
2020-03-12,La Granja,25616
2020-03-12,La Pintana,28018
2020-03-12,La Reina,78572
2020-03-12,Las Condes,392099
2020-03-12,Lo Barnechea,29900
2020-03-12,Lo Espejo,24674
2020-03-12,Lo Prado,202150
2020-03-12,Macul,69553
2020-03-12,Maipu,161747
2020-03-12,Nunoa,221333
2020-03-12,Pedro Aguirre Cerda,59696
2020-03-12,Penalolen,88485
2020-03-12,Providencia,406350
2020-03-12,Pudahuel,103820
2020-03-12,Puente Alto,229177
2020-03-12,Quilicura,110590
2020-03-12,Quinta Normal,59771
2020-03-12,Recoleta,152165
2020-03-12,Renca,43872
2020-03-12,San Bernardo,62017
2020-03-12,San Joaquin,35637
2020-03-12,San Miguel,87439
2020-03-12,San Ramon,37102
2020-03-12,Santiago,706742
2020-03-12,Vitacura,47046
2020-03-12,-,17
2020-03-13,Cerrillos,62167
2020-03-13,Cerro Navia,38483
2020-03-13,Conchali,63453
2020-03-13,El Bosque,37814
2020-03-13,Estacion Central,220438
2020-03-13,Huechuraba,35387
2020-03-13,Independencia,56260
2020-03-13,La Cisterna,153660
2020-03-13,La Florida,223734
2020-03-13,La Granja,24850
2020-03-13,La Pintana,28131
2020-03-13,La Reina,80718
2020-03-13,Las Condes,387884
2020-03-13,Lo Barnechea,31933
2020-03-13,Lo Espejo,24793
2020-03-13,Lo Prado,201523
2020-03-13,Macul,67639
2020-03-13,Maipu,156366
2020-03-13,Nunoa,220291
2020-03-13,Pedro Aguirre Cerda,59232
2020-03-13,Penalolen,91335
2020-03-13,Providencia,391840
2020-03-13,Pudahuel,106018
2020-03-13,Puente Alto,234441
2020-03-13,Quilicura,112974
2020-03-13,Quinta Normal,60547
2020-03-13,Recoleta,153916
2020-03-13,Renca,38776
2020-03-13,San Bernardo,63637
2020-03-13,San Joaquin,35740
2020-03-13,San Miguel,88089
2020-03-13,San Ramon,39003
2020-03-13,Santiago,683660
2020-03-13,Vitacura,46647
2020-03-13,-,117
2020-03-14,Cerrillos,30464
2020-03-14,Cerro Navia,21486
2020-03-14,Conchali,34734
2020-03-14,El Bosque,23382
2020-03-14,Estacion Central,134107
2020-03-14,Huechuraba,15689
2020-03-14,Independencia,32350
2020-03-14,La Cisterna,85340
2020-03-14,La Florida,124381
2020-03-14,La Granja,15384
2020-03-14,La Pintana,16660
2020-03-14,La Reina,39278
2020-03-14,Las Condes,150040
2020-03-14,Lo Barnechea,16333
2020-03-14,Lo Espejo,15659
2020-03-14,Lo Prado,96206
2020-03-14,Macul,30927
2020-03-14,Maipu,92001
2020-03-14,Nunoa,109204
2020-03-14,Pedro Aguirre Cerda,30707
2020-03-14,Penalolen,49422
2020-03-14,Providencia,145262
2020-03-14,Pudahuel,58657
2020-03-14,Puente Alto,125470
2020-03-14,Quilicura,60687
2020-03-14,Quinta Normal,33796
2020-03-14,Recoleta,85540
2020-03-14,Renca,22773
2020-03-14,San Bernardo,37266
2020-03-14,San Joaquin,18247
2020-03-14,San Miguel,44959
2020-03-14,San Ramon,20566
2020-03-14,Santiago,354681
2020-03-14,Vitacura,21621
2020-03-14,-,32
2020-03-15,Cerrillos,16669
2020-03-15,Cerro Navia,12940
2020-03-15,Conchali,19024
2020-03-15,El Bosque,14203
2020-03-15,Estacion Central,81884
2020-03-15,Huechuraba,8633
2020-03-15,Independencia,17897
2020-03-15,La Cisterna,44589
2020-03-15,La Florida,69722
2020-03-15,La Granja,9827
2020-03-15,La Pintana,9677
2020-03-15,La Reina,20419
2020-03-15,Las Condes,75118
2020-03-15,Lo Barnechea,8208
2020-03-15,Lo Espejo,9679
2020-03-15,Lo Prado,54094
2020-03-15,Macul,14595
2020-03-15,Maipu,51154
2020-03-15,Nunoa,53868
2020-03-15,Pedro Aguirre Cerda,17130
2020-03-15,Penalolen,27543
2020-03-15,Providencia,60312
2020-03-15,Pudahuel,32069
2020-03-15,Puente Alto,67144
2020-03-15,Quilicura,32770
2020-03-15,Quinta Normal,19178
2020-03-15,Recoleta,43977
2020-03-15,Renca,12316
2020-03-15,San Bernardo,22323
2020-03-15,San Joaquin,10400
2020-03-15,San Miguel,24018
2020-03-15,San Ramon,11165
2020-03-15,Santiago,168540
2020-03-15,Vitacura,10112
2020-03-15,-,27
2020-03-16,Cerrillos,48593
2020-03-16,Cerro Navia,32019
2020-03-16,Conchali,49815
2020-03-16,El Bosque,31047
2020-03-16,Estacion Central,175194
2020-03-16,Huechuraba,27360
2020-03-16,Independencia,44132
2020-03-16,La Cisterna,125002
2020-03-16,La Florida,166361
2020-03-16,La Granja,22701
2020-03-16,La Pintana,25212
2020-03-16,La Reina,53108
2020-03-16,Las Condes,254821
2020-03-16,Lo Barnechea,21766
2020-03-16,Lo Espejo,20755
2020-03-16,Lo Prado,162039
2020-03-16,Macul,41144
2020-03-16,Maipu,131197
2020-03-16,Nunoa,152251
2020-03-16,Pedro Aguirre Cerda,45005
2020-03-16,Penalolen,69797
2020-03-16,Providencia,261522
2020-03-16,Pudahuel,86813
2020-03-16,Puente Alto,191960
2020-03-16,Quilicura,90225
2020-03-16,Quinta Normal,47903
2020-03-16,Recoleta,114791
2020-03-16,Renca,36782
2020-03-16,San Bernardo,51492
2020-03-16,San Joaquin,29503
2020-03-16,San Miguel,65191
2020-03-16,San Ramon,30894
2020-03-16,Santiago,518187
2020-03-16,Vitacura,36473
2020-03-16,-,118
2020-03-17,Cerrillos,39270
2020-03-17,Cerro Navia,27233
2020-03-17,Conchali,41238
2020-03-17,El Bosque,25555
2020-03-17,Estacion Central,133076
2020-03-17,Huechuraba,21472
2020-03-17,Independencia,35308
2020-03-17,La Cisterna,103605
2020-03-17,La Florida,131125
2020-03-17,La Granja,18859
2020-03-17,La Pintana,19119
2020-03-17,La Reina,40197
2020-03-17,Las Condes,188199
2020-03-17,Lo Barnechea,16995
2020-03-17,Lo Espejo,17571
2020-03-17,Lo Prado,125053
2020-03-17,Macul,32256
2020-03-17,Maipu,106241
2020-03-17,Nunoa,115590
2020-03-17,Pedro Aguirre Cerda,36152
2020-03-17,Penalolen,55314
2020-03-17,Providencia,188744
2020-03-17,Pudahuel,73242
2020-03-17,Puente Alto,150319
2020-03-17,Quilicura,75205
2020-03-17,Quinta Normal,40616
2020-03-17,Recoleta,94666
2020-03-17,Renca,31371
2020-03-17,San Bernardo,41750
2020-03-17,San Joaquin,24009
2020-03-17,San Miguel,50670
2020-03-17,San Ramon,26693
2020-03-17,Santiago,400263
2020-03-17,Vitacura,28905
2020-03-17,-,24
2020-03-18,Cerrillos,33879
2020-03-18,Cerro Navia,24979
2020-03-18,Conchali,36072
2020-03-18,El Bosque,22490
2020-03-18,Estacion Central,112687
2020-03-18,Huechuraba,18316
2020-03-18,Independencia,31134
2020-03-18,La Cisterna,91373
2020-03-18,La Florida,112045
2020-03-18,La Granja,16736
2020-03-18,La Pintana,18039
2020-03-18,La Reina,34496
2020-03-18,Las Condes,156129
2020-03-18,Lo Barnechea,14745
2020-03-18,Lo Espejo,15656
2020-03-18,Lo Prado,106878
2020-03-18,Macul,27916
2020-03-18,Maipu,93005
2020-03-18,Nunoa,97851
2020-03-18,Pedro Aguirre Cerda,30962
2020-03-18,Penalolen,47704
2020-03-18,Providencia,147948
2020-03-18,Pudahuel,64780
2020-03-18,Puente Alto,130461
2020-03-18,Quilicura,66671
2020-03-18,Quinta Normal,35757
2020-03-18,Recoleta,82352
2020-03-18,Renca,27166
2020-03-18,San Bernardo,36585
2020-03-18,San Joaquin,21419
2020-03-18,San Miguel,44027
2020-03-18,San Ramon,23707
2020-03-18,Santiago,337799
2020-03-18,Vitacura,24294
2020-03-18,-,61
2020-03-19,Cerrillos,24759
2020-03-19,Cerro Navia,18072
2020-03-19,Conchali,26347
2020-03-19,El Bosque,17784
2020-03-19,Estacion Central,94655
2020-03-19,Huechuraba,10398
2020-03-19,Independencia,25293
2020-03-19,La Cisterna,83671
2020-03-19,La Florida,89961
2020-03-19,La Granja,11594
2020-03-19,La Pintana,13314
2020-03-19,La Reina,26532
2020-03-19,Las Condes,131114
2020-03-19,Lo Barnechea,7185
2020-03-19,Lo Espejo,12125
2020-03-19,Lo Prado,91203
2020-03-19,Macul,19618
2020-03-19,Maipu,59901
2020-03-19,Nunoa,82224
2020-03-19,Pedro Aguirre Cerda,26213
2020-03-19,Penalolen,38687
2020-03-19,Providencia,134416
2020-03-19,Pudahuel,51018
2020-03-19,Puente Alto,100652
2020-03-19,Quilicura,52741
2020-03-19,Quinta Normal,24812
2020-03-19,Recoleta,76875
2020-03-19,Renca,18719
2020-03-19,San Bernardo,27678
2020-03-19,San Joaquin,18573
2020-03-19,San Miguel,37046
2020-03-19,San Ramon,18603
2020-03-19,Santiago,299171
2020-03-19,Vitacura,11281
2020-03-19,-,2
2020-03-20,Cerrillos,23396
2020-03-20,Cerro Navia,4167
2020-03-20,Conchali,23061
2020-03-20,El Bosque,9718
2020-03-20,Estacion Central,105277
2020-03-20,Huechuraba,4656
2020-03-20,Independencia,25138
2020-03-20,La Cisterna,109554
2020-03-20,La Florida,91560
2020-03-20,La Granja,3274
2020-03-20,La Pintana,2753
2020-03-20,La Reina,22479
2020-03-20,Las Condes,123825
2020-03-20,Lo Barnechea,6092
2020-03-20,Lo Espejo,5805
2020-03-20,Lo Prado,121071
2020-03-20,Macul,16116
2020-03-20,Maipu,18284
2020-03-20,Nunoa,79958
2020-03-20,Pedro Aguirre Cerda,26591
2020-03-20,Penalolen,31138
2020-03-20,Providencia,117779
2020-03-20,Pudahuel,41127
2020-03-20,Puente Alto,105621
2020-03-20,Quilicura,38496
2020-03-20,Quinta Normal,17482
2020-03-20,Recoleta,88210
2020-03-20,Renca,6092
2020-03-20,San Bernardo,24656
2020-03-20,San Joaquin,13544
2020-03-20,San Miguel,42301
2020-03-20,San Ramon,22683
2020-03-20,Santiago,314885
2020-03-20,Vitacura,10642
2020-03-20,-,63
2020-03-21,Cerrillos,10052
2020-03-21,Cerro Navia,7891
2020-03-21,Conchali,11974
2020-03-21,El Bosque,7934
2020-03-21,Estacion Central,43119
2020-03-21,Huechuraba,4137
2020-03-21,Independencia,12517
2020-03-21,La Cisterna,37428
2020-03-21,La Florida,38646
2020-03-21,La Granja,5591
2020-03-21,La Pintana,6145
2020-03-21,La Reina,10323
2020-03-21,Las Condes,47110
2020-03-21,Lo Barnechea,3477
2020-03-21,Lo Espejo,5812
2020-03-21,Lo Prado,31172
2020-03-21,Macul,8132
2020-03-21,Maipu,24298
2020-03-21,Nunoa,31345
2020-03-21,Pedro Aguirre Cerda,11642
2020-03-21,Penalolen,17531
2020-03-21,Providencia,40656
2020-03-21,Pudahuel,19949
2020-03-21,Puente Alto,44392
2020-03-21,Quilicura,19608
2020-03-21,Quinta Normal,11581
2020-03-21,Recoleta,34412
2020-03-21,Renca,7962
2020-03-21,San Bernardo,12522
2020-03-21,San Joaquin,7446
2020-03-21,San Miguel,15747
2020-03-21,San Ramon,8669
2020-03-21,Santiago,117752
2020-03-21,Vitacura,5178
2020-03-22,Cerrillos,4779
2020-03-22,Cerro Navia,4937
2020-03-22,Conchali,5762
2020-03-22,El Bosque,4587
2020-03-22,Estacion Central,17476
2020-03-22,Huechuraba,2424
2020-03-22,Independencia,5482
2020-03-22,La Cisterna,13565
2020-03-22,La Florida,16844
2020-03-22,La Granja,3509
2020-03-22,La Pintana,3878
2020-03-22,La Reina,4492
2020-03-22,Las Condes,18686
2020-03-22,Lo Barnechea,2191
2020-03-22,Lo Espejo,3312
2020-03-22,Lo Prado,13132
2020-03-22,Macul,4038
2020-03-22,Maipu,14310
2020-03-22,Nunoa,12497
2020-03-22,Pedro Aguirre Cerda,4668
2020-03-22,Penalolen,8487
2020-03-22,Providencia,13866
2020-03-22,Pudahuel,10210
2020-03-22,Puente Alto,19964
2020-03-22,Quilicura,8935
2020-03-22,Quinta Normal,6064
2020-03-22,Recoleta,13850
2020-03-22,Renca,4204
2020-03-22,San Bernardo,6614
2020-03-22,San Joaquin,3081
2020-03-22,San Miguel,6580
2020-03-22,San Ramon,3593
2020-03-22,Santiago,43160
2020-03-22,Vitacura,3415
2020-03-22,-,3
2020-03-23,Cerrillos,19327
2020-03-23,Cerro Navia,15289
2020-03-23,Conchali,21843
2020-03-23,El Bosque,13620
2020-03-23,Estacion Central,62435
2020-03-23,Huechuraba,10065
2020-03-23,Independencia,18757
2020-03-23,La Cisterna,56681
2020-03-23,La Florida,62772
2020-03-23,La Granja,9210
2020-03-23,La Pintana,11754
2020-03-23,La Reina,17576
2020-03-23,Las Condes,77944
2020-03-23,Lo Barnechea,8062
2020-03-23,Lo Espejo,10037
2020-03-23,Lo Prado,57440
2020-03-23,Macul,15783
2020-03-23,Maipu,50007
2020-03-23,Nunoa,52849
2020-03-23,Pedro Aguirre Cerda,18331
2020-03-23,Penalolen,27589
2020-03-23,Providencia,71794
2020-03-23,Pudahuel,38548
2020-03-23,Puente Alto,75754
2020-03-23,Quilicura,39254
2020-03-23,Quinta Normal,20996
2020-03-23,Recoleta,49755
2020-03-23,Renca,15481
2020-03-23,San Bernardo,21956
2020-03-23,San Joaquin,13190
2020-03-23,San Miguel,26471
2020-03-23,San Ramon,14628
2020-03-23,Santiago,185076
2020-03-23,Vitacura,12965
2020-03-23,-,13
2020-03-24,Cerrillos,19602
2020-03-24,Cerro Navia,15088
2020-03-24,Conchali,20310
2020-03-24,El Bosque,13373
2020-03-24,Estacion Central,56946
2020-03-24,Huechuraba,9124
2020-03-24,Independencia,17264
2020-03-24,La Cisterna,53460
2020-03-24,La Florida,58446
2020-03-24,La Granja,9893
2020-03-24,La Pintana,11188
2020-03-24,La Reina,16238
2020-03-24,Las Condes,70730
2020-03-24,Lo Barnechea,7261
2020-03-24,Lo Espejo,9410
2020-03-24,Lo Prado,53959
2020-03-24,Macul,14712
2020-03-24,Maipu,47648
2020-03-24,Nunoa,50265
2020-03-24,Pedro Aguirre Cerda,17424
2020-03-24,Penalolen,26198
2020-03-24,Providencia,65370
2020-03-24,Pudahuel,38215
2020-03-24,Puente Alto,73117
2020-03-24,Quilicura,37685
2020-03-24,Quinta Normal,20791
2020-03-24,Recoleta,45875
2020-03-24,Renca,15688
2020-03-24,San Bernardo,21117
2020-03-24,San Joaquin,12648
2020-03-24,San Miguel,24120
2020-03-24,San Ramon,13161
2020-03-24,Santiago,170436
2020-03-24,Vitacura,12139
2020-03-24,-,34
2020-03-25,Cerrillos,18712
2020-03-25,Cerro Navia,14533
2020-03-25,Conchali,19442
2020-03-25,El Bosque,12738
2020-03-25,Estacion Central,55146
2020-03-25,Huechuraba,8599
2020-03-25,Independencia,16404
2020-03-25,La Cisterna,52013
2020-03-25,La Florida,56466
2020-03-25,La Granja,9420
2020-03-25,La Pintana,10566
2020-03-25,La Reina,15743
2020-03-25,Las Condes,69113
2020-03-25,Lo Barnechea,7260
2020-03-25,Lo Espejo,9685
2020-03-25,Lo Prado,52133
2020-03-25,Macul,14452
2020-03-25,Maipu,47210
2020-03-25,Nunoa,48372
2020-03-25,Pedro Aguirre Cerda,16923
2020-03-25,Penalolen,25092
2020-03-25,Providencia,63248
2020-03-25,Pudahuel,36770
2020-03-25,Puente Alto,70862
2020-03-25,Quilicura,36550
2020-03-25,Quinta Normal,20279
2020-03-25,Recoleta,44236
2020-03-25,Renca,15125
2020-03-25,San Bernardo,20488
2020-03-25,San Joaquin,12063
2020-03-25,San Miguel,23105
2020-03-25,San Ramon,12778
2020-03-25,Santiago,164663
2020-03-25,Vitacura,11739
2020-03-25,-,49
2020-03-26,Cerrillos,18887
2020-03-26,Cerro Navia,15438
2020-03-26,Conchali,19762
2020-03-26,El Bosque,12452
2020-03-26,Estacion Central,58310
2020-03-26,Huechuraba,8081
2020-03-26,Independencia,18817
2020-03-26,La Cisterna,52992
2020-03-26,La Florida,57549
2020-03-26,La Granja,8942
2020-03-26,La Pintana,8460
2020-03-26,La Reina,16393
2020-03-26,Las Condes,74285
2020-03-26,Lo Barnechea,7962
2020-03-26,Lo Espejo,9521
2020-03-26,Lo Prado,54429
2020-03-26,Macul,14470
2020-03-26,Maipu,48520
2020-03-26,Nunoa,54484
2020-03-26,Pedro Aguirre Cerda,17444
2020-03-26,Penalolen,26611
2020-03-26,Providencia,70583
2020-03-26,Pudahuel,37967
2020-03-26,Puente Alto,71417
2020-03-26,Quilicura,36662
2020-03-26,Quinta Normal,21003
2020-03-26,Recoleta,47246
2020-03-26,Renca,15471
2020-03-26,San Bernardo,19857
2020-03-26,San Joaquin,11633
2020-03-26,San Miguel,23834
2020-03-26,San Ramon,12588
2020-03-26,Santiago,184470
2020-03-26,Vitacura,12797
2020-03-26,-,13
2020-03-27,Cerrillos,14527
2020-03-27,Cerro Navia,12069
2020-03-27,Conchali,13796
2020-03-27,El Bosque,9955
2020-03-27,Estacion Central,39533
2020-03-27,Huechuraba,6089
2020-03-27,Independencia,7796
2020-03-27,La Cisterna,40506
2020-03-27,La Florida,43500
2020-03-27,La Granja,6951
2020-03-27,La Pintana,6550
2020-03-27,La Reina,11619
2020-03-27,Las Condes,25856
2020-03-27,Lo Barnechea,2150
2020-03-27,Lo Espejo,7575
2020-03-27,Lo Prado,36036
2020-03-27,Macul,11221
2020-03-27,Maipu,40928
2020-03-27,Nunoa,23098
2020-03-27,Pedro Aguirre Cerda,11858
2020-03-27,Penalolen,19292
2020-03-27,Providencia,24566
2020-03-27,Pudahuel,29671
2020-03-27,Puente Alto,52763
2020-03-27,Quilicura,29122
2020-03-27,Quinta Normal,17315
2020-03-27,Recoleta,34366
2020-03-27,Renca,12557
2020-03-27,San Bernardo,15487
2020-03-27,San Joaquin,9077
2020-03-27,San Miguel,19766
2020-03-27,San Ramon,9983
2020-03-27,Santiago,70477
2020-03-27,Vitacura,4693
2020-03-27,-,9
2020-03-28,Cerrillos,7276
2020-03-28,Cerro Navia,6623
2020-03-28,Conchali,7808
2020-03-28,El Bosque,5476
2020-03-28,Estacion Central,21338
2020-03-28,Huechuraba,3038
2020-03-28,Independencia,4957
2020-03-28,La Cisterna,20669
2020-03-28,La Florida,23014
2020-03-28,La Granja,4099
2020-03-28,La Pintana,3598
2020-03-28,La Reina,6024
2020-03-28,Las Condes,18138
2020-03-28,Lo Barnechea,1836
2020-03-28,Lo Espejo,4571
2020-03-28,Lo Prado,17850
2020-03-28,Macul,5576
2020-03-28,Maipu,22782
2020-03-28,Nunoa,13591
2020-03-28,Pedro Aguirre Cerda,7037
2020-03-28,Penalolen,11390
2020-03-28,Providencia,14390
2020-03-28,Pudahuel,16093
2020-03-28,Puente Alto,27980
2020-03-28,Quilicura,14081
2020-03-28,Quinta Normal,9014
2020-03-28,Recoleta,18435
2020-03-28,Renca,6456
2020-03-28,San Bernardo,8083
2020-03-28,San Joaquin,4368
2020-03-28,San Miguel,9462
2020-03-28,San Ramon,5307
2020-03-28,Santiago,39956
2020-03-28,Vitacura,3444
2020-03-28,-,2
2020-03-29,Cerrillos,3587
2020-03-29,Cerro Navia,3693
2020-03-29,Conchali,4122
2020-03-29,El Bosque,3116
2020-03-29,Estacion Central,11874
2020-03-29,Huechuraba,1649
2020-03-29,Independencia,3093
2020-03-29,La Cisterna,10240
2020-03-29,La Florida,12434
2020-03-29,La Granja,2124
2020-03-29,La Pintana,1925
2020-03-29,La Reina,3404
2020-03-29,Las Condes,10958
2020-03-29,Lo Barnechea,1098
2020-03-29,Lo Espejo,2758
2020-03-29,Lo Prado,9829
2020-03-29,Macul,2816
2020-03-29,Maipu,11698
2020-03-29,Nunoa,7506
2020-03-29,Pedro Aguirre Cerda,3644
2020-03-29,Penalolen,6369
2020-03-29,Providencia,8719
2020-03-29,Pudahuel,7944
2020-03-29,Puente Alto,14146
2020-03-29,Quilicura,7037
2020-03-29,Quinta Normal,4461
2020-03-29,Recoleta,9775
2020-03-29,Renca,3134
2020-03-29,San Bernardo,4880
2020-03-29,San Joaquin,2124
2020-03-29,San Miguel,5083
2020-03-29,San Ramon,2465
2020-03-29,Santiago,22343
2020-03-29,Vitacura,2063
2020-03-30,Cerrillos,15576
2020-03-30,Cerro Navia,12176
2020-03-30,Conchali,14655
2020-03-30,El Bosque,9448
2020-03-30,Estacion Central,42461
2020-03-30,Huechuraba,6422
2020-03-30,Independencia,9286
2020-03-30,La Cisterna,42234
2020-03-30,La Florida,44655
2020-03-30,La Granja,6962
2020-03-30,La Pintana,5829
2020-03-30,La Reina,11664
2020-03-30,Las Condes,27437
2020-03-30,Lo Barnechea,2384
2020-03-30,Lo Espejo,7550
2020-03-30,Lo Prado,38581
2020-03-30,Macul,11314
2020-03-30,Maipu,43259
2020-03-30,Nunoa,25059
2020-03-30,Pedro Aguirre Cerda,12083
2020-03-30,Penalolen,19451
2020-03-30,Providencia,27181
2020-03-30,Pudahuel,30848
2020-03-30,Puente Alto,54432
2020-03-30,Quilicura,29704
2020-03-30,Quinta Normal,17084
2020-03-30,Recoleta,35995
2020-03-30,Renca,12365
2020-03-30,San Bernardo,15316
2020-03-30,San Joaquin,9204
2020-03-30,San Miguel,20868
2020-03-30,San Ramon,9629
2020-03-30,Santiago,81650
2020-03-30,Vitacura,5003
2020-03-30,-,26
2020-03-31,Cerrillos,16258
2020-03-31,Cerro Navia,12854
2020-03-31,Conchali,15421
2020-03-31,El Bosque,9361
2020-03-31,Estacion Central,42872
2020-03-31,Huechuraba,6844
2020-03-31,Independencia,10022
2020-03-31,La Cisterna,43215
2020-03-31,La Florida,45306
2020-03-31,La Granja,7164
2020-03-31,La Pintana,5407
2020-03-31,La Reina,12023
2020-03-31,Las Condes,28778
2020-03-31,Lo Barnechea,2598
2020-03-31,Lo Espejo,8068
2020-03-31,Lo Prado,39075
2020-03-31,Macul,11579
2020-03-31,Maipu,45496
2020-03-31,Nunoa,26773
2020-03-31,Pedro Aguirre Cerda,12586
2020-03-31,Penalolen,20337
2020-03-31,Providencia,28248
2020-03-31,Pudahuel,32050
2020-03-31,Puente Alto,54649
2020-03-31,Quilicura,30802
2020-03-31,Quinta Normal,17759
2020-03-31,Recoleta,37981
2020-03-31,Renca,12996
2020-03-31,San Bernardo,15138
2020-03-31,San Joaquin,8998
2020-03-31,San Miguel,21134
2020-03-31,San Ramon,9979
2020-03-31,Santiago,85712
2020-03-31,Vitacura,5195
2020-03-31,-,34
2020-04-01,Cerrillos,16007
2020-04-01,Cerro Navia,11960
2020-04-01,Conchali,15226
2020-04-01,El Bosque,9027
2020-04-01,Estacion Central,43008
2020-04-01,Huechuraba,6737
2020-04-01,Independencia,10397
2020-04-01,La Cisterna,42893
2020-04-01,La Florida,45514
2020-04-01,La Granja,6674
2020-04-01,La Pintana,5488
2020-04-01,La Reina,11789
2020-04-01,Las Condes,28903
2020-04-01,Lo Barnechea,2652
2020-04-01,Lo Espejo,7846
2020-04-01,Lo Prado,39385
2020-04-01,Macul,11704
2020-04-01,Maipu,44500
2020-04-01,Nunoa,27617
2020-04-01,Pedro Aguirre Cerda,12422
2020-04-01,Penalolen,20140
2020-04-01,Providencia,28568
2020-04-01,Pudahuel,31133
2020-04-01,Puente Alto,54880
2020-04-01,Quilicura,30734
2020-04-01,Quinta Normal,17925
2020-04-01,Recoleta,38610
2020-04-01,Renca,13451
2020-04-01,San Bernardo,15126
2020-04-01,San Joaquin,9102
2020-04-01,San Miguel,20912
2020-04-01,San Ramon,9620
2020-04-01,Santiago,89168
2020-04-01,Vitacura,4972
2020-04-01,-,39
2020-04-02,Cerrillos,15386
2020-04-02,Cerro Navia,12002
2020-04-02,Conchali,14834
2020-04-02,El Bosque,8871
2020-04-02,Estacion Central,41842
2020-04-02,Huechuraba,6334
2020-04-02,Independencia,10335
2020-04-02,La Cisterna,42144
2020-04-02,La Florida,43514
2020-04-02,La Granja,6249
2020-04-02,La Pintana,5388
2020-04-02,La Reina,11716
2020-04-02,Las Condes,28696
2020-04-02,Lo Barnechea,2652
2020-04-02,Lo Espejo,7819
2020-04-02,Lo Prado,37932
2020-04-02,Macul,11231
2020-04-02,Maipu,43284
2020-04-02,Nunoa,27243
2020-04-02,Pedro Aguirre Cerda,12176
2020-04-02,Penalolen,20150
2020-04-02,Providencia,28611
2020-04-02,Pudahuel,30160
2020-04-02,Puente Alto,52770
2020-04-02,Quilicura,29681
2020-04-02,Quinta Normal,17169
2020-04-02,Recoleta,37328
2020-04-02,Renca,12986
2020-04-02,San Bernardo,14570
2020-04-02,San Joaquin,8528
2020-04-02,San Miguel,20595
2020-04-02,San Ramon,9038
2020-04-02,Santiago,88217
2020-04-02,Vitacura,5111
2020-04-02,-,10
2020-04-04,Cerrillos,8114
2020-04-04,Cerro Navia,7464
2020-04-04,Conchali,9528
2020-04-04,El Bosque,5026
2020-04-04,Estacion Central,25422
2020-04-04,Huechuraba,3347
2020-04-04,Independencia,9391
2020-04-04,La Cisterna,23860
2020-04-04,La Florida,25418
2020-04-04,La Granja,4005
2020-04-04,La Pintana,3164
2020-04-04,La Reina,6293
2020-04-04,Las Condes,20308
2020-04-04,Lo Barnechea,2225
2020-04-04,Lo Espejo,5184
2020-04-04,Lo Prado,20397
2020-04-04,Macul,6019
2020-04-04,Maipu,25267
2020-04-04,Nunoa,16931
2020-04-04,Pedro Aguirre Cerda,7599
2020-04-04,Penalolen,12737
2020-04-04,Providencia,16725
2020-04-04,Pudahuel,17683
2020-04-04,Puente Alto,29331
2020-04-04,Quilicura,15970
2020-04-04,Quinta Normal,10049
2020-04-04,Recoleta,22375
2020-04-04,Renca,7769
2020-04-04,San Bernardo,8095
2020-04-04,San Joaquin,4450
2020-04-04,San Miguel,10771
2020-04-04,San Ramon,5762
2020-04-04,Santiago,56499
2020-04-04,Vitacura,3725
2020-04-04,-,8
2020-04-05,Cerrillos,4184
2020-04-05,Cerro Navia,4550
2020-04-05,Conchali,5278
2020-04-05,El Bosque,3180
2020-04-05,Estacion Central,14581
2020-04-05,Huechuraba,1619
2020-04-05,Independencia,5406
2020-04-05,La Cisterna,11984
2020-04-05,La Florida,13971
2020-04-05,La Granja,2176
2020-04-05,La Pintana,1753
2020-04-05,La Reina,3670
2020-04-05,Las Condes,12245
2020-04-05,Lo Barnechea,1328
2020-04-05,Lo Espejo,3153
2020-04-05,Lo Prado,11044
2020-04-05,Macul,3144
2020-04-05,Maipu,13691
2020-04-05,Nunoa,9793
2020-04-05,Pedro Aguirre Cerda,4049
2020-04-05,Penalolen,7595
2020-04-05,Providencia,9654
2020-04-05,Pudahuel,9333
2020-04-05,Puente Alto,15718
2020-04-05,Quilicura,8328
2020-04-05,Quinta Normal,5482
2020-04-05,Recoleta,11841
2020-04-05,Renca,3845
2020-04-05,San Bernardo,5217
2020-04-05,San Joaquin,2049
2020-04-05,San Miguel,5787
2020-04-05,San Ramon,2808
2020-04-05,Santiago,31127
2020-04-05,Vitacura,2266
2020-04-05,-,5
2020-04-06,Cerrillos,16593
2020-04-06,Cerro Navia,13409
2020-04-06,Conchali,16834
2020-04-06,El Bosque,8446
2020-04-06,Estacion Central,46594
2020-04-06,Huechuraba,6561
2020-04-06,Independencia,16014
2020-04-06,La Cisterna,44853
2020-04-06,La Florida,45823
2020-04-06,La Granja,6171
2020-04-06,La Pintana,4755
2020-04-06,La Reina,12317
2020-04-06,Las Condes,30690
2020-04-06,Lo Barnechea,2859
2020-04-06,Lo Espejo,7783
2020-04-06,Lo Prado,41710
2020-04-06,Macul,11631
2020-04-06,Maipu,45730
2020-04-06,Nunoa,29326
2020-04-06,Pedro Aguirre Cerda,13010
2020-04-06,Penalolen,20883
2020-04-06,Providencia,31551
2020-04-06,Pudahuel,32173
2020-04-06,Puente Alto,55765
2020-04-06,Quilicura,31611
2020-04-06,Quinta Normal,18768
2020-04-06,Recoleta,41529
2020-04-06,Renca,14293
2020-04-06,San Bernardo,13754
2020-04-06,San Joaquin,8799
2020-04-06,San Miguel,21688
2020-04-06,San Ramon,9846
2020-04-06,Santiago,101028
2020-04-06,Vitacura,5124
2020-04-06,-,5
2020-04-07,Cerrillos,16028
2020-04-07,Cerro Navia,12455
2020-04-07,Conchali,16515
2020-04-07,El Bosque,7474
2020-04-07,Estacion Central,43820
2020-04-07,Huechuraba,6011
2020-04-07,Independencia,15481
2020-04-07,La Cisterna,42972
2020-04-07,La Florida,43979
2020-04-07,La Granja,5803
2020-04-07,La Pintana,4156
2020-04-07,La Reina,12018
2020-04-07,Las Condes,30358
2020-04-07,Lo Barnechea,2696
2020-04-07,Lo Espejo,7810
2020-04-07,Lo Prado,40578
2020-04-07,Macul,11402
2020-04-07,Maipu,43757
2020-04-07,Nunoa,29690
2020-04-07,Pedro Aguirre Cerda,12625
2020-04-07,Penalolen,20304
2020-04-07,Providencia,31645
2020-04-07,Pudahuel,31160
2020-04-07,Puente Alto,51491
2020-04-07,Quilicura,30218
2020-04-07,Quinta Normal,17944
2020-04-07,Recoleta,39661
2020-04-07,Renca,13846
2020-04-07,San Bernardo,12884
2020-04-07,San Joaquin,8538
2020-04-07,San Miguel,20947
2020-04-07,San Ramon,9228
2020-04-07,Santiago,98777
2020-04-07,Vitacura,5175
2020-04-07,-,36
2020-04-08,Cerrillos,16377
2020-04-08,Cerro Navia,12936
2020-04-08,Conchali,17081
2020-04-08,El Bosque,7527
2020-04-08,Estacion Central,43610
2020-04-08,Huechuraba,6309
2020-04-08,Independencia,15907
2020-04-08,La Cisterna,42323
2020-04-08,La Florida,43479
2020-04-08,La Granja,5802
2020-04-08,La Pintana,4195
2020-04-08,La Reina,11837
2020-04-08,Las Condes,31090
2020-04-08,Lo Barnechea,2846
2020-04-08,Lo Espejo,7728
2020-04-08,Lo Prado,40569
2020-04-08,Macul,11445
2020-04-08,Maipu,43039
2020-04-08,Nunoa,29826
2020-04-08,Pedro Aguirre Cerda,12487
2020-04-08,Penalolen,20319
2020-04-08,Providencia,31859
2020-04-08,Pudahuel,31733
2020-04-08,Puente Alto,52415
2020-04-08,Quilicura,31262
2020-04-08,Quinta Normal,18277
2020-04-08,Recoleta,39456
2020-04-08,Renca,14288
2020-04-08,San Bernardo,12635
2020-04-08,San Joaquin,8719
2020-04-08,San Miguel,20669
2020-04-08,San Ramon,8787
2020-04-08,Santiago,98903
2020-04-08,Vitacura,5158
2020-04-08,-,20
2020-04-09,Cerrillos,16153
2020-04-09,Cerro Navia,13007
2020-04-09,Conchali,17054
2020-04-09,El Bosque,7749
2020-04-09,Estacion Central,43927
2020-04-09,Huechuraba,6513
2020-04-09,Independencia,15911
2020-04-09,La Cisterna,43202
2020-04-09,La Florida,43952
2020-04-09,La Granja,6003
2020-04-09,La Pintana,4212
2020-04-09,La Reina,12433
2020-04-09,Las Condes,32429
2020-04-09,Lo Barnechea,3197
2020-04-09,Lo Espejo,7858
2020-04-09,Lo Prado,40552
2020-04-09,Macul,11210
2020-04-09,Maipu,43744
2020-04-09,Nunoa,29173
2020-04-09,Pedro Aguirre Cerda,12597
2020-04-09,Penalolen,20669
2020-04-09,Providencia,32634
2020-04-09,Pudahuel,30855
2020-04-09,Puente Alto,51762
2020-04-09,Quilicura,31819
2020-04-09,Quinta Normal,18506
2020-04-09,Recoleta,41102
2020-04-09,Renca,13949
2020-04-09,San Bernardo,13066
2020-04-09,San Joaquin,9054
2020-04-09,San Miguel,21137
2020-04-09,San Ramon,9187
2020-04-09,Santiago,99876
2020-04-09,Vitacura,5454
2020-04-09,-,11
2020-04-10,Cerrillos,4463
2020-04-10,Cerro Navia,4811
2020-04-10,Conchali,5476
2020-04-10,El Bosque,2835
2020-04-10,Estacion Central,14862
2020-04-10,Huechuraba,1938
2020-04-10,Independencia,5835
2020-04-10,La Cisterna,12475
2020-04-10,La Florida,14883
2020-04-10,La Granja,2036
2020-04-10,La Pintana,1375
2020-04-10,La Reina,4089
2020-04-10,Las Condes,16831
2020-04-10,Lo Barnechea,1937
2020-04-10,Lo Espejo,2884
2020-04-10,Lo Prado,12426
2020-04-10,Macul,3329
2020-04-10,Maipu,13677
2020-04-10,Nunoa,11560
2020-04-10,Pedro Aguirre Cerda,4685
2020-04-10,Penalolen,7666
2020-04-10,Providencia,12732
2020-04-10,Pudahuel,10217
2020-04-10,Puente Alto,13750
2020-04-10,Quilicura,8750
2020-04-10,Quinta Normal,6402
2020-04-10,Recoleta,12689
2020-04-10,Renca,4237
2020-04-10,San Bernardo,4138
2020-04-10,San Joaquin,2360
2020-04-10,San Miguel,6432
2020-04-10,San Ramon,2678
2020-04-10,Santiago,35514
2020-04-10,Vitacura,3105
2020-04-10,-,5
2020-04-11,Cerrillos,4660
2020-04-11,Cerro Navia,5068
2020-04-11,Conchali,5805
2020-04-11,El Bosque,2752
2020-04-11,Estacion Central,15831
2020-04-11,Huechuraba,1818
2020-04-11,Independencia,5885
2020-04-11,La Cisterna,13088
2020-04-11,La Florida,15329
2020-04-11,La Granja,2084
2020-04-11,La Pintana,1496
2020-04-11,La Reina,4215
2020-04-11,Las Condes,14997
2020-04-11,Lo Barnechea,1546
2020-04-11,Lo Espejo,3118
2020-04-11,Lo Prado,12822
2020-04-11,Macul,3530
2020-04-11,Maipu,15270
2020-04-11,Nunoa,11682
2020-04-11,Pedro Aguirre Cerda,4739
2020-04-11,Penalolen,8173
2020-04-11,Providencia,11803
2020-04-11,Pudahuel,11348
2020-04-11,Puente Alto,14737
2020-04-11,Quilicura,9000
2020-04-11,Quinta Normal,6566
2020-04-11,Recoleta,13337
2020-04-11,Renca,4447
2020-04-11,San Bernardo,4285
2020-04-11,San Joaquin,2502
2020-04-11,San Miguel,6577
2020-04-11,San Ramon,2810
2020-04-11,Santiago,37632
2020-04-11,Vitacura,2685
2020-04-12,Cerrillos,3010
2020-04-12,Cerro Navia,3145
2020-04-12,Conchali,3590
2020-04-12,El Bosque,2069
2020-04-12,Estacion Central,10741
2020-04-12,Huechuraba,1248
2020-04-12,Independencia,3952
2020-04-12,La Cisterna,9076
2020-04-12,La Florida,10282
2020-04-12,La Granja,1509
2020-04-12,La Pintana,941
2020-04-12,La Reina,2862
2020-04-12,Las Condes,11089
2020-04-12,Lo Barnechea,1040
2020-04-12,Lo Espejo,2128
2020-04-12,Lo Prado,8672
2020-04-12,Macul,2271
2020-04-12,Maipu,10048
2020-04-12,Nunoa,8262
2020-04-12,Pedro Aguirre Cerda,2943
2020-04-12,Penalolen,5456
2020-04-12,Providencia,9334
2020-04-12,Pudahuel,6694
2020-04-12,Puente Alto,10211
2020-04-12,Quilicura,5759
2020-04-12,Quinta Normal,4141
2020-04-12,Recoleta,8608
2020-04-12,Renca,2859
2020-04-12,San Bernardo,3342
2020-04-12,San Joaquin,1578
2020-04-12,San Miguel,4383
2020-04-12,San Ramon,1904
2020-04-12,Santiago,25004
2020-04-12,Vitacura,2054
2020-04-13,Cerrillos,17551
2020-04-13,Cerro Navia,13605
2020-04-13,Conchali,16654
2020-04-13,El Bosque,8000
2020-04-13,Estacion Central,51114
2020-04-13,Huechuraba,6440
2020-04-13,Independencia,16414
2020-04-13,La Cisterna,45470
2020-04-13,La Florida,47128
2020-04-13,La Granja,6364
2020-04-13,La Pintana,4221
2020-04-13,La Reina,12574
2020-04-13,Las Condes,37822
2020-04-13,Lo Barnechea,5202
2020-04-13,Lo Espejo,8245
2020-04-13,Lo Prado,46634
2020-04-13,Macul,11851
2020-04-13,Maipu,45045
2020-04-13,Nunoa,35792
2020-04-13,Pedro Aguirre Cerda,14429
2020-04-13,Penalolen,21248
2020-04-13,Providencia,55122
2020-04-13,Pudahuel,33203
2020-04-13,Puente Alto,47648
2020-04-13,Quilicura,32132
2020-04-13,Quinta Normal,19337
2020-04-13,Recoleta,41399
2020-04-13,Renca,14012
2020-04-13,San Bernardo,13944
2020-04-13,San Joaquin,8946
2020-04-13,San Miguel,21704
2020-04-13,San Ramon,9724
2020-04-13,Santiago,119123
2020-04-13,Vitacura,9174
2020-04-13,-,30
2020-04-14,Cerrillos,16817
2020-04-14,Cerro Navia,13093
2020-04-14,Conchali,16228
2020-04-14,El Bosque,7900
2020-04-14,Estacion Central,47085
2020-04-14,Huechuraba,6092
2020-04-14,Independencia,15603
2020-04-14,La Cisterna,43707
2020-04-14,La Florida,45196
2020-04-14,La Granja,6056
2020-04-14,La Pintana,4051
2020-04-14,La Reina,11911
2020-04-14,Las Condes,36855
2020-04-14,Lo Barnechea,5203
2020-04-14,Lo Espejo,7750
2020-04-14,Lo Prado,45095
2020-04-14,Macul,11569
2020-04-14,Maipu,43585
2020-04-14,Nunoa,34553
2020-04-14,Pedro Aguirre Cerda,14066
2020-04-14,Penalolen,20619
2020-04-14,Providencia,55183
2020-04-14,Pudahuel,32463
2020-04-14,Puente Alto,46291
2020-04-14,Quilicura,31040
2020-04-14,Quinta Normal,18325
2020-04-14,Recoleta,39250
2020-04-14,Renca,13348
2020-04-14,San Bernardo,13058
2020-04-14,San Joaquin,8774
2020-04-14,San Miguel,20703
2020-04-14,San Ramon,9143
2020-04-14,Santiago,113100
2020-04-14,Vitacura,8927
2020-04-14,-,8
2020-04-15,Cerrillos,17228
2020-04-15,Cerro Navia,13356
2020-04-15,Conchali,16328
2020-04-15,El Bosque,8673
2020-04-15,Estacion Central,47705
2020-04-15,Huechuraba,6355
2020-04-15,Independencia,15859
2020-04-15,La Cisterna,46501
2020-04-15,La Florida,46308
2020-04-15,La Granja,6205
2020-04-15,La Pintana,4288
2020-04-15,La Pintana,2
2020-04-15,La Reina,12076
2020-04-15,Las Condes,37705
2020-04-15,Lo Barnechea,5342
2020-04-15,Lo Espejo,7913
2020-04-15,Lo Prado,45835
2020-04-15,Macul,11715
2020-04-15,Maipu,43227
2020-04-15,Nunoa,34898
2020-04-15,Pedro Aguirre Cerda,14176
2020-04-15,Penalolen,21461
2020-04-15,Providencia,55749
2020-04-15,Pudahuel,32496
2020-04-15,Puente Alto,48057
2020-04-15,Quilicura,31772
2020-04-15,Quinta Normal,19153
2020-04-15,Recoleta,39647
2020-04-15,Renca,13861
2020-04-15,San Bernardo,13956
2020-04-15,San Joaquin,9037
2020-04-15,San Miguel,21123
2020-04-15,San Ramon,9294
2020-04-15,Santiago,115858
2020-04-15,Vitacura,9119
2020-04-15,-,12
2020-04-16,Cerrillos,16888
2020-04-16,Cerro Navia,13162
2020-04-16,Conchali,16070
2020-04-16,El Bosque,8366
2020-04-16,Estacion Central,46900
2020-04-16,Huechuraba,6245
2020-04-16,Independencia,15544
2020-04-16,La Cisterna,44748
2020-04-16,La Florida,44920
2020-04-16,La Granja,6066
2020-04-16,La Pintana,3892
2020-04-16,La Pintana,3
2020-04-16,La Reina,11812
2020-04-16,Las Condes,37113
2020-04-16,Lo Barnechea,5304
2020-04-16,Lo Espejo,7808
2020-04-16,Lo Prado,44970
2020-04-16,Macul,11257
2020-04-16,Maipu,41851
2020-04-16,Nunoa,34808
2020-04-16,Pedro Aguirre Cerda,14301
2020-04-16,Penalolen,20659
2020-04-16,Providencia,54775
2020-04-16,Pudahuel,31623
2020-04-16,Puente Alto,48313
2020-04-16,Quilicura,30956
2020-04-16,Quinta Normal,18077
2020-04-16,Recoleta,39720
2020-04-16,Renca,13435
2020-04-16,San Bernardo,13670
2020-04-16,San Joaquin,8697
2020-04-16,San Miguel,20429
2020-04-16,San Ramon,8961
2020-04-16,Santiago,113694
2020-04-16,Vitacura,8755
2020-04-16,-,7
2020-04-17,Cerrillos,17716
2020-04-17,Cerro Navia,14406
2020-04-17,Conchali,17382
2020-04-17,El Bosque,5268
2020-04-17,Estacion Central,49795
2020-04-17,Huechuraba,6251
2020-04-17,Independencia,16335
2020-04-17,La Cisterna,42857
2020-04-17,La Florida,49490
2020-04-17,La Granja,6572
2020-04-17,La Pintana,4088
2020-04-17,La Reina,13012
2020-04-17,Las Condes,59197
2020-04-17,Lo Barnechea,6151
2020-04-17,Lo Espejo,8585
2020-04-17,Lo Prado,49673
2020-04-17,Macul,12016
2020-04-17,Maipu,43843
2020-04-17,Nunoa,36939
2020-04-17,Pedro Aguirre Cerda,14702
2020-04-17,Penalolen,22802
2020-04-17,Providencia,61479
2020-04-17,Pudahuel,33209
2020-04-17,Puente Alto,52822
2020-04-17,Quilicura,32257
2020-04-17,Quinta Normal,19277
2020-04-17,Recoleta,42254
2020-04-17,Renca,14617
2020-04-17,San Bernardo,11951
2020-04-17,San Joaquin,8986
2020-04-17,San Miguel,21747
2020-04-17,San Ramon,10049
2020-04-17,Santiago,122496
2020-04-17,Vitacura,9433
2020-04-17,-,3
2020-04-18,Cerrillos,7861
2020-04-18,Cerro Navia,6160
2020-04-18,Conchali,8321
2020-04-18,El Bosque,2573
2020-04-18,Estacion Central,31936
2020-04-18,Huechuraba,2198
2020-04-18,Independencia,10121
2020-04-18,La Cisterna,27933
2020-04-18,La Florida,27139
2020-04-18,La Granja,2821
2020-04-18,La Pintana,1844
2020-04-18,La Reina,6867
2020-04-18,Las Condes,32791
2020-04-18,Lo Barnechea,2499
2020-04-18,Lo Espejo,4267
2020-04-18,Lo Prado,24913
2020-04-18,Macul,5439
2020-04-18,Maipu,17083
2020-04-18,Nunoa,20971
2020-04-18,Pedro Aguirre Cerda,8560
2020-04-18,Penalolen,12664
2020-04-18,Providencia,31782
2020-04-18,Pudahuel,14546
2020-04-18,Puente Alto,28722
2020-04-18,Quilicura,13772
2020-04-18,Quinta Normal,9057
2020-04-18,Recoleta,27215
2020-04-18,Renca,5029
2020-04-18,San Bernardo,7093
2020-04-18,San Joaquin,4331
2020-04-18,San Miguel,12675
2020-04-18,San Ramon,6319
2020-04-18,Santiago,79837
2020-04-18,Vitacura,3462
2020-04-19,Cerrillos,4387
2020-04-19,Cerro Navia,4881
2020-04-19,Conchali,4815
2020-04-19,El Bosque,1861
2020-04-19,Estacion Central,15243
2020-04-19,Huechuraba,1552
2020-04-19,Independencia,5215
2020-04-19,La Cisterna,10574
2020-04-19,La Florida,14198
2020-04-19,La Granja,2046
2020-04-19,La Pintana,1291
2020-04-19,La Reina,3759
2020-04-19,Las Condes,15010
2020-04-19,Lo Barnechea,1680
2020-04-19,Lo Espejo,3123
2020-04-19,Lo Prado,11604
2020-04-19,Macul,3263
2020-04-19,Maipu,13256
2020-04-19,Nunoa,10441
2020-04-19,Pedro Aguirre Cerda,4630
2020-04-19,Penalolen,6996
2020-04-19,Providencia,11693
2020-04-19,Pudahuel,9130
2020-04-19,Puente Alto,14314
2020-04-19,Quilicura,7809
2020-04-19,Quinta Normal,5628
2020-04-19,Recoleta,11419
2020-04-19,Renca,3662
2020-04-19,San Bernardo,4068
2020-04-19,San Joaquin,2249
2020-04-19,San Miguel,5895
2020-04-19,San Ramon,2614
2020-04-19,Santiago,36250
2020-04-19,Vitacura,2491
2020-04-19,-,10
2020-04-20,Cerrillos,18882
2020-04-20,Cerro Navia,15674
2020-04-20,Conchali,18028
2020-04-20,El Bosque,6206
2020-04-20,Estacion Central,54185
2020-04-20,Huechuraba,6746
2020-04-20,Independencia,17234
2020-04-20,La Cisterna,45732
2020-04-20,La Florida,51799
2020-04-20,La Granja,6953
2020-04-20,La Pintana,4646
2020-04-20,La Reina,13577
2020-04-20,Las Condes,62417
2020-04-20,Lo Barnechea,6289
2020-04-20,Lo Espejo,8822
2020-04-20,Lo Prado,52772
2020-04-20,Macul,12306
2020-04-20,Maipu,47091
2020-04-20,Nunoa,38359
2020-04-20,Pedro Aguirre Cerda,15214
2020-04-20,Penalolen,23593
2020-04-20,Providencia,64764
2020-04-20,Pudahuel,34954
2020-04-20,Puente Alto,57407
2020-04-20,Quilicura,33085
2020-04-20,Quinta Normal,19681
2020-04-20,Recoleta,44111
2020-04-20,Renca,14409
2020-04-20,San Bernardo,12987
2020-04-20,San Joaquin,9487
2020-04-20,San Miguel,22876
2020-04-20,San Ramon,10934
2020-04-20,Santiago,132078
2020-04-20,Vitacura,10216
2020-04-20,-,6
2020-04-21,Cerrillos,17959
2020-04-21,Cerro Navia,14737
2020-04-21,Conchali,17226
2020-04-21,El Bosque,5903
2020-04-21,Estacion Central,50310
2020-04-21,Huechuraba,6739
2020-04-21,Independencia,16429
2020-04-21,La Cisterna,43175
2020-04-21,La Florida,49438
2020-04-21,La Granja,6685
2020-04-21,La Pintana,4352
2020-04-21,La Reina,12826
2020-04-21,Las Condes,59300
2020-04-21,Lo Barnechea,5607
2020-04-21,Lo Espejo,8683
2020-04-21,Lo Prado,50286
2020-04-21,Macul,11740
2020-04-21,Maipu,45301
2020-04-21,Nunoa,37211
2020-04-21,Pedro Aguirre Cerda,15308
2020-04-21,Penalolen,22567
2020-04-21,Providencia,62182
2020-04-21,Pudahuel,33419
2020-04-21,Puente Alto,55315
2020-04-21,Quilicura,31891
2020-04-21,Quinta Normal,19502
2020-04-21,Recoleta,41858
2020-04-21,Renca,14481
2020-04-21,San Bernardo,12715
2020-04-21,San Joaquin,8969
2020-04-21,San Miguel,21464
2020-04-21,San Ramon,10239
2020-04-21,Santiago,125226
2020-04-21,Vitacura,9494
2020-04-21,-,8
2020-04-22,Cerrillos,18202
2020-04-22,Cerro Navia,14871
2020-04-22,Conchali,17114
2020-04-22,El Bosque,6254
2020-04-22,Estacion Central,51556
2020-04-22,Huechuraba,5975
2020-04-22,Independencia,17147
2020-04-22,La Cisterna,44154
2020-04-22,La Florida,50348
2020-04-22,La Granja,6831
2020-04-22,La Pintana,4367
2020-04-22,La Reina,12965
2020-04-22,Las Condes,61107
2020-04-22,Lo Barnechea,5909
2020-04-22,Lo Espejo,8533
2020-04-22,Lo Prado,51150
2020-04-22,Macul,11879
2020-04-22,Maipu,45087
2020-04-22,Nunoa,38205
2020-04-22,Pedro Aguirre Cerda,15899
2020-04-22,Penalolen,22388
2020-04-22,Providencia,64358
2020-04-22,Pudahuel,33435
2020-04-22,Puente Alto,56408
2020-04-22,Quilicura,30572
2020-04-22,Quinta Normal,20519
2020-04-22,Recoleta,42600
2020-04-22,Renca,14584
2020-04-22,San Bernardo,12869
2020-04-22,San Joaquin,9162
2020-04-22,San Miguel,21953
2020-04-22,San Ramon,10339
2020-04-22,Santiago,128208
2020-04-22,Vitacura,8832
2020-04-22,-,11
2020-04-23,Cerrillos,17822
2020-04-23,Cerro Navia,14753
2020-04-23,Conchali,17034
2020-04-23,El Bosque,6074
2020-04-23,Estacion Central,51428
2020-04-23,Huechuraba,6142
2020-04-23,Independencia,16734
2020-04-23,La Cisterna,43425
2020-04-23,La Florida,49446
2020-04-23,La Granja,6273
2020-04-23,La Pintana,4066
2020-04-23,La Reina,12706
2020-04-23,Las Condes,61969
2020-04-23,Lo Barnechea,5609
2020-04-23,Lo Espejo,8353
2020-04-23,Lo Prado,51557
2020-04-23,Macul,11699
2020-04-23,Maipu,44427
2020-04-23,Nunoa,37791
2020-04-23,Pedro Aguirre Cerda,15570
2020-04-23,Penalolen,22305
2020-04-23,Providencia,64287
2020-04-23,Pudahuel,32686
2020-04-23,Puente Alto,55552
2020-04-23,Quilicura,29969
2020-04-23,Quinta Normal,19314
2020-04-23,Recoleta,42025
2020-04-23,Renca,13549
2020-04-23,San Bernardo,13196
2020-04-23,San Joaquin,9111
2020-04-23,San Miguel,21510
2020-04-23,San Ramon,10083
2020-04-23,Santiago,127322
2020-04-23,Vitacura,9254
2020-04-23,-,6
2020-04-24,Cerrillos,18335
2020-04-24,Cerro Navia,11327
2020-04-24,Conchali,16001
2020-04-24,El Bosque,5960
2020-04-24,Estacion Central,51973
2020-04-24,Huechuraba,5969
2020-04-24,Independencia,15600
2020-04-24,La Cisterna,44774
2020-04-24,La Florida,51316
2020-04-24,La Granja,6208
2020-04-24,La Pintana,3641
2020-04-24,La Reina,12917
2020-04-24,Las Condes,65875
2020-04-24,Lo Barnechea,6502
2020-04-24,Lo Espejo,6942
2020-04-24,Lo Prado,53241
2020-04-24,Macul,12072
2020-04-24,Maipu,46053
2020-04-24,Nunoa,39833
2020-04-24,Pedro Aguirre Cerda,11469
2020-04-24,Penalolen,23111
2020-04-24,Providencia,65703
2020-04-24,Pudahuel,31399
2020-04-24,Puente Alto,55756
2020-04-24,Quilicura,29529
2020-04-24,Quinta Normal,13457
2020-04-24,Recoleta,41518
2020-04-24,Renca,12948
2020-04-24,San Bernardo,13645
2020-04-24,San Joaquin,9079
2020-04-24,San Miguel,21295
2020-04-24,San Ramon,10219
2020-04-24,Santiago,126001
2020-04-24,Vitacura,9625
2020-04-24,-,17
2020-04-25,Cerrillos,9313
2020-04-25,Cerro Navia,8144
2020-04-25,Conchali,9414
2020-04-25,El Bosque,3606
2020-04-25,Estacion Central,29550
2020-04-25,Huechuraba,2870
2020-04-25,Independencia,9330
2020-04-25,La Cisterna,24292
2020-04-25,La Florida,27738
2020-04-25,La Granja,3906
2020-04-25,La Pintana,2434
2020-04-25,La Reina,7007
2020-04-25,Las Condes,33183
2020-04-25,Lo Barnechea,3641
2020-04-25,Lo Espejo,4982
2020-04-25,Lo Prado,24270
2020-04-25,Macul,6090
2020-04-25,Maipu,27150
2020-04-25,Nunoa,21829
2020-04-25,Pedro Aguirre Cerda,6615
2020-04-25,Penalolen,13109
2020-04-25,Providencia,29172
2020-04-25,Pudahuel,18105
2020-04-25,Puente Alto,30552
2020-04-25,Quilicura,14863
2020-04-25,Quinta Normal,7773
2020-04-25,Recoleta,23230
2020-04-25,Renca,6639
2020-04-25,San Bernardo,7191
2020-04-25,San Joaquin,4497
2020-04-25,San Miguel,11273
2020-04-25,San Ramon,5625
2020-04-25,Santiago,72558
2020-04-25,Vitacura,5012
2020-04-25,-,6
2020-04-26,Cerrillos,4572
2020-04-26,Cerro Navia,4678
2020-04-26,Conchali,5061
2020-04-26,El Bosque,2197
2020-04-26,Estacion Central,15667
2020-04-26,Huechuraba,1432
2020-04-26,Independencia,5267
2020-04-26,La Cisterna,11616
2020-04-26,La Florida,14679
2020-04-26,La Granja,2062
2020-04-26,La Pintana,1332
2020-04-26,La Reina,3657
2020-04-26,Las Condes,15256
2020-04-26,Lo Barnechea,1790
2020-04-26,Lo Espejo,3047
2020-04-26,Lo Prado,11936
2020-04-26,Macul,3351
2020-04-26,Maipu,14203
2020-04-26,Nunoa,11590
2020-04-26,Pedro Aguirre Cerda,3575
2020-04-26,Penalolen,7359
2020-04-26,Providencia,12523
2020-04-26,Pudahuel,9774
2020-04-26,Puente Alto,15670
2020-04-26,Quilicura,7308
2020-04-26,Quinta Normal,4244
2020-04-26,Recoleta,11559
2020-04-26,Renca,3541
2020-04-26,San Bernardo,4456
2020-04-26,San Joaquin,2300
2020-04-26,San Miguel,6341
2020-04-26,San Ramon,2659
2020-04-26,Santiago,38038
2020-04-26,Vitacura,2263
2020-04-26,-,2
2020-04-27,Cerrillos,19040
2020-04-27,Cerro Navia,14747
2020-04-27,Conchali,17507
2020-04-27,El Bosque,6735
2020-04-27,Estacion Central,56386
2020-04-27,Huechuraba,6459
2020-04-27,Independencia,16038
2020-04-27,La Cisterna,46670
2020-04-27,La Florida,52397
2020-04-27,La Granja,6926
2020-04-27,La Pintana,4291
2020-04-27,La Reina,13424
2020-04-27,Las Condes,67335
2020-04-27,Lo Barnechea,6289
2020-04-27,Lo Espejo,8347
2020-04-27,Lo Prado,53418
2020-04-27,Macul,12327
2020-04-27,Maipu,47056
2020-04-27,Nunoa,40494
2020-04-27,Pedro Aguirre Cerda,12707
2020-04-27,Penalolen,22825
2020-04-27,Providencia,69989
2020-04-27,Pudahuel,34399
2020-04-27,Puente Alto,59706
2020-04-27,Quilicura,31522
2020-04-27,Quinta Normal,14520
2020-04-27,Recoleta,43178
2020-04-27,Renca,13532
2020-04-27,San Bernardo,14091
2020-04-27,San Joaquin,9323
2020-04-27,San Miguel,22300
2020-04-27,San Ramon,11553
2020-04-27,Santiago,132807
2020-04-27,Vitacura,9963
2020-04-27,-,7
2020-04-28,Cerrillos,18502
2020-04-28,Cerro Navia,14003
2020-04-28,Conchali,17226
2020-04-28,El Bosque,6755
2020-04-28,Estacion Central,53865
2020-04-28,Huechuraba,6049
2020-04-28,Independencia,16321
2020-04-28,La Cisterna,44919
2020-04-28,La Florida,51629
2020-04-28,La Granja,6752
2020-04-28,La Pintana,4256
2020-04-28,La Reina,12907
2020-04-28,Las Condes,66142
2020-04-28,Lo Barnechea,6043
2020-04-28,Lo Espejo,8270
2020-04-28,Lo Prado,52629
2020-04-28,Macul,11766
2020-04-28,Maipu,46421
2020-04-28,Nunoa,39648
2020-04-28,Pedro Aguirre Cerda,12724
2020-04-28,Penalolen,22492
2020-04-28,Providencia,68905
2020-04-28,Pudahuel,33166
2020-04-28,Puente Alto,57516
2020-04-28,Quilicura,30287
2020-04-28,Quinta Normal,14618
2020-04-28,Recoleta,42704
2020-04-28,Renca,13856
2020-04-28,San Bernardo,13875
2020-04-28,San Joaquin,9287
2020-04-28,San Miguel,21573
2020-04-28,San Ramon,11093
2020-04-28,Santiago,131001
2020-04-28,Vitacura,9805
2020-04-28,-,12
2020-04-29,Cerrillos,16175
2020-04-29,Cerro Navia,19627
2020-04-29,Conchali,14340
2020-04-29,El Bosque,5468
2020-04-29,Estacion Central,53543
2020-04-29,Huechuraba,14412
2020-04-29,Independencia,14117
2020-04-29,La Cisterna,47884
2020-04-29,La Florida,54523
2020-04-29,La Granja,4492
2020-04-29,La Pintana,7130
2020-04-29,La Reina,12027
2020-04-29,Las Condes,69487
2020-04-29,Lo Barnechea,6549
2020-04-29,Lo Espejo,8207
2020-04-29,Lo Prado,51265
2020-04-29,Macul,9873
2020-04-29,Maipu,64119
2020-04-29,Nunoa,32695
2020-04-29,Pedro Aguirre Cerda,11296
2020-04-29,Penalolen,40760
2020-04-29,Providencia,62081
2020-04-29,Pudahuel,45008
2020-04-29,Puente Alto,70097
2020-04-29,Quilicura,38883
2020-04-29,Quinta Normal,9367
2020-04-29,Recoleta,44786
2020-04-29,Renca,15996
2020-04-29,San Bernardo,22832
2020-04-29,San Joaquin,8729
2020-04-29,San Miguel,19827
2020-04-29,San Ramon,11135
2020-04-29,Santiago,107929
2020-04-29,Vitacura,7472
2020-04-29,-,789
2020-04-30,Cerrillos,17685
2020-04-30,Cerro Navia,21422
2020-04-30,Conchali,15361
2020-04-30,El Bosque,5921
2020-04-30,Estacion Central,56412
2020-04-30,Huechuraba,14835
2020-04-30,Independencia,15329
2020-04-30,La Cisterna,51790
2020-04-30,La Florida,56498
2020-04-30,La Granja,5061
2020-04-30,La Pintana,6675
2020-04-30,La Reina,13370
2020-04-30,Las Condes,76150
2020-04-30,Lo Barnechea,7553
2020-04-30,Lo Espejo,8958
2020-04-30,Lo Prado,54026
2020-04-30,Macul,10480
2020-04-30,Maipu,67218
2020-04-30,Nunoa,34961
2020-04-30,Pedro Aguirre Cerda,12349
2020-04-30,Penalolen,42765
2020-04-30,Providencia,65662
2020-04-30,Pudahuel,48039
2020-04-30,Puente Alto,73674
2020-04-30,Quilicura,40778
2020-04-30,Quinta Normal,10447
2020-04-30,Recoleta,48767
2020-04-30,Renca,15969
2020-04-30,San Bernardo,24889
2020-04-30,San Joaquin,8649
2020-04-30,San Miguel,21413
2020-04-30,San Ramon,11921
2020-04-30,Santiago,116294
2020-04-30,Vitacura,7423
2020-04-30,-,211
2020-05-01,Cerrillos,4599
2020-05-01,Cerro Navia,5332
2020-05-01,Conchali,5630
2020-05-01,El Bosque,2523
2020-05-01,Estacion Central,11559
2020-05-01,Huechuraba,1390
2020-05-01,Independencia,4469
2020-05-01,La Cisterna,13754
2020-05-01,La Florida,15384
2020-05-01,La Granja,2166
2020-05-01,La Pintana,1190
2020-05-01,La Reina,3567
2020-05-01,Las Condes,16487
2020-05-01,Lo Barnechea,2034
2020-05-01,Lo Espejo,3325
2020-05-01,Lo Prado,13418
2020-05-01,Macul,3230
2020-05-01,Maipu,12350
2020-05-01,Nunoa,12209
2020-05-01,Pedro Aguirre Cerda,4348
2020-05-01,Penalolen,6926
2020-05-01,Providencia,14435
2020-05-01,Pudahuel,11135
2020-05-01,Puente Alto,16196
2020-05-01,Quilicura,8374
2020-05-01,Quinta Normal,5175
2020-05-01,Recoleta,13210
2020-05-01,Renca,3951
2020-05-01,San Bernardo,4005
2020-05-01,San Joaquin,2335
2020-05-01,San Miguel,6654
2020-05-01,San Ramon,2560
2020-05-01,Santiago,42580
2020-05-01,Vitacura,2595
2020-05-01,-,4
2020-05-02,Cerrillos,8871
2020-05-02,Cerro Navia,8444
2020-05-02,Conchali,9408
2020-05-02,El Bosque,3837
2020-05-02,Estacion Central,21354
2020-05-02,Huechuraba,2927
2020-05-02,Independencia,7898
2020-05-02,La Cisterna,24064
2020-05-02,La Florida,28511
2020-05-02,La Granja,3677
2020-05-02,La Pintana,2353
2020-05-02,La Reina,6821
2020-05-02,Las Condes,31352
2020-05-02,Lo Barnechea,3535
2020-05-02,Lo Espejo,5140
2020-05-02,Lo Prado,23193
2020-05-02,Macul,5942
2020-05-02,Maipu,26366
2020-05-02,Nunoa,22468
2020-05-02,Pedro Aguirre Cerda,7643
2020-05-02,Penalolen,13281
2020-05-02,Providencia,28234
2020-05-02,Pudahuel,18420
2020-05-02,Puente Alto,29220
2020-05-02,Quilicura,15169
2020-05-02,Quinta Normal,9176
2020-05-02,Recoleta,25492
2020-05-02,Renca,7350
2020-05-02,San Bernardo,7241
2020-05-02,San Joaquin,4501
2020-05-02,San Miguel,12805
2020-05-02,San Ramon,5460
2020-05-02,Santiago,75100
2020-05-02,Vitacura,4842
2020-05-03,Cerrillos,5096
2020-05-03,Cerro Navia,5662
2020-05-03,Conchali,5761
2020-05-03,El Bosque,2650
2020-05-03,Estacion Central,12868
2020-05-03,Huechuraba,1659
2020-05-03,Independencia,4794
2020-05-03,La Cisterna,13141
2020-05-03,La Florida,16696
2020-05-03,La Granja,2305
2020-05-03,La Pintana,1362
2020-05-03,La Reina,3999
2020-05-03,Las Condes,16883
2020-05-03,Lo Barnechea,1932
2020-05-03,Lo Espejo,3670
2020-05-03,Lo Prado,12763
2020-05-03,Macul,3600
2020-05-03,Maipu,15375
2020-05-03,Nunoa,12561
2020-05-03,Pedro Aguirre Cerda,4481
2020-05-03,Penalolen,8037
2020-05-03,Providencia,13359
2020-05-03,Pudahuel,10811
2020-05-03,Puente Alto,18090
2020-05-03,Quilicura,8574
2020-05-03,Quinta Normal,5570
2020-05-03,Recoleta,13093
2020-05-03,Renca,4269
2020-05-03,San Bernardo,5218
2020-05-03,San Joaquin,2464
2020-05-03,San Miguel,7366
2020-05-03,San Ramon,2739
2020-05-03,Santiago,42225
2020-05-03,Vitacura,2536
2020-05-03,-,3
2020-05-04,Cerrillos,21801
2020-05-04,Cerro Navia,16273
2020-05-04,Conchali,18919
2020-05-04,El Bosque,7928
2020-05-04,Estacion Central,48261
2020-05-04,Huechuraba,6899
2020-05-04,Independencia,14853
2020-05-04,La Cisterna,51968
2020-05-04,La Florida,58727
2020-05-04,La Granja,6896
2020-05-04,La Pintana,4566
2020-05-04,La Reina,14883
2020-05-04,Las Condes,76260
2020-05-04,Lo Barnechea,6873
2020-05-04,Lo Espejo,9568
2020-05-04,Lo Prado,57922
2020-05-04,Macul,14309
2020-05-04,Maipu,52534
2020-05-04,Nunoa,42889
2020-05-04,Pedro Aguirre Cerda,15167
2020-05-04,Penalolen,25175
2020-05-04,Providencia,77847
2020-05-04,Pudahuel,37774
2020-05-04,Puente Alto,67982
2020-05-04,Quilicura,35698
2020-05-04,Quinta Normal,17600
2020-05-04,Recoleta,52905
2020-05-04,Renca,16055
2020-05-04,San Bernardo,15196
2020-05-04,San Joaquin,10272
2020-05-04,San Miguel,25967
2020-05-04,San Ramon,11654
2020-05-04,Santiago,148065
2020-05-04,Vitacura,10784
2020-05-04,-,3
2020-05-05,Cerrillos,20817
2020-05-05,Cerro Navia,15423
2020-05-05,Conchali,18126
2020-05-05,El Bosque,7500
2020-05-05,Estacion Central,45726
2020-05-05,Huechuraba,6233
2020-05-05,Independencia,14299
2020-05-05,La Cisterna,49686
2020-05-05,La Florida,55930
2020-05-05,La Granja,6669
2020-05-05,La Pintana,4303
2020-05-05,La Reina,13979
2020-05-05,Las Condes,73880
2020-05-05,Lo Barnechea,6393
2020-05-05,Lo Espejo,9251
2020-05-05,Lo Prado,54894
2020-05-05,Macul,14048
2020-05-05,Maipu,51241
2020-05-05,Nunoa,42002
2020-05-05,Pedro Aguirre Cerda,14905
2020-05-05,Penalolen,23967
2020-05-05,Providencia,75457
2020-05-05,Pudahuel,36963
2020-05-05,Puente Alto,65388
2020-05-05,Quilicura,33186
2020-05-05,Quinta Normal,17177
2020-05-05,Recoleta,49142
2020-05-05,Renca,15178
2020-05-05,San Bernardo,14778
2020-05-05,San Joaquin,9945
2020-05-05,San Miguel,25046
2020-05-05,San Ramon,10890
2020-05-05,Santiago,141403
2020-05-05,Vitacura,10681
2020-05-05,-,3
2020-05-06,Cerrillos,14890
2020-05-06,Cerro Navia,14758
2020-05-06,Conchali,16442
2020-05-06,El Bosque,7246
2020-05-06,Estacion Central,43510
2020-05-06,Huechuraba,5489
2020-05-06,Independencia,13298
2020-05-06,La Cisterna,46852
2020-05-06,La Florida,55512
2020-05-06,La Granja,6516
2020-05-06,La Pintana,4458
2020-05-06,La Reina,13573
2020-05-06,Las Condes,71464
2020-05-06,Lo Barnechea,6585
2020-05-06,Lo Espejo,8660
2020-05-06,Lo Prado,52931
2020-05-06,Macul,14031
2020-05-06,Maipu,48180
2020-05-06,Nunoa,39325
2020-05-06,Pedro Aguirre Cerda,13787
2020-05-06,Penalolen,23848
2020-05-06,Providencia,73367
2020-05-06,Pudahuel,35278
2020-05-06,Puente Alto,68156
2020-05-06,Quilicura,23176
2020-05-06,Quinta Normal,16416
2020-05-06,Recoleta,29241
2020-05-06,Renca,14235
2020-05-06,San Bernardo,14503
2020-05-06,San Joaquin,9578
2020-05-06,San Miguel,23659
2020-05-06,San Ramon,10291
2020-05-06,Santiago,121258
2020-05-06,Vitacura,9860
2020-05-06,-,19
2020-05-07,Cerrillos,15510
2020-05-07,Cerro Navia,16172
2020-05-07,Conchali,16945
2020-05-07,El Bosque,7452
2020-05-07,Estacion Central,43964
2020-05-07,Huechuraba,5568
2020-05-07,Independencia,13327
2020-05-07,La Cisterna,49262
2020-05-07,La Florida,59037
2020-05-07,La Granja,6402
2020-05-07,La Pintana,4672
2020-05-07,La Reina,13953
2020-05-07,Las Condes,71563
2020-05-07,Lo Barnechea,6284
2020-05-07,Lo Espejo,9549
2020-05-07,Lo Prado,54123
2020-05-07,Macul,14535
2020-05-07,Maipu,48965
2020-05-07,Nunoa,40103
2020-05-07,Pedro Aguirre Cerda,14315
2020-05-07,Penalolen,25297
2020-05-07,Providencia,74464
2020-05-07,Pudahuel,36101
2020-05-07,Puente Alto,68853
2020-05-07,Quilicura,22948
2020-05-07,Quinta Normal,17102
2020-05-07,Recoleta,30324
2020-05-07,Renca,15084
2020-05-07,San Bernardo,14852
2020-05-07,San Joaquin,10131
2020-05-07,San Miguel,24696
2020-05-07,San Ramon,10810
2020-05-07,Santiago,122189
2020-05-07,Vitacura,10077
2020-05-07,-,1
2020-05-08,Cerrillos,15767
2020-05-08,Cerro Navia,16101
2020-05-08,Conchali,17497
2020-05-08,El Bosque,7420
2020-05-08,Estacion Central,44816
2020-05-08,Huechuraba,5861
2020-05-08,Independencia,13935
2020-05-08,La Cisterna,49135
2020-05-08,La Florida,57628
2020-05-08,La Granja,6582
2020-05-08,La Pintana,4583
2020-05-08,La Reina,14492
2020-05-08,Las Condes,74159
2020-05-08,Lo Barnechea,6725
2020-05-08,Lo Espejo,9274
2020-05-08,Lo Prado,55100
2020-05-08,Macul,14462
2020-05-08,Maipu,48448
2020-05-08,Nunoa,43060
2020-05-08,Pedro Aguirre Cerda,14028
2020-05-08,Penalolen,26154
2020-05-08,Providencia,76752
2020-05-08,Pudahuel,35668
2020-05-08,Puente Alto,67075
2020-05-08,Quilicura,23981
2020-05-08,Quinta Normal,16701
2020-05-08,Recoleta,30498
2020-05-08,Renca,15037
2020-05-08,San Bernardo,14586
2020-05-08,San Joaquin,9723
2020-05-08,San Miguel,25170
2020-05-08,San Ramon,11348
2020-05-08,Santiago,123487
2020-05-08,Vitacura,10324
2020-05-08,-,13
2020-05-09,Cerrillos,6576
2020-05-09,Cerro Navia,4463
2020-05-09,Conchali,5616
2020-05-09,El Bosque,3243
2020-05-09,Estacion Central,23728
2020-05-09,Huechuraba,2001
2020-05-09,Independencia,8159
2020-05-09,La Cisterna,19357
2020-05-09,La Florida,18055
2020-05-09,La Granja,1902
2020-05-09,La Pintana,1532
2020-05-09,La Reina,6698
2020-05-09,Las Condes,32418
2020-05-09,Lo Barnechea,2779
2020-05-09,Lo Espejo,2947
2020-05-09,Lo Prado,20123
2020-05-09,Macul,3745
2020-05-09,Maipu,19483
2020-05-09,Nunoa,21431
2020-05-09,Pedro Aguirre Cerda,6514
2020-05-09,Penalolen,7985
2020-05-09,Providencia,33079
2020-05-09,Pudahuel,14240
2020-05-09,Puente Alto,25167
2020-05-09,Quilicura,9773
2020-05-09,Quinta Normal,7657
2020-05-09,Recoleta,15851
2020-05-09,Renca,3907
2020-05-09,San Bernardo,6518
2020-05-09,San Joaquin,3109
2020-05-09,San Miguel,8642
2020-05-09,San Ramon,3916
2020-05-09,Santiago,65257
2020-05-09,Vitacura,3819
2020-05-10,Cerrillos,3493
2020-05-10,Cerro Navia,3442
2020-05-10,Conchali,3375
2020-05-10,El Bosque,2349
2020-05-10,Estacion Central,12186
2020-05-10,Huechuraba,1384
2020-05-10,Independencia,4688
2020-05-10,La Cisterna,8578
2020-05-10,La Florida,10497
2020-05-10,La Granja,1444
2020-05-10,La Pintana,1260
2020-05-10,La Reina,3578
2020-05-10,Las Condes,15363
2020-05-10,Lo Barnechea,1782
2020-05-10,Lo Espejo,2023
2020-05-10,Lo Prado,9911
2020-05-10,Macul,2228
2020-05-10,Maipu,13598
2020-05-10,Nunoa,11256
2020-05-10,Pedro Aguirre Cerda,3471
2020-05-10,Penalolen,5075
2020-05-10,Providencia,12851
2020-05-10,Pudahuel,9038
2020-05-10,Puente Alto,13905
2020-05-10,Quilicura,5590
2020-05-10,Quinta Normal,4544
2020-05-10,Recoleta,7951
2020-05-10,Renca,2502
2020-05-10,San Bernardo,3996
2020-05-10,San Joaquin,1569
2020-05-10,San Miguel,4586
2020-05-10,San Ramon,1886
2020-05-10,Santiago,31979
2020-05-10,Vitacura,2539
2020-05-10,-,1
2020-05-11,Cerrillos,15215
2020-05-11,Cerro Navia,10504
2020-05-11,Conchali,11896
2020-05-11,El Bosque,6827
2020-05-11,Estacion Central,42995
2020-05-11,Huechuraba,5475
2020-05-11,Independencia,12886
2020-05-11,La Cisterna,34083
2020-05-11,La Florida,34970
2020-05-11,La Granja,4409
2020-05-11,La Pintana,3570
2020-05-11,La Reina,12154
2020-05-11,Las Condes,60710
2020-05-11,Lo Barnechea,5347
2020-05-11,Lo Espejo,6148
2020-05-11,Lo Prado,44965
2020-05-11,Macul,9736
2020-05-11,Maipu,45396
2020-05-11,Nunoa,38909
2020-05-11,Pedro Aguirre Cerda,12217
2020-05-11,Penalolen,14619
2020-05-11,Providencia,62335
2020-05-11,Pudahuel,30978
2020-05-11,Puente Alto,50163
2020-05-11,Quilicura,23678
2020-05-11,Quinta Normal,14635
2020-05-11,Recoleta,28116
2020-05-11,Renca,9987
2020-05-11,San Bernardo,12599
2020-05-11,San Joaquin,6433
2020-05-11,San Miguel,15829
2020-05-11,San Ramon,7921
2020-05-11,Santiago,112042
2020-05-11,Vitacura,8619
2020-05-12,Cerrillos,15038
2020-05-12,Cerro Navia,10228
2020-05-12,Conchali,11756
2020-05-12,El Bosque,6532
2020-05-12,Estacion Central,39823
2020-05-12,Huechuraba,5225
2020-05-12,Independencia,12805
2020-05-12,La Cisterna,33740
2020-05-12,La Florida,33949
2020-05-12,La Granja,4331
2020-05-12,La Pintana,3553
2020-05-12,La Reina,11807
2020-05-12,Las Condes,58625
2020-05-12,Lo Barnechea,5038
2020-05-12,Lo Espejo,6034
2020-05-12,Lo Prado,44276
2020-05-12,Macul,9879
2020-05-12,Maipu,42433
2020-05-12,Nunoa,37521
2020-05-12,Pedro Aguirre Cerda,12002
2020-05-12,Penalolen,14570
2020-05-12,Providencia,60679
2020-05-12,Pudahuel,29656
2020-05-12,Puente Alto,48264
2020-05-12,Quilicura,22782
2020-05-12,Quinta Normal,14295
2020-05-12,Recoleta,27730
2020-05-12,Renca,10004
2020-05-12,San Bernardo,12005
2020-05-12,San Joaquin,6466
2020-05-12,San Miguel,15661
2020-05-12,San Ramon,7731
2020-05-12,Santiago,109446
2020-05-12,Vitacura,8026
2020-05-12,-,11
2020-05-13,Cerrillos,14911
2020-05-13,Cerro Navia,10455
2020-05-13,Conchali,11799
2020-05-13,El Bosque,6373
2020-05-13,Estacion Central,39950
2020-05-13,Huechuraba,4871
2020-05-13,Independencia,12675
2020-05-13,La Cisterna,33697
2020-05-13,La Florida,34061
2020-05-13,La Granja,4294
2020-05-13,La Pintana,3541
2020-05-13,La Reina,12108
2020-05-13,Las Condes,58701
2020-05-13,Lo Barnechea,5064
2020-05-13,Lo Espejo,6206
2020-05-13,Lo Prado,43603
2020-05-13,Macul,10247
2020-05-13,Maipu,43264
2020-05-13,Nunoa,37678
2020-05-13,Pedro Aguirre Cerda,12068
2020-05-13,Penalolen,14498
2020-05-13,Providencia,61157
2020-05-13,Pudahuel,30562
2020-05-13,Puente Alto,48311
2020-05-13,Quilicura,22386
2020-05-13,Quinta Normal,14089
2020-05-13,Recoleta,27719
2020-05-13,Renca,10099
2020-05-13,San Bernardo,12006
2020-05-13,San Joaquin,6543
2020-05-13,San Miguel,15366
2020-05-13,San Ramon,7957
2020-05-13,Santiago,108158
2020-05-13,Vitacura,7974
2020-05-14,Cerrillos,15525
2020-05-14,Cerro Navia,10823
2020-05-14,Conchali,12034
2020-05-14,El Bosque,6651
2020-05-14,Estacion Central,40973
2020-05-14,Huechuraba,4947
2020-05-14,Independencia,12982
2020-05-14,La Cisterna,33671
2020-05-14,La Florida,35278
2020-05-14,La Granja,4228
2020-05-14,La Pintana,3293
2020-05-14,La Reina,12232
2020-05-14,Las Condes,59758
2020-05-14,Lo Barnechea,5073
2020-05-14,Lo Espejo,6230
2020-05-14,Lo Prado,44448
2020-05-14,Macul,10284
2020-05-14,Maipu,45963
2020-05-14,Nunoa,38896
2020-05-14,Pedro Aguirre Cerda,12482
2020-05-14,Penalolen,15062
2020-05-14,Providencia,63641
2020-05-14,Pudahuel,32106
2020-05-14,Puente Alto,49425
2020-05-14,Quilicura,23246
2020-05-14,Quinta Normal,14751
2020-05-14,Recoleta,28621
2020-05-14,Renca,10100
2020-05-14,San Bernardo,12389
2020-05-14,San Joaquin,6539
2020-05-14,San Miguel,15955
2020-05-14,San Ramon,8329
2020-05-14,Santiago,111500
2020-05-14,Vitacura,8362
2020-05-14,-,8
2020-05-15,Cerrillos,15439
2020-05-15,Cerro Navia,11625
2020-05-15,Conchali,11479
2020-05-15,El Bosque,6577
2020-05-15,Estacion Central,41915
2020-05-15,Huechuraba,4924
2020-05-15,Independencia,14410
2020-05-15,La Cisterna,35870
2020-05-15,La Florida,36461
2020-05-15,La Granja,4821
2020-05-15,La Pintana,3522
2020-05-15,La Reina,12639
2020-05-15,Las Condes,61566
2020-05-15,Lo Barnechea,5197
2020-05-15,Lo Espejo,6546
2020-05-15,Lo Prado,45202
2020-05-15,Macul,10849
2020-05-15,Maipu,45174
2020-05-15,Nunoa,40293
2020-05-15,Pedro Aguirre Cerda,12848
2020-05-15,Penalolen,15733
2020-05-15,Providencia,66222
2020-05-15,Pudahuel,32987
2020-05-15,Puente Alto,46714
2020-05-15,Quilicura,24115
2020-05-15,Quinta Normal,15497
2020-05-15,Recoleta,28917
2020-05-15,Renca,10709
2020-05-15,San Bernardo,12573
2020-05-15,San Joaquin,6570
2020-05-15,San Miguel,16984
2020-05-15,San Ramon,8708
2020-05-15,Santiago,115580
2020-05-15,Vitacura,8362
2020-05-15,-,7
