date,comuna,IM_interno,IM_externo,IM
2020-02-26,La Serena,"7,842178675920255","2,3783765394298158","10,220555215350071"
2020-02-27,La Serena,"7,886014152548139","2,3454446485677347","10,231458801115874"
2020-02-28,La Serena,"8,238552085459618","2,4069538000952573","10,645505885554876"
2020-02-29,La Serena,"7,236425801183915","2,242430427978499","9,478856229162414"
2020-03-01,La Serena,"5,994743825270463","1,981816016874192","7,976559842144655"
2020-03-02,La Serena,"8,341141049193713","2,130383751786079","10,471524800979791"
2020-03-03,La Serena,"8,113815744709806","2,0988296931346535","10,21264543784446"
2020-03-04,La Serena,"8,03402054841124","2,082499829897258","10,116520378308497"
2020-03-05,La Serena,"8,287422603252365","2,087432809416888","10,374855412669252"
2020-03-06,La Serena,"8,48710621215214","2,218905218752126","10,706011430904265"
2020-03-07,La Serena,"6,480948492889706","1,8588487446417636","8,339797237531469"
2020-03-08,La Serena,"5,546523099952371","1,6067224603660613","7,153245560318433"
2020-03-09,La Serena,"7,893549704021229","1,9222630468803157","9,815812750901545"
2020-03-10,La Serena,"8,075168401714636","1,9741443832074572","10,049312784922094"
2020-03-11,La Serena,"7,709583588487447","1,9177042933932094","9,627287881880656"
2020-03-12,La Serena,"7,949853711641832","1,9877185820235423","9,937572293665374"
2020-03-13,La Serena,"8,3187044975165","2,152122882220861","10,470827379737361"
2020-03-14,La Serena,"6,618680683132612","1,892733210859359","8,511413893991971"
2020-03-15,La Serena,"5,338759610804926","1,6143770837585902","6,953136694563517"
2020-03-16,La Serena,"7,120211607811118","1,7963359869361093","8,916547594747227"
2020-03-17,La Serena,"6,327856025039123","1,6690481050554535","7,996904130094577"
2020-03-18,La Serena,"6,2313907600190515","1,658093488467034","7,889484248486085"
2020-03-19,La Serena,"5,516806150915153","1,469670681091379","6,986476832006533"
2020-03-20,La Serena,"5,428658909981629","1,4597877117779139","6,8884466217595435"
2020-03-21,La Serena,"4,673351704429475","1,2453561951418657","5,9187078995713405"
2020-03-22,La Serena,"3,8255256174729535","0,9772402531128802","4,802765870585834"
2020-03-23,La Serena,"5,061509151527523","1,3145880111587398","6,376097162686262"
2020-03-24,La Serena,"4,817717901612574","1,2894638361570387","6,107181737769613"
2020-03-25,La Serena,"4,832176634687351","1,2796829284888074","6,111859563176159"
2020-03-26,La Serena,"4,857011635027557","1,2723344900319793","6,129346125059536"
2020-03-27,La Serena,"5,05045247329387","1,3261549976185616","6,376607470912432"
2020-03-28,La Serena,"4,35738586106008","1,1298054024630877","5,487191263523168"
2020-03-29,La Serena,"3,7809246785058175","0,9867660066680275","4,767690685173845"
2020-03-30,La Serena,"5,123749744845887","1,3206436687759409","6,444393413621828"
2020-03-31,La Serena,"5,319963257807716","1,3930564060692658","6,713019663876982"
2020-04-01,La Serena,"5,254609784309723","1,3788698373817785","6,633479621691501"
2020-04-02,La Serena,"5,080832823025107","1,2923385724977887","6,3731713955228955"
2020-04-03,La Serena,"5,303565353473498","1,3979553650404846","6,701520718513983"
2020-04-04,La Serena,"4,645795060216371","1,1907532149418247","5,836548275158195"
2020-04-05,La Serena,"3,9345784854051846","1,026825202422263","4,961403687827447"
2020-04-06,La Serena,"5,339950329999319","1,3578621487378375","6,697812478737157"
2020-04-07,La Serena,"5,233568075117371","1,3920527998911343","6,625620875008505"
2020-04-08,La Serena,"4,930547050418452","1,3219194393413622","6,252466489759815"
2020-04-09,La Serena,"5,148567734911887","1,3643600734843846","6,512927808396271"
2020-04-10,La Serena,"3,872661087296727","0,9748588147240933","4,847519902020821"
2020-04-11,La Serena,"3,945226917057903","1,0003402054841124","4,945567122542015"
2020-04-12,La Serena,"3,720078927672314","0,9358712662448119","4,655950193917126"
2020-02-26,Coquimbo,"6,626607523554088","2,7900763358778624","9,41668385943195"
2020-02-27,Coquimbo,"6,579533732205488","2,7408878343992846","9,320421566604772"
2020-02-28,Coquimbo,"6,591224812598859","2,819647892166976","9,410872704765834"
2020-02-29,Coquimbo,"6,190117598514545","2,6173750085963827","8,807492607110929"
2020-03-01,Coquimbo,"5,650866515370332","2,3434254865552573","7,994292001925589"
2020-03-02,Coquimbo,"6,157055910872705","2,4863661371294956","8,6434220480022"
2020-03-03,Coquimbo,"6,114710129977306","2,433395227288357","8,548105357265662"
2020-03-04,Coquimbo,"6,051922151158792","2,417526304930885","8,469448456089678"
2020-03-05,Coquimbo,"6,068117736056667","2,455711436627467","8,523829172684135"
2020-03-06,Coquimbo,"6,362457877725054","2,596760883020425","8,959218760745479"
2020-03-07,Coquimbo,"5,669520665703872","2,1878825390275773","7,857403204731449"
2020-03-08,Coquimbo,"5,228423079568118","1,8977890103844302","7,126212089952547"
2020-03-09,Coquimbo,"6,090124475620659","2,258252527336497","8,348377002957156"
2020-03-10,Coquimbo,"6,068410013066502","2,289646516745753","8,358056529812256"
2020-03-11,Coquimbo,"5,819905783646242","2,238945051922151","8,058850835568393"
2020-03-12,Coquimbo,"6,183034179217385","2,3358950553607043","8,518929234578088"
2020-03-13,Coquimbo,"6,523949522041125","2,5576817275290558","9,081631249570181"
2020-03-14,Coquimbo,"5,760229695344199","2,2239873461247504","7,984217041468949"
2020-03-15,Coquimbo,"5,2630149233202665","1,9238360497902482","7,186850973110515"
2020-03-16,Coquimbo,"5,762567911422873","2,1436455539508974","7,906213465373771"
2020-03-17,Coquimbo,"5,30553263186851","1,993552713018362","7,299085344886872"
2020-03-18,Coquimbo,"5,2561034316759505","1,9951344474245238","7,251237879100474"
2020-03-19,Coquimbo,"4,989856268482223","1,8012688260779863","6,7911250945602095"
2020-03-20,Coquimbo,"5,01755381335534","1,811704834605598","6,829258647960938"
2020-03-21,Coquimbo,"4,31545285743759","1,5086995392338904","5,82415239667148"
2020-03-22,Coquimbo,"3,823567842651812","1,2012585104188158","5,024826353070628"
2020-03-23,Coquimbo,"4,5492744653049995","1,61622309332233","6,1654975586273295"
2020-03-24,Coquimbo,"4,498865277491232","1,5919469087408018","6,090812186232034"
2020-03-25,Coquimbo,"4,58737363317516","1,56777388075098","6,15514751392614"
2020-03-26,Coquimbo,"4,637765628223644","1,558988377690668","6,196754005914311"
2020-03-27,Coquimbo,"4,748194759645141","1,6102228182380853","6,358417577883227"
2020-03-28,Coquimbo,"4,300340416752631","1,3742349219448458","5,674575338697476"
2020-03-29,Coquimbo,"3,89003507324118","1,1914930197372944","5,081528092978474"
2020-03-30,Coquimbo,"4,719482841620247","1,5733443367031152","6,292827178323362"
2020-03-31,Coquimbo,"4,87303142837494","1,6846331063888316","6,557664534763772"
2020-04-01,Coquimbo,"4,809933979781308","1,6603053435114503","6,470239323292758"
2020-04-02,Coquimbo,"4,6583797537996015","1,5581459321917337","6,216525685991336"
2020-04-03,Coquimbo,"5,086324874492814","1,6850629255209408","6,771387800013755"
2020-04-04,Coquimbo,"4,452754280998556","1,4396877793824359","5,892442060380992"
2020-04-05,Coquimbo,"3,9953579533732206","1,2452204112509455","5,240578364624167"
2020-04-06,Coquimbo,"4,758768310295028","1,6194553331957913","6,378223643490819"
2020-04-07,Coquimbo,"4,817309676088302","1,6813664809848015","6,498676157073103"
2020-04-08,Coquimbo,"4,53947458909291","1,6092600233821608","6,148734612475071"
2020-04-09,Coquimbo,"4,8488927859156865","1,664775462485386","6,513668248401073"
2020-04-10,Coquimbo,"3,952341654631731","1,1705350388556495","5,122876693487381"
2020-04-11,Coquimbo,"3,9719757925864796","1,2120899525479678","5,184065745134447"
2020-04-12,Coquimbo,"3,826834468055842","1,1358572312770785","4,96269169933292"
2020-02-26,Canela,"1,426246537396122","8,945637119113574","10,371883656509695"
2020-02-27,Canela,"1,4629501385041552","9,233379501385041","10,696329639889196"
2020-02-28,Canela,"1,442174515235457","8,808864265927978","10,251038781163436"
2020-02-29,Canela,"1,3885041551246537","8,035664819944598","9,424168975069252"
2020-03-01,Canela,"1,3400277008310248","7,598337950138504","8,938365650969528"
2020-03-02,Canela,"1,2655817174515236","7,260387811634349","8,525969529085872"
2020-03-03,Canela,"1,4823407202216066","6,34106648199446","7,823407202216067"
2020-03-04,Canela,"1,2222991689750693","6,469182825484765","7,691481994459834"
2020-03-05,Canela,"1,1641274238227146","6,070983379501385","7,235110803324099"
2020-03-06,Canela,"1,3424515235457064","7,006578947368421","8,349030470914128"
2020-03-07,Canela,"1,202562326869806","5,876385041551247","7,078947368421053"
2020-03-08,Canela,"1,1253462603878117","5,319598337950138","6,444944598337949"
2020-03-09,Canela,"1,1956371191135735","5,962603878116344","7,1582409972299175"
2020-03-10,Canela,"1,5221606648199446","5,661703601108034","7,183864265927978"
2020-03-11,Canela,"1,1717451523545706","5,877423822714682","7,049168975069252"
2020-03-12,Canela,"1,3289473684210527","5,988227146814404","7,3171745152354575"
2020-03-13,Canela,"1,3573407202216066","7,15270083102493","8,510041551246537"
2020-03-14,Canela,"1,324792243767313","5,671398891966759","6,9961911357340725"
2020-03-15,Canela,"1,145775623268698","5,47680055401662","6,6225761772853176"
2020-03-16,Canela,"1,1890581717451523","6,0238919667590025","7,212950138504155"
2020-03-17,Canela,"1,255540166204986","5,167936288088643","6,423476454293629"
2020-03-18,Canela,"1,1014542936288088","5,346260387811634","6,447714681440443"
2020-03-19,Canela,"1,1589335180055402","4,806786703601109","5,965720221606649"
2020-03-20,Canela,"1,203601108033241","4,575831024930748","5,779432132963989"
2020-03-21,Canela,"0,921398891966759","3,1994459833795013","4,12084487534626"
2020-03-22,Canela,"0,9040858725761773","2,509695290858726","3,413781163434903"
2020-03-23,Canela,"1,1101108033240996","3,129847645429363","4,2399584487534625"
2020-03-24,Canela,"1,110803324099723","3,4757617728531853","4,586565096952908"
2020-03-25,Canela,"1,0751385041551247","3,3386426592797784","4,413781163434903"
2020-03-26,Canela,"1,0457063711911356","3,352146814404432","4,397853185595568"
2020-03-27,Canela,"1,0155817174515236","3,205678670360111","4,221260387811634"
2020-03-28,Canela,"0,872229916897507","2,3898891966759","3,262119113573407"
2020-03-29,Canela,"0,9103185595567868","1,9563711911357342","2,866689750692521"
2020-03-30,Canela,"1,0294321329639888","2,521814404432133","3,551246537396122"
2020-03-31,Canela,"1,1700138504155124","3,6028393351800556","4,772853185595568"
2020-04-01,Canela,"1,047437673130194","3,189750692520776","4,23718836565097"
2020-04-02,Canela,"1,1236149584487534","2,932825484764543","4,0564404432132966"
2020-04-03,Canela,"1,0533240997229918","3,0342797783933517","4,087603878116344"
2020-04-04,Canela,"1,0692520775623269","2,468836565096953","3,5380886426592797"
2020-04-05,Canela,"0,9331717451523546","2,1239612188365653","3,05713296398892"
2020-04-06,Canela,"0,9813019390581718","2,5363573407202216","3,5176592797783934"
2020-04-07,Canela,"1,113573407202216","3,4653739612188366","4,578947368421053"
2020-04-08,Canela,"1,1204986149584488","3,1184210526315788","4,238919667590028"
2020-04-09,Canela,"1,145775623268698","2,9993074792243766","4,145083102493075"
2020-04-10,Canela,"0,8694598337950139","1,6662049861495845","2,535664819944598"
2020-04-11,Canela,"0,8767313019390581","1,4113573407202216","2,2880886426592797"
2020-04-12,Canela,"0,8666897506925207","1,5432825484764543","2,409972299168975"
2020-02-26,Ovalle,"6,445267040731505","1,1462489609310058","7,5915160016625105"
2020-02-27,Ovalle,"6,302498960931006","1,1144014962593518","7,416900457190358"
2020-02-28,Ovalle,"6,80613570241064","1,1967996674979218","8,002935369908561"
2020-02-29,Ovalle,"6,510754364089776","1,1411834995843724","7,6519378636741475"
2020-03-01,Ovalle,"5,563798836242727","1,0424719451371571","6,606270781379884"
2020-03-02,Ovalle,"7,0144430590191185","1,0497973815461346","8,064240440565253"
2020-03-03,Ovalle,"6,712931213632586","0,967918744804655","7,680849958437241"
2020-03-04,Ovalle,"6,840840606816292","0,9666199085619285","7,807460515378221"
2020-03-05,Ovalle,"6,715347049044056","0,9294472152950957","7,644794264339152"
2020-03-06,Ovalle,"7,231322734829592","1,0527847049044057","8,284107439733997"
2020-03-07,Ovalle,"6,147236076475478","0,9177317123857025","7,06496778886118"
2020-03-08,Ovalle,"5,215658769742311","0,8007325436408977","6,016391313383209"
2020-03-09,Ovalle,"6,970854114713217","0,9411886949293433","7,912042809642561"
2020-03-10,Ovalle,"6,673602452202826","0,9182772236076475","7,591879675810474"
2020-03-11,Ovalle,"6,590347049044056","0,9046134663341646","7,494960515378221"
2020-03-12,Ovalle,"6,519794264339152","0,9010806317539485","7,420874896093101"
2020-03-13,Ovalle,"7,092788861180383","1,0699293433083956","8,162718204488778"
2020-03-14,Ovalle,"5,9785172485453035","0,8954177057356609","6,873934954280965"
2020-03-15,Ovalle,"5,166640689941812","0,8073046550290939","5,973945344970906"
2020-03-16,Ovalle,"6,296342477140482","0,949007689110557","7,245350166251039"
2020-03-17,Ovalle,"5,651704073150457","0,8383208645054032","6,4900249376558605"
2020-03-18,Ovalle,"5,817695344970906","0,859673732335827","6,677369077306732"
2020-03-19,Ovalle,"5,5683967165419785","0,7957709891936824","6,364167705735661"
2020-03-20,Ovalle,"5,549070033250207","0,8601672901080633","6,409237323358271"
2020-03-21,Ovalle,"4,7490648379052365","0,6391832917705735","5,3882481296758105"
2020-03-22,Ovalle,"3,9800758520365753","0,49514235245220284","4,475218204488778"
2020-03-23,Ovalle,"5,362011637572735","0,6936824605153782","6,055694098088113"
2020-03-24,Ovalle,"4,83852867830424","0,6861232335827099","5,5246519118869495"
2020-03-25,Ovalle,"4,818370739817124","0,6839152119700749","5,502285951787199"
2020-03-26,Ovalle,"4,830943474646716","0,6191552369077307","5,450098711554447"
2020-03-27,Ovalle,"4,843905860349127","0,6432096841230257","5,487115544472153"
2020-03-28,Ovalle,"4,296939941812136","0,5088840399002494","4,805823981712385"
2020-03-29,Ovalle,"3,652717165419784","0,42383624272651704","4,076553408146301"
2020-03-30,Ovalle,"4,8267352452202825","0,6082709891936824","5,435006234413965"
2020-03-31,Ovalle,"4,907730673316708","0,7318422693266833","5,639572942643391"
2020-04-01,Ovalle,"4,982907315045719","0,6681733167082294","5,651080631753949"
2020-04-02,Ovalle,"4,705086242726517","0,6277015793848713","5,3327878221113885"
2020-04-03,Ovalle,"5,089230049875312","0,6829280964256027","5,772158146300915"
2020-04-04,Ovalle,"4,539328761429759","0,5587073981712385","5,098036159600997"
2020-04-05,Ovalle,"3,783068370739817","0,45552784704904403","4,238596217788861"
2020-04-06,Ovalle,"5,088996259351621","0,6393651288445553","5,728361388196176"
2020-04-07,Ovalle,"4,950124688279302","0,6922797173732336","5,6424044056525355"
2020-04-08,Ovalle,"4,893157730673317","0,6837333748960931","5,57689110556941"
2020-04-09,Ovalle,"4,954852452202826","0,664380714879468","5,619233167082294"
2020-04-10,Ovalle,"3,8079540731504573","0,4290835411471322","4,23703761429759"
2020-04-11,Ovalle,"3,8328917290108064","0,399392144638404","4,2322838736492105"
2020-04-12,Ovalle,"3,609465918536991","0,3808967165419784","3,9903626350789696"
2020-02-26,Andacollo,"4,9986923831317425","6,2281791435109515","11,226871526642693"
2020-02-27,Andacollo,"4,731284733573063","5,593658058188951","10,324942791762014"
2020-02-28,Andacollo,"4,513239620791108","5,718208564890487","10,231448185681595"
2020-02-29,Andacollo,"4,273618829682903","5,348152991173587","9,62177182085649"
2020-03-01,Andacollo,"4,3403072899640405","5,047401111474338","9,387708401438378"
2020-03-02,Andacollo,"4,81203007518797","5,146779993461916","9,958810068649885"
2020-03-03,Andacollo,"4,793396534815299","5,151683556717882","9,945080091533182"
2020-03-04,Andacollo,"4,6946714612618505","5,116377901274927","9,811049362536778"
2020-03-05,Andacollo,"4,820856489048709","6,053939195815627","10,874795684864335"
2020-03-06,Andacollo,"4,594311866623079","5,881660673422687","10,475972540045767"
2020-03-07,Andacollo,"4,402419091206276","5,054593004249755","9,457012095456031"
2020-03-08,Andacollo,"4,294867603792089","4,634194181104936","8,929061784897026"
2020-03-09,Andacollo,"4,655769859431187","5,274599542334096","9,930369401765283"
2020-03-10,Andacollo,"4,858450474011115","5,120627656096763","9,97907813010788"
2020-03-11,Andacollo,"4,553775743707094","5,001961425302387","9,55573716900948"
2020-03-12,Andacollo,"4,73030402092187","5,278522392938869","10,008826413860739"
2020-03-13,Andacollo,"4,739784243216738","6,01340307289964","10,753187316116378"
2020-03-14,Andacollo,"4,48512585812357","5,0408630271330495","9,52598888525662"
2020-03-15,Andacollo,"4,378228179143511","4,7567832625040865","9,135011441647597"
2020-03-16,Andacollo,"4,6645962732919255","5,317423994769532","9,982020268061458"
2020-03-17,Andacollo,"4,7466492317750895","5,025171624713959","9,771820856489049"
2020-03-18,Andacollo,"4,679633867276888","5,04380516508663","9,723439032363517"
2020-03-19,Andacollo,"4,695325269695979","5,037267080745342","9,73259235044132"
2020-03-20,Andacollo,"4,457012095456031","5,105590062111801","9,562602157567833"
2020-03-21,Andacollo,"4,365152010460935","4,046420398823145","8,41157240928408"
2020-03-22,Andacollo,"4,086302713305002","3,3305001634521085","7,41680287675711"
2020-03-23,Andacollo,"4,385093167701863","4,774109186008499","9,159202353710363"
2020-03-24,Andacollo,"4,540045766590389","4,5913697286695","9,131415495259889"
2020-03-25,Andacollo,"4,739130434782608","4,498202026806146","9,237332461588753"
2020-03-26,Andacollo,"4,443282118339327","4,317750898986597","8,761033017325925"
2020-03-27,Andacollo,"4,723765936580582","4,526642693690748","9,25040863027133"
2020-03-28,Andacollo,"4,415495259888853","3,869892121608369","8,285387381497221"
2020-03-29,Andacollo,"4,259888852566198","3,2680614579928084","7,527950310559007"
2020-03-30,Andacollo,"4,611637790127492","4,403072899640406","9,014710689767899"
2020-03-31,Andacollo,"4,614253023864008","4,636482510624387","9,250735534488395"
2020-04-01,Andacollo,"4,608041843739784","4,49852893102321","9,106570774762993"
2020-04-02,Andacollo,"4,486760379208892","4,299771167048055","8,786531546256947"
2020-04-03,Andacollo,"4,666557698594312","4,724092840797646","9,39065053939196"
2020-04-04,Andacollo,"4,460934946060804","4,041516835567179","8,502451781627983"
2020-04-05,Andacollo,"4,217064400130762","3,5299117358613925","7,7469761359921545"
2020-04-06,Andacollo,"4,412553121935273","4,4351095129127165","8,847662634847989"
2020-04-07,Andacollo,"4,423994769532527","4,5913697286695","9,015364498202027"
2020-04-08,Andacollo,"4,384766263484799","4,41680287675711","8,80156914024191"
2020-04-09,Andacollo,"4,518470088264139","4,754168028767571","9,272638117031711"
2020-04-10,Andacollo,"4,34324942791762","3,15233736515201","7,49558679306963"
2020-04-11,Andacollo,"4,309251389342923","3,630925138934292","7,940176528277215"
2020-04-12,Andacollo,"4,126838836220987","3,264792415822164","7,391631252043151"
2020-02-26,Salamanca,"3,7081889081455808","0,429159445407279","4,13734835355286"
2020-02-27,Salamanca,"3,7081889081455808","0,44129116117850953","4,14948006932409"
2020-02-28,Salamanca,"3,581455805892548","0,43999133448873484","4,021447140381283"
2020-02-29,Salamanca,"3,2029896013864816","0,36546793760831886","3,5684575389948003"
2020-03-01,Salamanca,"2,6150346620450606","0,32538994800693244","2,940424610051993"
2020-03-02,Salamanca,"3,817590987868284","0,40792894280762565","4,22551993067591"
2020-03-03,Salamanca,"3,780112651646447","0,4157279029462738","4,195840554592721"
2020-03-04,Salamanca,"4,036828422876949","0,44367417677642984","4,480502599653379"
2020-03-05,Salamanca,"3,889298093587522","0,41962738301559793","4,30892547660312"
2020-03-06,Salamanca,"3,8572357019064123","0,43197573656845756","4,28921143847487"
2020-03-07,Salamanca,"2,9896013864818025","0,3379549393414212","3,327556325823224"
2020-03-08,Salamanca,"2,481152512998267","0,2736135181975736","2,7547660311958406"
2020-03-09,Salamanca,"3,604419410745234","0,3847487001733102","3,989168110918544"
2020-03-10,Salamanca,"3,5777729636048528","0,4018630849220104","3,979636048526863"
2020-03-11,Salamanca,"3,6052859618717505","0,44670710571923744","4,051993067590988"
2020-03-12,Salamanca,"3,65684575389948","0,4194107452339688","4,076256499133448"
2020-03-13,Salamanca,"3,8316724436741767","0,49956672443674177","4,331239168110918"
2020-03-14,Salamanca,"3,1759098786828424","0,3836655112651647","3,559575389948007"
2020-03-15,Salamanca,"2,7207538994800693","0,2939774696707106","3,01473136915078"
2020-03-16,Salamanca,"3,47551993067591","0,4523396880415944","3,9278596187175046"
2020-03-17,Salamanca,"3,2383015597920277","0,3682842287694974","3,6065857885615253"
2020-03-18,Salamanca,"3,3422876949740035","0,395580589254766","3,7378682842287696"
2020-03-19,Salamanca,"3,1167677642980935","0,3249566724436742","3,441724436741768"
2020-03-20,Salamanca,"2,9449740034662044","0,31239168110918547","3,2573656845753898"
2020-03-21,Salamanca,"2,2991767764298094","0,1598786828422877","2,459055459272097"
2020-03-22,Salamanca,"2,007582322357019","0,1208838821490468","2,128466204506066"
2020-03-23,Salamanca,"2,5229636048526864","0,2097053726169844","2,732668977469671"
2020-03-24,Salamanca,"2,4711871750433274","0,2432842287694974","2,7144714038128246"
2020-03-25,Salamanca,"2,4915511265164643","0,2068890814558059","2,6984402079722702"
2020-03-26,Salamanca,"2,4473570190641247","0,23353552859618718","2,680892547660312"
2020-03-27,Salamanca,"2,435008665511265","0,21923743500866552","2,6542461005199307"
2020-03-28,Salamanca,"2,283362218370884","0,1652946273830156","2,4486568457538995"
2020-03-29,Salamanca,"2,033795493934142","0,0996533795493934","2,1334488734835353"
2020-03-30,Salamanca,"2,5548093587521663","0,18717504332755633","2,741984402079723"
2020-03-31,Salamanca,"2,728119584055459","0,22378682842287695","2,951906412478336"
2020-04-01,Salamanca,"2,7474003466204504","0,2272530329289428","2,9746533795493932"
2020-04-02,Salamanca,"2,67157712305026","0,2003899480069324","2,8719670710571923"
2020-04-03,Salamanca,"2,68869150779896","0,21187175043327555","2,9005632582322356"
2020-04-04,Salamanca,"2,3102253032928943","0,15532928942807625","2,4655545927209706"
2020-04-05,Salamanca,"1,9913344887348354","0,09727036395147313","2,0886048526863084"
2020-04-06,Salamanca,"2,646880415944541","0,1878249566724437","2,834705372616985"
2020-04-07,Salamanca,"2,544627383015598","0,235051993067591","2,7796793760831893"
2020-04-08,Salamanca,"2,557842287694974","0,22790294627383015","2,7857452339688042"
2020-04-09,Salamanca,"2,5064991334488735","0,18522530329289427","2,691724436741768"
2020-04-10,Salamanca,"2,0686741767764296","0,08362218370883882","2,1522963604852685"
2020-04-11,Salamanca,"2,0357452339688042","0,0658578856152513","2,1016031195840554"
2020-04-12,Salamanca,"1,955155979202773","0,07365684575389948","2,0288128249566726"
2020-02-26,Illapel,"5,987833939545967","1,0559387934278188","7,043772732973786"
2020-02-27,Illapel,"5,934152765583845","1,0777624482628871","7,011915213846732"
2020-02-28,Illapel,"5,654082528533801","0,7723567038755801","6,426439232409382"
2020-02-29,Illapel,"5,42719177223128","0,6815502320331117","6,108742004264392"
2020-03-01,Illapel,"4,672143484259375","0,646933400225762","5,319076884485137"
2020-03-02,Illapel,"5,6855637777499055","0,6796688824783645","6,36523266022827"
2020-03-03,Illapel,"5,428571428571429","0,6533299887119026","6,081901417283332"
2020-03-04,Illapel,"5,631882603787783","0,7507838956478115","6,382666499435595"
2020-03-05,Illapel,"5,915339270036373","0,6422927379907186","6,557632008027092"
2020-03-06,Illapel,"5,778377022450772","0,7348551360842844","6,5132321585350565"
2020-03-07,Illapel,"4,990467828922614","0,5955098457293365","5,58597767465195"
2020-03-08,Illapel,"4,4802458296751535","0,5266524520255864","5,00689828170074"
2020-03-09,Illapel,"5,7392449517120285","0,6422927379907186","6,381537689702747"
2020-03-10,Illapel,"5,494794932898532","0,6219741627994482","6,116769095697981"
2020-03-11,Illapel,"5,467076382791923","0,6811739621221623","6,148250344914086"
2020-03-12,Illapel,"5,6120657218111125","0,6537062586228521","6,265771980433964"
2020-03-13,Illapel,"5,786654960491659","0,711024708390819","6,497679668882478"
2020-03-14,Illapel,"5,1171453656089305","0,5764455035745641","5,693590869183494"
2020-03-15,Illapel,"4,4147748651699485","0,5023203311175216","4,9170951962874705"
2020-03-16,Illapel,"5,513106735231406","0,6320080270914337","6,14511476232284"
2020-03-17,Illapel,"5,02759312680296","0,5502320331117522","5,5778251599147115"
2020-03-18,Illapel,"5,167941803587106","0,5684184121409758","5,736360215728082"
2020-03-19,Illapel,"5,096952213721309","0,5246456791671893","5,621597892888499"
2020-03-20,Illapel,"4,982440737489026","0,5197541703248463","5,502194907813872"
2020-03-21,Illapel,"4,44161545215101","0,3464191646807977","4,7880346168318075"
2020-03-22,Illapel,"4,050545591370876","0,3006396588486141","4,3511852502194905"
2020-03-23,Illapel,"4,730339897152891","0,3974664492662737","5,127806346419165"
2020-03-24,Illapel,"4,600526777875329","0,4236799197290857","5,024206697604415"
2020-03-25,Illapel,"4,693590869183494","0,405493540699862","5,099084409883356"
2020-03-26,Illapel,"4,749404239307664","0,42970023830427695","5,179104477611941"
2020-03-27,Illapel,"4,914837576821774","0,42982566160792673","5,344663238429701"
2020-03-28,Illapel,"4,415527404991847","0,32748024582967517","4,743007650821522"
2020-03-29,Illapel,"4,051047284585476","0,28232785651574066","4,333375141101216"
2020-03-30,Illapel,"4,873322463313683","0,4075003135582591","5,2808227768719425"
2020-03-31,Illapel,"4,837075128558887","0,4363476733977173","5,273422801956604"
2020-04-01,Illapel,"4,819139596136962","0,4367239433086667","5,255863539445628"
2020-04-02,Illapel,"4,77938040887997","0,39633763953342527","5,175718048413395"
2020-04-03,Illapel,"4,909946067979431","0,4224256866925875","5,332371754672018"
2020-04-04,Illapel,"4,458422174840085","0,3604665746895773","4,818888749529663"
2020-04-05,Illapel,"3,879844475103474","0,28884986830553117","4,168694343409006"
2020-04-06,Illapel,"4,793427818888749","0,3825410761319453","5,175968895020694"
2020-04-07,Illapel,"4,795560015050796","0,41226639909695223","5,207826414147749"
2020-04-08,Illapel,"4,4126426690079015","0,38680546845603914","4,799448137463941"
2020-04-09,Illapel,"4,3249717797566785","0,3894393578326853","4,714411137589364"
2020-04-10,Illapel,"4,009155901166436","0,25636523266022826","4,265521133826665"
2020-04-11,Illapel,"3,8693089175968893","0,26765332998871194","4,136962247585601"
2020-04-12,Illapel,"3,7961871315690456","0,24495171202809482","4,041138843597141"
2020-02-26,La Higuera,"6,543953375424963","4,215638659543467","10,759592034968431"
2020-02-27,La Higuera,"6,138902379796018","3,9417192812044686","10,080621661000485"
2020-02-28,La Higuera,"6,389995143273434","4,168042739193783","10,558037882467218"
2020-02-29,La Higuera,"5,978630403108305","3,729480330257407","9,70811073336571"
2020-03-01,La Higuera,"5,925692083535697","3,938319572608062","9,86401165614376"
2020-03-02,La Higuera,"5,078678970373968","3,4186498300145702","8,497328800388537"
2020-03-03,La Higuera,"5,272948033025741","3,5449247207382224","8,817872753763963"
2020-03-04,La Higuera,"5,3050024283632835","3,3836813987372514","8,688683827100535"
2020-03-05,La Higuera,"5,013598834385624","3,2943176299174355","8,307916464303059"
2020-03-06,La Higuera,"5,349684312773191","3,4288489558037885","8,778533268576979"
2020-03-07,La Higuera,"5,025254978144731","3,2447790189412338","8,270033997085964"
2020-03-08,La Higuera,"4,859640602234094","3,133559980573094","7,993200582807188"
2020-03-09,La Higuera,"4,754735308402137","2,9854298203011167","7,740165128703254"
2020-03-10,La Higuera,"5,161728994657601","3,261777561923264","8,423506556580865"
2020-03-11,La Higuera,"5,171928120446819","3,1704711024769305","8,34239922292375"
2020-03-12,La Higuera,"5,052452646915978","2,934919864011656","7,987372510927634"
2020-03-13,La Higuera,"5,199611461874697","3,4749878581835842","8,674599320058281"
2020-03-14,La Higuera,"4,614861583292861","3,0893637688198154","7,704225352112676"
2020-03-15,La Higuera,"4,023797960174842","3,0262263234579896","7,0500242836328315"
2020-03-16,La Higuera,"4,182127246236037","2,9062651772705195","7,088392423506557"
2020-03-17,La Higuera,"4,201554152501214","3,0441962117532784","7,2457503642544925"
2020-03-18,La Higuera,"4,375424963574551","3,2204953861097616","7,595920349684312"
2020-03-19,La Higuera,"3,8557552209810586","2,869354055366683","6,725109276347742"
2020-03-20,La Higuera,"3,551238465274405","2,5934919864011654","6,144730451675571"
2020-03-21,La Higuera,"3,7319086935405537","2,413793103448276","6,1457017969888295"
2020-03-22,La Higuera,"3,1321029626032053","1,9028654686741135","5,034968431277319"
2020-03-23,La Higuera,"3,357455075279262","2,2073822243807673","5,564837299660029"
2020-03-24,La Higuera,"4,138902379796018","2,687226809130646","6,8261291889266635"
2020-03-25,La Higuera,"3,6172899465760078","2,5852355512384655","6,202525497814474"
2020-03-26,La Higuera,"3,1228751821272462","2,1593006313744536","5,2821758135017"
2020-03-27,La Higuera,"3,201554152501214","2,120446818844099","5,322000971345313"
2020-03-28,La Higuera,"2,698397280233123","1,785332685769791","4,4837299660029135"
2020-03-29,La Higuera,"2,6464303059737735","1,7829043224866439","4,429334628460417"
2020-03-30,La Higuera,"2,9295774647887325","1,9543467702768336","4,883924235065566"
2020-03-31,La Higuera,"3,9261777561923266","2,554638173870811","6,480815930063137"
2020-04-01,La Higuera,"3,425449247207382","2,470616804273919","5,896066051481301"
2020-04-02,La Higuera,"2,8115590092277807","2,063623118018455","4,8751821272462355"
2020-04-03,La Higuera,"2,9422049538610975","2,085964060223409","5,028169014084506"
2020-04-04,La Higuera,"2,546381738708111","1,9460903351141332","4,492472073822244"
2020-04-05,La Higuera,"2,35016998542982","1,6634288489558038","4,013598834385624"
2020-04-06,La Higuera,"3,1869839728023313","1,9499757163671685","5,136959689169499"
2020-04-07,La Higuera,"4,124817872753764","2,449732880038854","6,574550752792618"
2020-04-08,La Higuera,"3,9174356483729964","2,4594463331714422","6,376881981544439"
2020-04-09,La Higuera,"3,1432734337056822","2,033511413307431","5,1767848470131135"
2020-04-10,La Higuera,"2,2010684798445848","1,3943661971830985","3,5954346770276833"
2020-04-11,La Higuera,"1,88878096163186","1,1758135016998543","3,0645944633317144"
2020-04-12,La Higuera,"2,1908693540553665","1,3603691112190384","3,551238465274405"
2020-02-26,Monte Patria,"2,570958270308746","0,967434825162381","3,538393095471127"
2020-02-27,Monte Patria,"2,548536346650058","0,9028383308123498","3,4513746774624074"
2020-02-28,Monte Patria,"2,508319245484474","1,0315864400747397","3,5399056855592135"
2020-02-29,Monte Patria,"2,844648100364801","1,0414627635910667","3,886110863955868"
2020-03-01,Monte Patria,"2,5142806299492837","0,8899368271198504","3,404217457069134"
2020-03-02,Monte Patria,"2,389091556188273","0,9862087374321559","3,3753002936204286"
2020-03-03,Monte Patria,"2,305365246018329","0,9182311593558146","3,2235964053741437"
2020-03-04,Monte Patria,"2,289705489812261","0,9039060414627635","3,1936115312750246"
2020-03-05,Monte Patria,"2,3912269774891004","0,8514102678174215","3,242637245306522"
2020-03-06,Monte Patria,"2,189607616335973","1,299047958003381","3,488655574339354"
2020-03-07,Monte Patria,"1,841622920188629","0,9716166918765015","2,8132396120651304"
2020-03-08,Monte Patria,"1,7020197526470326","0,8101254560014237","2,512145208648456"
2020-03-09,Monte Patria,"2,2538482071358663","0,9472372986920545","3,201085505827921"
2020-03-10,Monte Patria,"2,368271198505205","0,8328143073227156","3,201085505827921"
2020-03-11,Monte Patria,"2,274490613043865","0,8394874988878014","3,1139781119316665"
2020-03-12,Monte Patria,"2,3457602989589823","0,8763235163270754","3,222083815286058"
2020-03-13,Monte Patria,"2,511344425660646","1,0289171634487053","3,5402615891093516"
2020-03-14,Monte Patria,"2,2166562861464545","0,9236586884954177","3,140314974641872"
2020-03-15,Monte Patria,"2,065130349675238","0,8021176261233205","2,8672479757985583"
2020-03-16,Monte Patria,"2,2506450751846248","0,9130705578788149","3,1637156330634397"
2020-03-17,Monte Patria,"2,161491235875078","0,7949995551205624","2,95649079099564"
2020-03-18,Monte Patria,"2,253581279473263","0,8063884687249756","3,059969748198238"
2020-03-19,Monte Patria,"2,2671945902660378","0,765726488121719","3,0329210783877567"
2020-03-20,Monte Patria,"2,3523445146365334","0,8379749087997153","3,1903194234362484"
2020-03-21,Monte Patria,"1,963519886110864","0,6920544532431712","2,655574339354035"
2020-03-22,Monte Patria,"1,7337841444968414","0,5505827920633508","2,2843669365601924"
2020-03-23,Monte Patria,"2,1529495506717677","0,7001512590088086","2,8531008096805763"
2020-03-24,Monte Patria,"2,2060681555298514","0,6647388557700863","2,8708070112999375"
2020-03-25,Monte Patria,"2,096449862087374","0,6376901859596049","2,734140048046979"
2020-03-26,Monte Patria,"2,0516060147699973","0,6102856125989857","2,661891627368983"
2020-03-27,Monte Patria,"2,0864845626835127","0,6837796957024647","2,7702642583859776"
2020-03-28,Monte Patria,"1,8413559925260254","0,568111041907643","2,4094670344336686"
2020-03-29,Monte Patria,"1,6405374143607083","0,4915917786279918","2,1321291929887"
2020-03-30,Monte Patria,"2,128214253937183","0,6716789749977756","2,799893228934959"
2020-03-31,Monte Patria,"2,199839843402438","0,6960583681822226","2,8958982115846608"
2020-04-01,Monte Patria,"2,1899635198861107","0,6977489100453778","2,8877124299314882"
2020-04-02,Monte Patria,"2,042797401904084","0,6809324673013614","2,7237298692054455"
2020-04-03,Monte Patria,"2,2914850075629505","0,8076341311504582","3,0991191387134087"
2020-04-04,Monte Patria,"1,8852211050805232","0,6642050004448794","2,5494261055254026"
2020-04-05,Monte Patria,"1,710828365512946","0,5108105703354391","2,221638935848385"
2020-04-06,Monte Patria,"2,0996529940386157","0,765370584571581","2,865023578610197"
2020-04-07,Monte Patria,"2,0687783610641515","0,7084260165495151","2,777204377613667"
2020-04-08,Monte Patria,"2,086217635020909","0,7335172168342379","2,819734851855147"
2020-04-09,Monte Patria,"2,156686537948216","0,7330723373965655","2,889758875344781"
2020-04-10,Monte Patria,"1,5866180265148144","0,47219503514547556","2,05881306166029"
2020-04-11,Monte Patria,"1,6463208470504493","0,4842067799626302","2,1305276270130795"
2020-04-12,Monte Patria,"1,7032654150725153","0,4863422012634576","2,189607616335973"
2020-02-26,Los Vilos,"5,56155325799471","1,1501562875691271","6,711709545563837"
2020-02-27,Los Vilos,"5,776508776148113","1,2023322914162058","6,978841067564319"
2020-02-28,Los Vilos,"5,559389276268334","1,2780716518393844","6,837460928107719"
2020-02-29,Los Vilos,"5,590887232507814","1,1697523443135367","6,760639576821351"
2020-03-01,Los Vilos,"4,929550372685742","1,0997836018273623","6,029333974513104"
2020-03-02,Los Vilos,"4,987376773262803","1,0333012743447945","6,020678047607598"
2020-03-03,Los Vilos,"4,748978119740322","0,8758114931473913","5,624789612887713"
2020-03-04,Los Vilos,"5,324717480163501","0,8576580908872324","6,182375571050733"
2020-03-05,Los Vilos,"4,714354412118298","0,8324116374128396","5,546766049531137"
2020-03-06,Los Vilos,"4,9477037749459","0,9709064679009378","5,918610242846838"
2020-03-07,Los Vilos,"4,537388795383506","0,8144986775667228","5,351887472950229"
2020-03-08,Los Vilos,"3,9095936523202695","0,734551574897812","4,644145227218082"
2020-03-09,Los Vilos,"4,508655926905506","0,820028853089685","5,328684779995191"
2020-03-10,Los Vilos,"4,566362106275547","0,774224573214715","5,340586679490262"
2020-03-11,Los Vilos,"4,385789853330127","0,7864871363308488","5,172276989660976"
2020-03-12,Los Vilos,"4,899134407309449","0,8177446501562875","5,716879057465737"
2020-03-13,Los Vilos,"4,984491464294302","0,9930271699927867","5,9775186342870885"
2020-03-14,Los Vilos,"4,453474392882905","0,793459966338062","5,246934359220967"
2020-03-15,Los Vilos,"3,9790815099783603","0,7766289973551335","4,755710507333494"
2020-03-16,Los Vilos,"4,413440730944939","0,8277230103390238","5,2411637412839625"
2020-03-17,Los Vilos,"4,178768934840106","0,707862466939168","4,886631401779273"
2020-03-18,Los Vilos,"3,9965135849963933","0,7171194998797787","4,713633084876172"
2020-03-19,Los Vilos,"3,866794902620822","0,6472709786006252","4,514065881221447"
2020-03-20,Los Vilos,"3,746333253185862","0,6100024044241404","4,3563356576100025"
2020-03-21,Los Vilos,"3,095696080788651","0,4296705938927627","3,525366674681414"
2020-03-22,Los Vilos,"2,5","0,31690310170714114","2,8169031017071413"
2020-03-23,Los Vilos,"3,034984371243087","0,39745131041115656","3,4324356816542436"
2020-03-24,Los Vilos,"3,033902380379899","0,44734311132483773","3,481245491704737"
2020-03-25,Los Vilos,"3,0579466217840827","0,42161577302236114","3,479562394806444"
2020-03-26,Los Vilos,"3,1067564318345755","0,4127194037028131","3,5194758355373885"
2020-03-27,Los Vilos,"2,9521519596056742","0,38398653522481363","3,3361384948304877"
2020-03-28,Los Vilos,"2,7201250300553017","0,2833613849483049","3,0034864150036067"
2020-03-29,Los Vilos,"2,2988699206540035","0,22120702091849004","2,5200769415724937"
2020-03-30,Los Vilos,"2,905385910074537","0,28480403943255594","3,1901899495070927"
2020-03-31,Los Vilos,"3,338903582591969","0,45744169271459484","3,796345275306564"
2020-04-01,Los Vilos,"3,139817263765328","0,39564799230584274","3,535465256071171"
2020-04-02,Los Vilos,"3,028973310892041","0,3607838422697764","3,3897571531618174"
2020-04-03,Los Vilos,"3,084154844914643","0,3700408752103871","3,45419572012503"
2020-04-04,Los Vilos,"2,84816061553258","0,30055301755229624","3,1487136330848764"
2020-04-05,Los Vilos,"2,4150036066362106","0,25991824957922577","2,674921856215436"
2020-04-06,Los Vilos,"3,0821110843952875","0,2961048328925222","3,3782159172878097"
2020-04-07,Los Vilos,"3,477999519115172","0,44710266891079586","3,9251021880259676"
2020-04-08,Los Vilos,"3,1910314979562395","0,39793219523924017","3,58896369319548"
2020-04-09,Los Vilos,"3,183938446742005","0,368718441933157","3,552656888675162"
2020-04-10,Los Vilos,"2,515027650877615","0,1773262803558548","2,6923539312334697"
2020-04-11,Los Vilos,"2,503125751382544","0,1340466458283241","2,6371723972108683"
2020-04-12,Los Vilos,"2,3516470305361867","0,17083433517672517","2,522481365712912"
2020-02-26,Combarbalá,"2,2849210987726476","1,4970777323202804","3,781998831092928"
2020-02-27,Combarbalá,"2,3907071887784923","1,4774985388661601","3,8682057276446526"
2020-02-28,Combarbalá,"2,3670368205727645","1,4909409701928698","3,8579777907656343"
2020-02-29,Combarbalá,"2,533313851548802","1,2781998831092927","3,8115137346580945"
2020-03-01,Combarbalá,"2,3664523670368207","1,2703097603740503","3,6367621274108712"
2020-03-02,Combarbalá,"2,530683810637054","1,3609000584453537","3,8915838690824076"
2020-03-03,Combarbalá,"2,56604324956166","1,375219170075979","3,941262419637639"
2020-03-04,Combarbalá,"2,5847457627118646","1,3381063705435419","3,9228521332554065"
2020-03-05,Combarbalá,"2,8115137346580945","1,3404441846873174","4,151957919345412"
2020-03-06,Combarbalá,"2,8980128579777906","2,430157802454705","5,328170660432495"
2020-03-07,Combarbalá,"2,645821157218001","1,4865575686732906","4,132378725891291"
2020-03-08,Combarbalá,"2,4608416130917594","1,408240794856809","3,8690824079485684"
2020-03-09,Combarbalá,"2,7849210987726476","1,4289888953828171","4,213909994155465"
2020-03-10,Combarbalá,"2,720923436586791","1,2267679719462303","3,9476914085330215"
2020-03-11,Combarbalá,"2,597895967270602","1,2042665108123904","3,802162478082993"
2020-03-12,Combarbalá,"2,941554646405611","1,3351841028638223","4,276738749269433"
2020-03-13,Combarbalá,"2,652542372881356","1,4482758620689655","4,100818234950322"
2020-03-14,Combarbalá,"2,4485680888369377","1,303915838690824","3,752483927527762"
2020-03-15,Combarbalá,"2,467855055523086","1,2761542957334893","3,744009351256575"
2020-03-16,Combarbalá,"2,3229105786090005","1,3296317942723554","3,652542372881356"
2020-03-17,Combarbalá,"2,472238457042665","1,2045587375803624","3,6767971946230276"
2020-03-18,Combarbalá,"2,511396843950906","1,2007597895967272","3,7121566335476333"
2020-03-19,Combarbalá,"2,5879602571595557","1,2223845704266512","3,810344827586207"
2020-03-20,Combarbalá,"2,666861484511981","1,3448275862068966","4,0116890707188775"
2020-03-21,Combarbalá,"2,6960841613091757","1,0683810637054354","3,764465225014611"
2020-03-22,Combarbalá,"2,6724137931034484","1,016364699006429","3,6887784921098774"
2020-03-23,Combarbalá,"2,8220338983050848","1,1469900642898891","3,969023962594974"
2020-03-24,Combarbalá,"2,5695499707773233","1,1355932203389831","3,7051431911163064"
2020-03-25,Combarbalá,"2,5502630040911747","1,0824079485680889","3,6326709526592635"
2020-03-26,Combarbalá,"2,483050847457627","1,0485096434833432","3,5315604909409704"
2020-03-27,Combarbalá,"2,5713033313851548","1,1542957334891877","3,7255990648743422"
2020-03-28,Combarbalá,"2,422852133255406","1,0035067212156634","3,4263588544710695"
2020-03-29,Combarbalá,"2,4374634716540036","0,9810052600818235","3,4184687317358273"
2020-03-30,Combarbalá,"2,7957334891876098","1,0938047925189949","3,8895382817066046"
2020-03-31,Combarbalá,"2,7431326709526593","1,190531852717709","3,9336645236703682"
2020-04-01,Combarbalá,"2,7741087083576854","1,1385154880187025","3,912624196376388"
2020-04-02,Combarbalá,"2,8603156049094096","1,1732904734073641","4,033606078316774"
2020-04-03,Combarbalá,"2,788720046756283","1,2428404441846874","4,03156049094097"
2020-04-04,Combarbalá,"2,6943308007013442","1,1233196960841614","3,8176504967855056"
2020-04-05,Combarbalá,"2,5856224430157804","0,9772063120981882","3,5628287551139683"
2020-04-06,Combarbalá,"2,6493278784336645","1,2314436002337814","3,880771478667446"
2020-04-07,Combarbalá,"2,6335476329631793","1,2147866744593805","3,8483343074225598"
2020-04-08,Combarbalá,"2,5827001753360608","1,1835184102863823","3,7662185856224433"
2020-04-09,Combarbalá,"2,7475160724722385","1,2320280537697252","3,9795441262419637"
2020-04-10,Combarbalá,"2,581239041496201","0,9544126241963764","3,5356516656925776"
2020-04-11,Combarbalá,"2,387492694330801","0,9950321449444769","3,382524839275278"
2020-04-12,Combarbalá,"2,3953828170660434","0,9967855055523085","3,392168322618352"
2020-02-26,Paihuano,"3,150403977625855","3,1889372280919828","6,3393412057178375"
2020-02-27,Paihuano,"3,2591671845867","3,1715351149782474","6,430702299564947"
2020-02-28,Paihuano,"3,0205096333126167","3,285891858297079","6,306401491609696"
2020-02-29,Paihuano,"3,5133623368551894","3,5282784338098194","7,041640770665008"
2020-03-01,Paihuano,"3,198881292728403","3,0963331261653204","6,295214418893723"
2020-03-02,Paihuano,"2,235550031075202","2,5450590428837785","4,78060907395898"
2020-03-03,Paihuano,"2,311995027967682","2,4972032318210067","4,809198259788689"
2020-03-04,Paihuano,"2,2256059664387817","2,422622747047856","4,648228713486638"
2020-03-05,Paihuano,"2,216283405842138","2,449347420758235","4,665630826600372"
2020-03-06,Paihuano,"2,4984462399005594","2,7122436295835923","5,210689869484152"
2020-03-07,Paihuano,"2,514605344934742","2,640149160969546","5,154754505904288"
2020-03-08,Paihuano,"2,2641392169049097","2,372280919825979","4,636420136730889"
2020-03-09,Paihuano,"1,997513983840895","2,1746426351771286","4,172156619018024"
2020-03-10,Paihuano,"2,2075823492852704","2,9844623990055936","5,192044748290864"
2020-03-11,Paihuano,"1,8881292728402734","2,128651336233686","4,016780609073959"
2020-03-12,Paihuano,"2,0422622747047856","2,2243629583592295","4,2666252330640155"
2020-03-13,Paihuano,"2,4574269732753264","2,6718458669981353","5,129272840273462"
2020-03-14,Paihuano,"2,7470478558110627","2,4636420136730885","5,210689869484151"
2020-03-15,Paihuano,"2,3250466128029834","2,2635177128651334","4,588564325668116"
2020-03-16,Paihuano,"1,9366065879428216","2,103169670602859","4,039776258545681"
2020-03-17,Paihuano,"1,7706650093225607","1,8036047234307024","3,574269732753263"
2020-03-18,Paihuano,"1,8738346799254195","1,8259788688626477","3,6998135487880672"
2020-03-19,Paihuano,"1,7768800497203232","1,6991920447482909","3,476072094468614"
2020-03-20,Paihuano,"1,7663144810441267","1,6637663144810442","3,430080795525171"
2020-03-21,Paihuano,"1,3548788067122437","1,0447482908638905","2,3996270975761345"
2020-03-22,Paihuano,"1,1417029210689869","0,6507147296457427","1,7924176507147296"
2020-03-23,Paihuano,"1,559975139838409","1,2461155997513984","2,8060907395898074"
2020-03-24,Paihuano,"1,495338719701678","1,1845866998135488","2,679925419515227"
2020-03-25,Paihuano,"1,435052827843381","1,0677439403356122","2,5027967681789933"
2020-03-26,Paihuano,"1,5083903045369795","1,8272218769422002","3,3356121814791795"
2020-03-27,Paihuano,"1,5332504661280297","1,8135487880671224","3,346799254195152"
2020-03-28,Paihuano,"1,238036047234307","0,8707271597265382","2,1087632069608455"
2020-03-29,Paihuano,"1,4748290863890616","0,6556867619639528","2,1305158483530144"
2020-03-30,Paihuano,"1,5233064014916098","1,2156619018023618","2,7389683032939716"
2020-03-31,Paihuano,"1,4549409571162213","1,190180236171535","2,645121193287756"
2020-04-01,Paihuano,"1,5332504661280297","1,2411435674331883","2,774394033561218"
2020-04-02,Paihuano,"1,4922311995027968","1,1883157240522064","2,6805469235550032"
2020-04-03,Paihuano,"1,5512740832815413","1,4288377874456184","2,9801118707271597"
2020-04-04,Paihuano,"1,4431323803604723","0,911124922311995","2,354257302672467"
2020-04-05,Paihuano,"1,119950279676818","0,6911124922311995","1,8110627719080175"
2020-04-06,Paihuano,"1,894344313238036","1,2902423865755126","3,184586699813549"
2020-04-07,Paihuano,"1,5245494095711623","1,117464263517713","2,6420136730888752"
2020-04-08,Paihuano,"1,428216283405842","1,1423244251087632","2,5705407085146055"
2020-04-09,Paihuano,"1,528899937849596","1,2678682411435673","2,7967681789931635"
2020-04-10,Paihuano,"1,077066500932256","0,5102548166563083","1,5873213175885643"
2020-04-11,Paihuano,"1,1168427594779367","0,5866998135487881","1,7035425730267248"
2020-04-12,Paihuano,"1,0994406463642015","0,5469235550031075","1,646364201367309"
2020-02-26,Vicuña,"3,2515230635335075","1,3651000870322019","4,61662315056571"
2020-02-27,Vicuña,"3,245140702059762","1,3597331012474616","4,604873803307224"
2020-02-28,Vicuña,"3,2523933855526543","1,3951261966927764","4,6475195822454305"
2020-02-29,Vicuña,"3,16710182767624","1,60646939367566","4,7735712213519"
2020-03-01,Vicuña,"2,7135190020307514","1,4148534957934435","4,128372497824195"
2020-03-02,Vicuña,"3,1215549753408762","1,0745575863069337","4,19611256164781"
2020-03-03,Vicuña,"3,2352770525094283","1,0706411372207718","4,3059181897302"
2020-03-04,Vicuña,"3,1924862199013635","1,0320568610385843","4,224543080939948"
2020-03-05,Vicuña,"3,21496953872933","1,0635335073977372","4,278503046127067"
2020-03-06,Vicuña,"3,2932985204525673","1,1929213809109371","4,486219901363505"
2020-03-07,Vicuña,"2,9119524223962867","1,2296199593849724","4,141572381781259"
2020-03-08,Vicuña,"2,600957354221062","1,1417174354511168","3,742674789672179"
2020-03-09,Vicuña,"3,0670147954743254","0,9760661444734552","4,043080939947781"
2020-03-10,Vicuña,"3,144328401508558","1,320568610385843","4,464897011894401"
2020-03-11,Vicuña,"2,947780678851175","0,9840440963156368","3,931824775166812"
2020-03-12,Vicuña,"3,004931824775167","0,9670728169422687","3,9720046417174357"
2020-03-13,Vicuña,"3,148970118944009","1,1312735712213517","4,280243690165361"
2020-03-14,Vicuña,"2,8337684943429067","1,1350449666376559","3,9688134609805625"
2020-03-15,Vicuña,"2,6372207716855236","1,0762982303452278","3,7135190020307514"
2020-03-16,Vicuña,"2,767914128227444","0,9386422976501305","3,7065564258775745"
2020-03-17,Vicuña,"2,6523063533507396","0,8162170002901074","3,468523353640847"
2020-03-18,Vicuña,"2,6830577313606034","0,81940818102698","3,502465912387583"
2020-03-19,Vicuña,"2,7574702639976794","0,7827096025529445","3,540179866550624"
2020-03-20,Vicuña,"2,4428488540760083","0,7677690745575863","3,2106179286335945"
2020-03-21,Vicuña,"2,1399767914128227","0,5298810559907166","2,6698578474035393"
2020-03-22,Vicuña,"1,7389033942558747","0,4151436031331593","2,154046997389034"
2020-03-23,Vicuña,"2,1882796634754857","0,609370467072817","2,797650130548303"
2020-03-24,Vicuña,"2,180446765303162","0,5832608064984044","2,7637075718015662"
2020-03-25,Vicuña,"2,1124165941398316","0,5768784450246591","2,6892950391644908"
2020-03-26,Vicuña,"1,8540760081230054","0,5822454308093995","2,436321438932405"
2020-03-27,Vicuña,"2,024514070205976","0,7750217580504787","2,7995358282564546"
2020-03-28,Vicuña,"1,8894691035683202","0,4969538729329852","2,386422976501305"
2020-03-29,Vicuña,"1,6612996808819263","0,4228314476356252","2,0841311285175514"
2020-03-30,Vicuña,"2,067449956483899","0,7109080359733101","2,778357992457209"
2020-03-31,Vicuña,"2,0793443574122423","0,64824485059472","2,7275892080069624"
2020-04-01,Vicuña,"2,114302291847984","0,6618798955613577","2,7761821874093418"
2020-04-02,Vicuña,"2,015375689004932","0,65970409051349","2,675079779518422"
2020-04-03,Vicuña,"2,238613286916159","0,7573252103278213","2,99593849724398"
2020-04-04,Vicuña,"1,9566289527125036","0,5805047867711053","2,537133739483609"
2020-04-05,Vicuña,"1,6908906295329271","0,46286626051639107","2,1537568900493183"
2020-04-06,Vicuña,"2,09094865100087","0,6858137510879025","2,7767624020887727"
2020-04-07,Vicuña,"2,0755729619959387","0,6208297069915869","2,696402668987526"
2020-04-08,Vicuña,"1,9827386132869163","0,5857267188859878","2,568465332172904"
2020-04-09,Vicuña,"2,1061792863359443","0,646359152886568","2,752538439222512"
2020-04-10,Vicuña,"1,710037713954163","0,39251523063533506","2,102552944589498"
2020-04-11,Vicuña,"1,7447055410501886","0,4608355091383812","2,20554105018857"
2020-04-12,Vicuña,"1,5871772555845662","0,38990426457789384","1,97708152016246"
2020-02-26,Punitaqui,"3,4267931238885594","3,9482315747875916","7,375024698676151"
2020-02-27,Punitaqui,"3,3262201146018575","3,5516696305078046","6,877889745109663"
2020-02-28,Punitaqui,"3,3268128828294805","3,568464730290456","6,895277613119937"
2020-02-29,Punitaqui,"3,1027464927879866","3,373839162220905","6,476585655008892"
2020-03-01,Punitaqui,"3,0798261213198974","3,0622406639004147","6,142066785220312"
2020-03-02,Punitaqui,"3,302509385496937","3,426397945070144","6,728907330567081"
2020-03-03,Punitaqui,"3,5599683856945266","3,518869788579332","7,078838174273859"
2020-03-04,Punitaqui,"3,5625370480142267","3,518869788579332","7,081406836593558"
2020-03-05,Punitaqui,"3,374431930448528","3,37087532108279","6,745307251531318"
2020-03-06,Punitaqui,"3,487650661924521","3,5791345583876706","7,066785220312191"
2020-03-07,Punitaqui,"3,066587630902984","3,1021537245603636","6,1687413554633475"
2020-03-08,Punitaqui,"2,956332740565106","2,7551867219917012","5,711519462556807"
2020-03-09,Punitaqui,"3,3754198774945663","3,365540407034183","6,740960284528749"
2020-03-10,Punitaqui,"3,359612724757953","3,3677138905354673","6,72732661529342"
2020-03-11,Punitaqui,"3,296186524402292","3,2975696502667455","6,593756174669037"
2020-03-12,Punitaqui,"3,319897253507212","3,300335901995653","6,620233155502865"
2020-03-13,Punitaqui,"3,5358624777711913","3,678522031219127","7,214384508990318"
2020-03-14,Punitaqui,"3,1762497530132383","3,1223078442995456","6,298557597312784"
2020-03-15,Punitaqui,"3,10669828097214","2,8474609760916816","5,9541592570638215"
2020-03-16,Punitaqui,"3,3100177830468285","3,2975696502667455","6,607587433313574"
2020-03-17,Punitaqui,"3,1035368504248173","3,108476585655009","6,212013436079826"
2020-03-18,Punitaqui,"3,2290061252716855","3,1487848251333728","6,377790950405059"
2020-03-19,Punitaqui,"3,2580517684252124","3,0962260422841337","6,3542778107093465"
2020-03-20,Punitaqui,"3,3706777316735823","3,2550879272870974","6,625765658960679"
2020-03-21,Punitaqui,"3,114997036158862","2,6263584271883027","5,741355463347165"
2020-03-22,Punitaqui,"2,9867615095830864","2,159849832049002","5,146611341632088"
2020-03-23,Punitaqui,"3,3592175459395377","2,951393005334914","6,310610551274452"
2020-03-24,Punitaqui,"3,3770005927682276","2,8510175854574196","6,228018178225647"
2020-03-25,Punitaqui,"3,372060857538036","3,2290061252716855","6,601066982809721"
2020-03-26,Punitaqui,"3,286702232760324","2,672989527761312","5,959691760521636"
2020-03-27,Punitaqui,"3,303694921952183","2,8233550681683464","6,127049990120529"
2020-03-28,Punitaqui,"3,0831851412764277","2,4406243825330964","5,523809523809524"
2020-03-29,Punitaqui,"2,982809721398933","2,0920766646907727","5,074886386089705"
2020-03-30,Punitaqui,"3,4260027662517287","2,9148389646314956","6,340841730883224"
2020-03-31,Punitaqui,"3,4435882236712114","3,4868603042876902","6,930448527958902"
2020-04-01,Punitaqui,"3,33195020746888","2,962655601659751","6,294605809128631"
2020-04-02,Punitaqui,"3,223276032404663","2,86030428769018","6,083580320094843"
2020-04-03,Punitaqui,"3,284923928077455","3,059079233353092","6,344003161430547"
2020-04-04,Punitaqui,"3,04149377593361","2,5809128630705396","5,622406639004149"
2020-04-05,Punitaqui,"2,9895277613119937","2,1900810116577754","5,179608772969769"
2020-04-06,Punitaqui,"3,381545149180004","2,965619442797866","6,3471645919778705"
2020-04-07,Punitaqui,"3,3728512151748666","2,9843904366725944","6,3572416518474615"
2020-04-08,Punitaqui,"3,333135743924126","2,982809721398933","6,315945465323059"
2020-04-09,Punitaqui,"3,336692353289864","2,96107488638609","6,297767239675954"
2020-04-10,Punitaqui,"3,129223473621814","2,45979055522624","5,589014028848053"
2020-04-11,Punitaqui,"2,9012052953961667","2,2574590001975894","5,158664295593756"
2020-04-12,Punitaqui,"3,0594744121715074","1,9901205295396167","5,049594941711124"
2020-02-26,Río Hurtado,"0,277992277992278","1,3101673101673104","1,5881595881595882"
2020-02-27,Río Hurtado,"0,24967824967824967","1,2458172458172458","1,4954954954954955"
2020-02-28,Río Hurtado,"0,2728442728442728","1,404118404118404","1,6769626769626769"
2020-02-29,Río Hurtado,"0,3680823680823681","1,0283140283140284","1,3963963963963966"
2020-03-01,Río Hurtado,"0,25611325611325614","0,9433719433719434","1,1994851994851996"
2020-03-02,Río Hurtado,"0,29214929214929214","1,124839124839125","1,416988416988417"
2020-03-03,Río Hurtado,"0,24066924066924067","1,3063063063063063","1,5469755469755468"
2020-03-04,Río Hurtado,"0,26126126126126126","1,2265122265122266","1,4877734877734878"
2020-03-05,Río Hurtado,"0,20463320463320464","1,1866151866151866","1,3912483912483913"
2020-03-06,Río Hurtado,"0,2676962676962677","1,2754182754182755","1,5431145431145432"
2020-03-07,Río Hurtado,"0,4491634491634492","0,87001287001287","1,3191763191763193"
2020-03-08,Río Hurtado,"0,33976833976833976","0,8120978120978122","1,151866151866152"
2020-03-09,Río Hurtado,"0,32432432432432434","1,1840411840411842","1,5083655083655085"
2020-03-10,Río Hurtado,"0,3153153153153153","1,0476190476190477","1,362934362934363"
2020-03-11,Río Hurtado,"0,30373230373230375","1,0064350064350065","1,3101673101673104"
2020-03-12,Río Hurtado,"0,27927927927927926","1,0759330759330759","1,3552123552123552"
2020-03-13,Río Hurtado,"0,2908622908622909","1,265122265122265","1,555984555984556"
2020-03-14,Río Hurtado,"0,28442728442728443","0,7657657657657657","1,05019305019305"
2020-03-15,Río Hurtado,"0,3886743886743887","0,797940797940798","1,1866151866151866"
2020-03-16,Río Hurtado,"0,3256113256113256","1,3281853281853282","1,6537966537966537"
2020-03-17,Río Hurtado,"0,24066924066924067","1,1492921492921493","1,3899613899613898"
2020-03-18,Río Hurtado,"0,19433719433719435","1,1003861003861004","1,2947232947232947"
2020-03-19,Río Hurtado,"0,24324324324324326","0,9845559845559846","1,2277992277992278"
2020-03-20,Río Hurtado,"0,28314028314028317","1,1608751608751608","1,444015444015444"
2020-03-21,Río Hurtado,"0,28314028314028317","0,7232947232947233","1,0064350064350065"
2020-03-22,Río Hurtado,"0,31016731016731014","0,49935649935649934","0,8095238095238095"
2020-03-23,Río Hurtado,"0,25096525096525096","0,972972972972973","1,223938223938224"
2020-03-24,Río Hurtado,"0,26383526383526384","0,8198198198198199","1,0836550836550838"
2020-03-25,Río Hurtado,"0,2805662805662806","0,6537966537966537","0,9343629343629343"
2020-03-26,Río Hurtado,"0,2728442728442728","0,6653796653796653","0,9382239382239381"
2020-03-27,Río Hurtado,"0,29214929214929214","0,7503217503217503","1,0424710424710424"
2020-03-28,Río Hurtado,"0,3075933075933076","0,583011583011583","0,8906048906048906"
2020-03-29,Río Hurtado,"0,2805662805662806","0,462033462033462","0,7425997425997426"
2020-03-30,Río Hurtado,"0,26640926640926643","0,7297297297297298","0,9961389961389963"
2020-03-31,Río Hurtado,"0,28957528957528955","0,954954954954955","1,2445302445302446"
2020-04-01,Río Hurtado,"0,2625482625482625","0,7760617760617761","1,0386100386100385"
2020-04-02,Río Hurtado,"0,2574002574002574","0,6563706563706564","0,9137709137709138"
2020-04-03,Río Hurtado,"0,27413127413127414","0,7516087516087516","1,0257400257400258"
2020-04-04,Río Hurtado,"0,23166023166023167","0,574002574002574","0,8056628056628057"
2020-04-05,Río Hurtado,"0,2908622908622909","0,5006435006435006","0,7915057915057915"
2020-04-06,Río Hurtado,"0,3333333333333333","0,722007722007722","1,0553410553410554"
2020-04-07,Río Hurtado,"0,2728442728442728","0,7876447876447876","1,0604890604890604"
2020-04-08,Río Hurtado,"0,23166023166023167","0,6615186615186615","0,8931788931788931"
2020-04-09,Río Hurtado,"0,29343629343629346","0,7207207207207207","1,0141570141570142"
2020-04-10,Río Hurtado,"0,22651222651222652","0,3925353925353925","0,6190476190476191"
2020-04-11,Río Hurtado,"0,296010296010296","0,4543114543114543","0,7503217503217503"
2020-04-12,Río Hurtado,"0,34491634491634493","0,39768339768339767","0,7425997425997426"
