Comuna,Codigo comuna,Transacciones,Fecha
Cerrillos,13102.0,18365.0,2020-03-01
Cerrillos,13102.0,55826.0,2020-03-02
Cerrillos,13102.0,57927.0,2020-03-03
Cerrillos,13102.0,58642.0,2020-03-04
Cerrillos,13102.0,57773.0,2020-03-05
Cerrillos,13102.0,57326.0,2020-03-06
Cerrillos,13102.0,29666.0,2020-03-07
Cerrillos,13102.0,19883.0,2020-03-08
Cerrillos,13102.0,60293.0,2020-03-09
Cerrillos,13102.0,61450.0,2020-03-10
Cerrillos,13102.0,60547.0,2020-03-11
Cerrillos,13102.0,61458.0,2020-03-12
Cerrillos,13102.0,62167.0,2020-03-13
Cerrillos,13102.0,30464.0,2020-03-14
Cerrillos,13102.0,16669.0,2020-03-15
Cerrillos,13102.0,48593.0,2020-03-16
Cerrillos,13102.0,39270.0,2020-03-17
Cerrillos,13102.0,33879.0,2020-03-18
Cerrillos,13102.0,24759.0,2020-03-19
Cerrillos,13102.0,23396.0,2020-03-20
Cerrillos,13102.0,10052.0,2020-03-21
Cerrillos,13102.0,4779.0,2020-03-22
Cerrillos,13102.0,19327.0,2020-03-23
Cerrillos,13102.0,19602.0,2020-03-24
Cerrillos,13102.0,18712.0,2020-03-25
Cerrillos,13102.0,18887.0,2020-03-26
Cerrillos,13102.0,14527.0,2020-03-27
Cerrillos,13102.0,7276.0,2020-03-28
Cerrillos,13102.0,3587.0,2020-03-29
Cerrillos,13102.0,15576.0,2020-03-30
Cerrillos,13102.0,16258.0,2020-03-31
Cerrillos,13102.0,16007.0,2020-04-01
Cerrillos,13102.0,15386.0,2020-04-02
Cerrillos,13102.0,8114.0,2020-04-04
Cerrillos,13102.0,4184.0,2020-04-05
Cerrillos,13102.0,16593.0,2020-04-06
Cerrillos,13102.0,16028.0,2020-04-07
Cerrillos,13102.0,16377.0,2020-04-08
Cerrillos,13102.0,16153.0,2020-04-09
Cerrillos,13102.0,4463.0,2020-04-10
Cerrillos,13102.0,4660.0,2020-04-11
Cerrillos,13102.0,3010.0,2020-04-12
Cerrillos,13102.0,17551.0,2020-04-13
Cerrillos,13102.0,16817.0,2020-04-14
Cerrillos,13102.0,17228.0,2020-04-15
Cerrillos,13102.0,16888.0,2020-04-16
Cerrillos,13102.0,17716.0,2020-04-17
Cerrillos,13102.0,7861.0,2020-04-18
Cerrillos,13102.0,4387.0,2020-04-19
Cerrillos,13102.0,18882.0,2020-04-20
Cerrillos,13102.0,17959.0,2020-04-21
Cerrillos,13102.0,18202.0,2020-04-22
Cerrillos,13102.0,17822.0,2020-04-23
Cerrillos,13102.0,18335.0,2020-04-24
Cerrillos,13102.0,9313.0,2020-04-25
Cerrillos,13102.0,4572.0,2020-04-26
Cerrillos,13102.0,19040.0,2020-04-27
Cerrillos,13102.0,18502.0,2020-04-28
Cerrillos,13102.0,16175.0,2020-04-29
Cerrillos,13102.0,17685.0,2020-04-30
Cerrillos,13102.0,4599.0,2020-05-01
Cerrillos,13102.0,8871.0,2020-05-02
Cerrillos,13102.0,5096.0,2020-05-03
Cerrillos,13102.0,21801.0,2020-05-04
Cerrillos,13102.0,20817.0,2020-05-05
Cerrillos,13102.0,14890.0,2020-05-06
Cerrillos,13102.0,15510.0,2020-05-07
Cerrillos,13102.0,15767.0,2020-05-08
Cerrillos,13102.0,6576.0,2020-05-09
Cerrillos,13102.0,3493.0,2020-05-10
Cerrillos,13102.0,15215.0,2020-05-11
Cerrillos,13102.0,15038.0,2020-05-12
Cerrillos,13102.0,14911.0,2020-05-13
Cerrillos,13102.0,15525.0,2020-05-14
Cerrillos,13102.0,15439.0,2020-05-15
Cerro Navia,13103.0,14709.0,2020-03-01
Cerro Navia,13103.0,38112.0,2020-03-02
Cerro Navia,13103.0,38040.0,2020-03-03
Cerro Navia,13103.0,38666.0,2020-03-04
Cerro Navia,13103.0,38492.0,2020-03-05
Cerro Navia,13103.0,38726.0,2020-03-06
Cerro Navia,13103.0,22338.0,2020-03-07
Cerro Navia,13103.0,13603.0,2020-03-08
Cerro Navia,13103.0,39333.0,2020-03-09
Cerro Navia,13103.0,35422.0,2020-03-10
Cerro Navia,13103.0,37522.0,2020-03-11
Cerro Navia,13103.0,38623.0,2020-03-12
Cerro Navia,13103.0,38483.0,2020-03-13
Cerro Navia,13103.0,21486.0,2020-03-14
Cerro Navia,13103.0,12940.0,2020-03-15
Cerro Navia,13103.0,32019.0,2020-03-16
Cerro Navia,13103.0,27233.0,2020-03-17
Cerro Navia,13103.0,24979.0,2020-03-18
Cerro Navia,13103.0,18072.0,2020-03-19
Cerro Navia,13103.0,4167.0,2020-03-20
Cerro Navia,13103.0,7891.0,2020-03-21
Cerro Navia,13103.0,4937.0,2020-03-22
Cerro Navia,13103.0,15289.0,2020-03-23
Cerro Navia,13103.0,15088.0,2020-03-24
Cerro Navia,13103.0,14533.0,2020-03-25
Cerro Navia,13103.0,15438.0,2020-03-26
Cerro Navia,13103.0,12069.0,2020-03-27
Cerro Navia,13103.0,6623.0,2020-03-28
Cerro Navia,13103.0,3693.0,2020-03-29
Cerro Navia,13103.0,12176.0,2020-03-30
Cerro Navia,13103.0,12854.0,2020-03-31
Cerro Navia,13103.0,11960.0,2020-04-01
Cerro Navia,13103.0,12002.0,2020-04-02
Cerro Navia,13103.0,7464.0,2020-04-04
Cerro Navia,13103.0,4550.0,2020-04-05
Cerro Navia,13103.0,13409.0,2020-04-06
Cerro Navia,13103.0,12455.0,2020-04-07
Cerro Navia,13103.0,12936.0,2020-04-08
Cerro Navia,13103.0,13007.0,2020-04-09
Cerro Navia,13103.0,4811.0,2020-04-10
Cerro Navia,13103.0,5068.0,2020-04-11
Cerro Navia,13103.0,3145.0,2020-04-12
Cerro Navia,13103.0,13605.0,2020-04-13
Cerro Navia,13103.0,13093.0,2020-04-14
Cerro Navia,13103.0,13356.0,2020-04-15
Cerro Navia,13103.0,13162.0,2020-04-16
Cerro Navia,13103.0,14406.0,2020-04-17
Cerro Navia,13103.0,6160.0,2020-04-18
Cerro Navia,13103.0,4881.0,2020-04-19
Cerro Navia,13103.0,15674.0,2020-04-20
Cerro Navia,13103.0,14737.0,2020-04-21
Cerro Navia,13103.0,14871.0,2020-04-22
Cerro Navia,13103.0,14753.0,2020-04-23
Cerro Navia,13103.0,11327.0,2020-04-24
Cerro Navia,13103.0,8144.0,2020-04-25
Cerro Navia,13103.0,4678.0,2020-04-26
Cerro Navia,13103.0,14747.0,2020-04-27
Cerro Navia,13103.0,14003.0,2020-04-28
Cerro Navia,13103.0,19627.0,2020-04-29
Cerro Navia,13103.0,21422.0,2020-04-30
Cerro Navia,13103.0,5332.0,2020-05-01
Cerro Navia,13103.0,8444.0,2020-05-02
Cerro Navia,13103.0,5662.0,2020-05-03
Cerro Navia,13103.0,16273.0,2020-05-04
Cerro Navia,13103.0,15423.0,2020-05-05
Cerro Navia,13103.0,14758.0,2020-05-06
Cerro Navia,13103.0,16172.0,2020-05-07
Cerro Navia,13103.0,16101.0,2020-05-08
Cerro Navia,13103.0,4463.0,2020-05-09
Cerro Navia,13103.0,3442.0,2020-05-10
Cerro Navia,13103.0,10504.0,2020-05-11
Cerro Navia,13103.0,10228.0,2020-05-12
Cerro Navia,13103.0,10455.0,2020-05-13
Cerro Navia,13103.0,10823.0,2020-05-14
Cerro Navia,13103.0,11625.0,2020-05-15
Conchalí,13104.0,22029.0,2020-03-01
Conchalí,13104.0,61182.0,2020-03-02
Conchalí,13104.0,61262.0,2020-03-03
Conchalí,13104.0,62643.0,2020-03-04
Conchalí,13104.0,62426.0,2020-03-05
Conchalí,13104.0,62547.0,2020-03-06
Conchalí,13104.0,34560.0,2020-03-07
Conchalí,13104.0,22384.0,2020-03-08
Conchalí,13104.0,62533.0,2020-03-09
Conchalí,13104.0,61477.0,2020-03-10
Conchalí,13104.0,55414.0,2020-03-11
Conchalí,13104.0,60847.0,2020-03-12
Conchalí,13104.0,63453.0,2020-03-13
Conchalí,13104.0,34734.0,2020-03-14
Conchalí,13104.0,19024.0,2020-03-15
Conchalí,13104.0,49815.0,2020-03-16
Conchalí,13104.0,41238.0,2020-03-17
Conchalí,13104.0,36072.0,2020-03-18
Conchalí,13104.0,26347.0,2020-03-19
Conchalí,13104.0,23061.0,2020-03-20
Conchalí,13104.0,11974.0,2020-03-21
Conchalí,13104.0,5762.0,2020-03-22
Conchalí,13104.0,21843.0,2020-03-23
Conchalí,13104.0,20310.0,2020-03-24
Conchalí,13104.0,19442.0,2020-03-25
Conchalí,13104.0,19762.0,2020-03-26
Conchalí,13104.0,13796.0,2020-03-27
Conchalí,13104.0,7808.0,2020-03-28
Conchalí,13104.0,4122.0,2020-03-29
Conchalí,13104.0,14655.0,2020-03-30
Conchalí,13104.0,15421.0,2020-03-31
Conchalí,13104.0,15226.0,2020-04-01
Conchalí,13104.0,14834.0,2020-04-02
Conchalí,13104.0,9528.0,2020-04-04
Conchalí,13104.0,5278.0,2020-04-05
Conchalí,13104.0,16834.0,2020-04-06
Conchalí,13104.0,16515.0,2020-04-07
Conchalí,13104.0,17081.0,2020-04-08
Conchalí,13104.0,17054.0,2020-04-09
Conchalí,13104.0,5476.0,2020-04-10
Conchalí,13104.0,5805.0,2020-04-11
Conchalí,13104.0,3590.0,2020-04-12
Conchalí,13104.0,16654.0,2020-04-13
Conchalí,13104.0,16228.0,2020-04-14
Conchalí,13104.0,16328.0,2020-04-15
Conchalí,13104.0,16070.0,2020-04-16
Conchalí,13104.0,17382.0,2020-04-17
Conchalí,13104.0,8321.0,2020-04-18
Conchalí,13104.0,4815.0,2020-04-19
Conchalí,13104.0,18028.0,2020-04-20
Conchalí,13104.0,17226.0,2020-04-21
Conchalí,13104.0,17114.0,2020-04-22
Conchalí,13104.0,17034.0,2020-04-23
Conchalí,13104.0,16001.0,2020-04-24
Conchalí,13104.0,9414.0,2020-04-25
Conchalí,13104.0,5061.0,2020-04-26
Conchalí,13104.0,17507.0,2020-04-27
Conchalí,13104.0,17226.0,2020-04-28
Conchalí,13104.0,14340.0,2020-04-29
Conchalí,13104.0,15361.0,2020-04-30
Conchalí,13104.0,5630.0,2020-05-01
Conchalí,13104.0,9408.0,2020-05-02
Conchalí,13104.0,5761.0,2020-05-03
Conchalí,13104.0,18919.0,2020-05-04
Conchalí,13104.0,18126.0,2020-05-05
Conchalí,13104.0,16442.0,2020-05-06
Conchalí,13104.0,16945.0,2020-05-07
Conchalí,13104.0,17497.0,2020-05-08
Conchalí,13104.0,5616.0,2020-05-09
Conchalí,13104.0,3375.0,2020-05-10
Conchalí,13104.0,11896.0,2020-05-11
Conchalí,13104.0,11756.0,2020-05-12
Conchalí,13104.0,11799.0,2020-05-13
Conchalí,13104.0,12034.0,2020-05-14
Conchalí,13104.0,11479.0,2020-05-15
El Bosque,13105.0,15921.0,2020-03-01
El Bosque,13105.0,37120.0,2020-03-02
El Bosque,13105.0,36577.0,2020-03-03
El Bosque,13105.0,37642.0,2020-03-04
El Bosque,13105.0,37113.0,2020-03-05
El Bosque,13105.0,38024.0,2020-03-06
El Bosque,13105.0,23750.0,2020-03-07
El Bosque,13105.0,16408.0,2020-03-08
El Bosque,13105.0,38309.0,2020-03-09
El Bosque,13105.0,35212.0,2020-03-10
El Bosque,13105.0,35493.0,2020-03-11
El Bosque,13105.0,36818.0,2020-03-12
El Bosque,13105.0,37814.0,2020-03-13
El Bosque,13105.0,23382.0,2020-03-14
El Bosque,13105.0,14203.0,2020-03-15
El Bosque,13105.0,31047.0,2020-03-16
El Bosque,13105.0,25555.0,2020-03-17
El Bosque,13105.0,22490.0,2020-03-18
El Bosque,13105.0,17784.0,2020-03-19
El Bosque,13105.0,9718.0,2020-03-20
El Bosque,13105.0,7934.0,2020-03-21
El Bosque,13105.0,4587.0,2020-03-22
El Bosque,13105.0,13620.0,2020-03-23
El Bosque,13105.0,13373.0,2020-03-24
El Bosque,13105.0,12738.0,2020-03-25
El Bosque,13105.0,12452.0,2020-03-26
El Bosque,13105.0,9955.0,2020-03-27
El Bosque,13105.0,5476.0,2020-03-28
El Bosque,13105.0,3116.0,2020-03-29
El Bosque,13105.0,9448.0,2020-03-30
El Bosque,13105.0,9361.0,2020-03-31
El Bosque,13105.0,9027.0,2020-04-01
El Bosque,13105.0,8871.0,2020-04-02
El Bosque,13105.0,5026.0,2020-04-04
El Bosque,13105.0,3180.0,2020-04-05
El Bosque,13105.0,8446.0,2020-04-06
El Bosque,13105.0,7474.0,2020-04-07
El Bosque,13105.0,7527.0,2020-04-08
El Bosque,13105.0,7749.0,2020-04-09
El Bosque,13105.0,2835.0,2020-04-10
El Bosque,13105.0,2752.0,2020-04-11
El Bosque,13105.0,2069.0,2020-04-12
El Bosque,13105.0,8000.0,2020-04-13
El Bosque,13105.0,7900.0,2020-04-14
El Bosque,13105.0,8673.0,2020-04-15
El Bosque,13105.0,8366.0,2020-04-16
El Bosque,13105.0,5268.0,2020-04-17
El Bosque,13105.0,2573.0,2020-04-18
El Bosque,13105.0,1861.0,2020-04-19
El Bosque,13105.0,6206.0,2020-04-20
El Bosque,13105.0,5903.0,2020-04-21
El Bosque,13105.0,6254.0,2020-04-22
El Bosque,13105.0,6074.0,2020-04-23
El Bosque,13105.0,5960.0,2020-04-24
El Bosque,13105.0,3606.0,2020-04-25
El Bosque,13105.0,2197.0,2020-04-26
El Bosque,13105.0,6735.0,2020-04-27
El Bosque,13105.0,6755.0,2020-04-28
El Bosque,13105.0,5468.0,2020-04-29
El Bosque,13105.0,5921.0,2020-04-30
El Bosque,13105.0,2523.0,2020-05-01
El Bosque,13105.0,3837.0,2020-05-02
El Bosque,13105.0,2650.0,2020-05-03
El Bosque,13105.0,7928.0,2020-05-04
El Bosque,13105.0,7500.0,2020-05-05
El Bosque,13105.0,7246.0,2020-05-06
El Bosque,13105.0,7452.0,2020-05-07
El Bosque,13105.0,7420.0,2020-05-08
El Bosque,13105.0,3243.0,2020-05-09
El Bosque,13105.0,2349.0,2020-05-10
El Bosque,13105.0,6827.0,2020-05-11
El Bosque,13105.0,6532.0,2020-05-12
El Bosque,13105.0,6373.0,2020-05-13
El Bosque,13105.0,6651.0,2020-05-14
El Bosque,13105.0,6577.0,2020-05-15
Estación Central,13106.0,103300.0,2020-03-01
Estación Central,13106.0,227698.0,2020-03-02
Estación Central,13106.0,215123.0,2020-03-03
Estación Central,13106.0,211689.0,2020-03-04
Estación Central,13106.0,213620.0,2020-03-05
Estación Central,13106.0,208834.0,2020-03-06
Estación Central,13106.0,140759.0,2020-03-07
Estación Central,13106.0,86973.0,2020-03-08
Estación Central,13106.0,212619.0,2020-03-09
Estación Central,13106.0,231471.0,2020-03-10
Estación Central,13106.0,212039.0,2020-03-11
Estación Central,13106.0,214595.0,2020-03-12
Estación Central,13106.0,220438.0,2020-03-13
Estación Central,13106.0,134107.0,2020-03-14
Estación Central,13106.0,81884.0,2020-03-15
Estación Central,13106.0,175194.0,2020-03-16
Estación Central,13106.0,133076.0,2020-03-17
Estación Central,13106.0,112687.0,2020-03-18
Estación Central,13106.0,94655.0,2020-03-19
Estación Central,13106.0,105277.0,2020-03-20
Estación Central,13106.0,43119.0,2020-03-21
Estación Central,13106.0,17476.0,2020-03-22
Estación Central,13106.0,62435.0,2020-03-23
Estación Central,13106.0,56946.0,2020-03-24
Estación Central,13106.0,55146.0,2020-03-25
Estación Central,13106.0,58310.0,2020-03-26
Estación Central,13106.0,39533.0,2020-03-27
Estación Central,13106.0,21338.0,2020-03-28
Estación Central,13106.0,11874.0,2020-03-29
Estación Central,13106.0,42461.0,2020-03-30
Estación Central,13106.0,42872.0,2020-03-31
Estación Central,13106.0,43008.0,2020-04-01
Estación Central,13106.0,41842.0,2020-04-02
Estación Central,13106.0,25422.0,2020-04-04
Estación Central,13106.0,14581.0,2020-04-05
Estación Central,13106.0,46594.0,2020-04-06
Estación Central,13106.0,43820.0,2020-04-07
Estación Central,13106.0,43610.0,2020-04-08
Estación Central,13106.0,43927.0,2020-04-09
Estación Central,13106.0,14862.0,2020-04-10
Estación Central,13106.0,15831.0,2020-04-11
Estación Central,13106.0,10741.0,2020-04-12
Estación Central,13106.0,51114.0,2020-04-13
Estación Central,13106.0,47085.0,2020-04-14
Estación Central,13106.0,47705.0,2020-04-15
Estación Central,13106.0,46900.0,2020-04-16
Estación Central,13106.0,49795.0,2020-04-17
Estación Central,13106.0,31936.0,2020-04-18
Estación Central,13106.0,15243.0,2020-04-19
Estación Central,13106.0,54185.0,2020-04-20
Estación Central,13106.0,50310.0,2020-04-21
Estación Central,13106.0,51556.0,2020-04-22
Estación Central,13106.0,51428.0,2020-04-23
Estación Central,13106.0,51973.0,2020-04-24
Estación Central,13106.0,29550.0,2020-04-25
Estación Central,13106.0,15667.0,2020-04-26
Estación Central,13106.0,56386.0,2020-04-27
Estación Central,13106.0,53865.0,2020-04-28
Estación Central,13106.0,53543.0,2020-04-29
Estación Central,13106.0,56412.0,2020-04-30
Estación Central,13106.0,11559.0,2020-05-01
Estación Central,13106.0,21354.0,2020-05-02
Estación Central,13106.0,12868.0,2020-05-03
Estación Central,13106.0,48261.0,2020-05-04
Estación Central,13106.0,45726.0,2020-05-05
Estación Central,13106.0,43510.0,2020-05-06
Estación Central,13106.0,43964.0,2020-05-07
Estación Central,13106.0,44816.0,2020-05-08
Estación Central,13106.0,23728.0,2020-05-09
Estación Central,13106.0,12186.0,2020-05-10
Estación Central,13106.0,42995.0,2020-05-11
Estación Central,13106.0,39823.0,2020-05-12
Estación Central,13106.0,39950.0,2020-05-13
Estación Central,13106.0,40973.0,2020-05-14
Estación Central,13106.0,41915.0,2020-05-15
Huechuraba,13107.0,10179.0,2020-03-01
Huechuraba,13107.0,33797.0,2020-03-02
Huechuraba,13107.0,33969.0,2020-03-03
Huechuraba,13107.0,33316.0,2020-03-04
Huechuraba,13107.0,33424.0,2020-03-05
Huechuraba,13107.0,33848.0,2020-03-06
Huechuraba,13107.0,16437.0,2020-03-07
Huechuraba,13107.0,9355.0,2020-03-08
Huechuraba,13107.0,35574.0,2020-03-09
Huechuraba,13107.0,32780.0,2020-03-10
Huechuraba,13107.0,33475.0,2020-03-11
Huechuraba,13107.0,35766.0,2020-03-12
Huechuraba,13107.0,35387.0,2020-03-13
Huechuraba,13107.0,15689.0,2020-03-14
Huechuraba,13107.0,8633.0,2020-03-15
Huechuraba,13107.0,27360.0,2020-03-16
Huechuraba,13107.0,21472.0,2020-03-17
Huechuraba,13107.0,18316.0,2020-03-18
Huechuraba,13107.0,10398.0,2020-03-19
Huechuraba,13107.0,4656.0,2020-03-20
Huechuraba,13107.0,4137.0,2020-03-21
Huechuraba,13107.0,2424.0,2020-03-22
Huechuraba,13107.0,10065.0,2020-03-23
Huechuraba,13107.0,9124.0,2020-03-24
Huechuraba,13107.0,8599.0,2020-03-25
Huechuraba,13107.0,8081.0,2020-03-26
Huechuraba,13107.0,6089.0,2020-03-27
Huechuraba,13107.0,3038.0,2020-03-28
Huechuraba,13107.0,1649.0,2020-03-29
Huechuraba,13107.0,6422.0,2020-03-30
Huechuraba,13107.0,6844.0,2020-03-31
Huechuraba,13107.0,6737.0,2020-04-01
Huechuraba,13107.0,6334.0,2020-04-02
Huechuraba,13107.0,3347.0,2020-04-04
Huechuraba,13107.0,1619.0,2020-04-05
Huechuraba,13107.0,6561.0,2020-04-06
Huechuraba,13107.0,6011.0,2020-04-07
Huechuraba,13107.0,6309.0,2020-04-08
Huechuraba,13107.0,6513.0,2020-04-09
Huechuraba,13107.0,1938.0,2020-04-10
Huechuraba,13107.0,1818.0,2020-04-11
Huechuraba,13107.0,1248.0,2020-04-12
Huechuraba,13107.0,6440.0,2020-04-13
Huechuraba,13107.0,6092.0,2020-04-14
Huechuraba,13107.0,6355.0,2020-04-15
Huechuraba,13107.0,6245.0,2020-04-16
Huechuraba,13107.0,6251.0,2020-04-17
Huechuraba,13107.0,2198.0,2020-04-18
Huechuraba,13107.0,1552.0,2020-04-19
Huechuraba,13107.0,6746.0,2020-04-20
Huechuraba,13107.0,6739.0,2020-04-21
Huechuraba,13107.0,5975.0,2020-04-22
Huechuraba,13107.0,6142.0,2020-04-23
Huechuraba,13107.0,5969.0,2020-04-24
Huechuraba,13107.0,2870.0,2020-04-25
Huechuraba,13107.0,1432.0,2020-04-26
Huechuraba,13107.0,6459.0,2020-04-27
Huechuraba,13107.0,6049.0,2020-04-28
Huechuraba,13107.0,14412.0,2020-04-29
Huechuraba,13107.0,14835.0,2020-04-30
Huechuraba,13107.0,1390.0,2020-05-01
Huechuraba,13107.0,2927.0,2020-05-02
Huechuraba,13107.0,1659.0,2020-05-03
Huechuraba,13107.0,6899.0,2020-05-04
Huechuraba,13107.0,6233.0,2020-05-05
Huechuraba,13107.0,5489.0,2020-05-06
Huechuraba,13107.0,5568.0,2020-05-07
Huechuraba,13107.0,5861.0,2020-05-08
Huechuraba,13107.0,2001.0,2020-05-09
Huechuraba,13107.0,1384.0,2020-05-10
Huechuraba,13107.0,5475.0,2020-05-11
Huechuraba,13107.0,5225.0,2020-05-12
Huechuraba,13107.0,4871.0,2020-05-13
Huechuraba,13107.0,4947.0,2020-05-14
Huechuraba,13107.0,4924.0,2020-05-15
Independencia,13108.0,19996.0,2020-03-01
Independencia,13108.0,54368.0,2020-03-02
Independencia,13108.0,55589.0,2020-03-03
Independencia,13108.0,56117.0,2020-03-04
Independencia,13108.0,56149.0,2020-03-05
Independencia,13108.0,56798.0,2020-03-06
Independencia,13108.0,33145.0,2020-03-07
Independencia,13108.0,19017.0,2020-03-08
Independencia,13108.0,55011.0,2020-03-09
Independencia,13108.0,58280.0,2020-03-10
Independencia,13108.0,55662.0,2020-03-11
Independencia,13108.0,56814.0,2020-03-12
Independencia,13108.0,56260.0,2020-03-13
Independencia,13108.0,32350.0,2020-03-14
Independencia,13108.0,17897.0,2020-03-15
Independencia,13108.0,44132.0,2020-03-16
Independencia,13108.0,35308.0,2020-03-17
Independencia,13108.0,31134.0,2020-03-18
Independencia,13108.0,25293.0,2020-03-19
Independencia,13108.0,25138.0,2020-03-20
Independencia,13108.0,12517.0,2020-03-21
Independencia,13108.0,5482.0,2020-03-22
Independencia,13108.0,18757.0,2020-03-23
Independencia,13108.0,17264.0,2020-03-24
Independencia,13108.0,16404.0,2020-03-25
Independencia,13108.0,18817.0,2020-03-26
Independencia,13108.0,7796.0,2020-03-27
Independencia,13108.0,4957.0,2020-03-28
Independencia,13108.0,3093.0,2020-03-29
Independencia,13108.0,9286.0,2020-03-30
Independencia,13108.0,10022.0,2020-03-31
Independencia,13108.0,10397.0,2020-04-01
Independencia,13108.0,10335.0,2020-04-02
Independencia,13108.0,9391.0,2020-04-04
Independencia,13108.0,5406.0,2020-04-05
Independencia,13108.0,16014.0,2020-04-06
Independencia,13108.0,15481.0,2020-04-07
Independencia,13108.0,15907.0,2020-04-08
Independencia,13108.0,15911.0,2020-04-09
Independencia,13108.0,5835.0,2020-04-10
Independencia,13108.0,5885.0,2020-04-11
Independencia,13108.0,3952.0,2020-04-12
Independencia,13108.0,16414.0,2020-04-13
Independencia,13108.0,15603.0,2020-04-14
Independencia,13108.0,15859.0,2020-04-15
Independencia,13108.0,15544.0,2020-04-16
Independencia,13108.0,16335.0,2020-04-17
Independencia,13108.0,10121.0,2020-04-18
Independencia,13108.0,5215.0,2020-04-19
Independencia,13108.0,17234.0,2020-04-20
Independencia,13108.0,16429.0,2020-04-21
Independencia,13108.0,17147.0,2020-04-22
Independencia,13108.0,16734.0,2020-04-23
Independencia,13108.0,15600.0,2020-04-24
Independencia,13108.0,9330.0,2020-04-25
Independencia,13108.0,5267.0,2020-04-26
Independencia,13108.0,16038.0,2020-04-27
Independencia,13108.0,16321.0,2020-04-28
Independencia,13108.0,14117.0,2020-04-29
Independencia,13108.0,15329.0,2020-04-30
Independencia,13108.0,4469.0,2020-05-01
Independencia,13108.0,7898.0,2020-05-02
Independencia,13108.0,4794.0,2020-05-03
Independencia,13108.0,14853.0,2020-05-04
Independencia,13108.0,14299.0,2020-05-05
Independencia,13108.0,13298.0,2020-05-06
Independencia,13108.0,13327.0,2020-05-07
Independencia,13108.0,13935.0,2020-05-08
Independencia,13108.0,8159.0,2020-05-09
Independencia,13108.0,4688.0,2020-05-10
Independencia,13108.0,12886.0,2020-05-11
Independencia,13108.0,12805.0,2020-05-12
Independencia,13108.0,12675.0,2020-05-13
Independencia,13108.0,12982.0,2020-05-14
Independencia,13108.0,14410.0,2020-05-15
La Cisterna,13109.0,50162.0,2020-03-01
La Cisterna,13109.0,151785.0,2020-03-02
La Cisterna,13109.0,152050.0,2020-03-03
La Cisterna,13109.0,151058.0,2020-03-04
La Cisterna,13109.0,152144.0,2020-03-05
La Cisterna,13109.0,151133.0,2020-03-06
La Cisterna,13109.0,87045.0,2020-03-07
La Cisterna,13109.0,50103.0,2020-03-08
La Cisterna,13109.0,156993.0,2020-03-09
La Cisterna,13109.0,168712.0,2020-03-10
La Cisterna,13109.0,125156.0,2020-03-11
La Cisterna,13109.0,146717.0,2020-03-12
La Cisterna,13109.0,153660.0,2020-03-13
La Cisterna,13109.0,85340.0,2020-03-14
La Cisterna,13109.0,44589.0,2020-03-15
La Cisterna,13109.0,125002.0,2020-03-16
La Cisterna,13109.0,103605.0,2020-03-17
La Cisterna,13109.0,91373.0,2020-03-18
La Cisterna,13109.0,83671.0,2020-03-19
La Cisterna,13109.0,109554.0,2020-03-20
La Cisterna,13109.0,37428.0,2020-03-21
La Cisterna,13109.0,13565.0,2020-03-22
La Cisterna,13109.0,56681.0,2020-03-23
La Cisterna,13109.0,53460.0,2020-03-24
La Cisterna,13109.0,52013.0,2020-03-25
La Cisterna,13109.0,52992.0,2020-03-26
La Cisterna,13109.0,40506.0,2020-03-27
La Cisterna,13109.0,20669.0,2020-03-28
La Cisterna,13109.0,10240.0,2020-03-29
La Cisterna,13109.0,42234.0,2020-03-30
La Cisterna,13109.0,43215.0,2020-03-31
La Cisterna,13109.0,42893.0,2020-04-01
La Cisterna,13109.0,42144.0,2020-04-02
La Cisterna,13109.0,23860.0,2020-04-04
La Cisterna,13109.0,11984.0,2020-04-05
La Cisterna,13109.0,44853.0,2020-04-06
La Cisterna,13109.0,42972.0,2020-04-07
La Cisterna,13109.0,42323.0,2020-04-08
La Cisterna,13109.0,43202.0,2020-04-09
La Cisterna,13109.0,12475.0,2020-04-10
La Cisterna,13109.0,13088.0,2020-04-11
La Cisterna,13109.0,9076.0,2020-04-12
La Cisterna,13109.0,45470.0,2020-04-13
La Cisterna,13109.0,43707.0,2020-04-14
La Cisterna,13109.0,46501.0,2020-04-15
La Cisterna,13109.0,44748.0,2020-04-16
La Cisterna,13109.0,42857.0,2020-04-17
La Cisterna,13109.0,27933.0,2020-04-18
La Cisterna,13109.0,10574.0,2020-04-19
La Cisterna,13109.0,45732.0,2020-04-20
La Cisterna,13109.0,43175.0,2020-04-21
La Cisterna,13109.0,44154.0,2020-04-22
La Cisterna,13109.0,43425.0,2020-04-23
La Cisterna,13109.0,44774.0,2020-04-24
La Cisterna,13109.0,24292.0,2020-04-25
La Cisterna,13109.0,11616.0,2020-04-26
La Cisterna,13109.0,46670.0,2020-04-27
La Cisterna,13109.0,44919.0,2020-04-28
La Cisterna,13109.0,47884.0,2020-04-29
La Cisterna,13109.0,51790.0,2020-04-30
La Cisterna,13109.0,13754.0,2020-05-01
La Cisterna,13109.0,24064.0,2020-05-02
La Cisterna,13109.0,13141.0,2020-05-03
La Cisterna,13109.0,51968.0,2020-05-04
La Cisterna,13109.0,49686.0,2020-05-05
La Cisterna,13109.0,46852.0,2020-05-06
La Cisterna,13109.0,49262.0,2020-05-07
La Cisterna,13109.0,49135.0,2020-05-08
La Cisterna,13109.0,19357.0,2020-05-09
La Cisterna,13109.0,8578.0,2020-05-10
La Cisterna,13109.0,34083.0,2020-05-11
La Cisterna,13109.0,33740.0,2020-05-12
La Cisterna,13109.0,33697.0,2020-05-13
La Cisterna,13109.0,33671.0,2020-05-14
La Cisterna,13109.0,35870.0,2020-05-15
La Florida,13110.0,82069.0,2020-03-01
La Florida,13110.0,212268.0,2020-03-02
La Florida,13110.0,216832.0,2020-03-03
La Florida,13110.0,217399.0,2020-03-04
La Florida,13110.0,217362.0,2020-03-05
La Florida,13110.0,209206.0,2020-03-06
La Florida,13110.0,126925.0,2020-03-07
La Florida,13110.0,83213.0,2020-03-08
La Florida,13110.0,220983.0,2020-03-09
La Florida,13110.0,227057.0,2020-03-10
La Florida,13110.0,197171.0,2020-03-11
La Florida,13110.0,220015.0,2020-03-12
La Florida,13110.0,223734.0,2020-03-13
La Florida,13110.0,124381.0,2020-03-14
La Florida,13110.0,69722.0,2020-03-15
La Florida,13110.0,166361.0,2020-03-16
La Florida,13110.0,131125.0,2020-03-17
La Florida,13110.0,112045.0,2020-03-18
La Florida,13110.0,89961.0,2020-03-19
La Florida,13110.0,91560.0,2020-03-20
La Florida,13110.0,38646.0,2020-03-21
La Florida,13110.0,16844.0,2020-03-22
La Florida,13110.0,62772.0,2020-03-23
La Florida,13110.0,58446.0,2020-03-24
La Florida,13110.0,56466.0,2020-03-25
La Florida,13110.0,57549.0,2020-03-26
La Florida,13110.0,43500.0,2020-03-27
La Florida,13110.0,23014.0,2020-03-28
La Florida,13110.0,12434.0,2020-03-29
La Florida,13110.0,44655.0,2020-03-30
La Florida,13110.0,45306.0,2020-03-31
La Florida,13110.0,45514.0,2020-04-01
La Florida,13110.0,43514.0,2020-04-02
La Florida,13110.0,25418.0,2020-04-04
La Florida,13110.0,13971.0,2020-04-05
La Florida,13110.0,45823.0,2020-04-06
La Florida,13110.0,43979.0,2020-04-07
La Florida,13110.0,43479.0,2020-04-08
La Florida,13110.0,43952.0,2020-04-09
La Florida,13110.0,14883.0,2020-04-10
La Florida,13110.0,15329.0,2020-04-11
La Florida,13110.0,10282.0,2020-04-12
La Florida,13110.0,47128.0,2020-04-13
La Florida,13110.0,45196.0,2020-04-14
La Florida,13110.0,46308.0,2020-04-15
La Florida,13110.0,44920.0,2020-04-16
La Florida,13110.0,49490.0,2020-04-17
La Florida,13110.0,27139.0,2020-04-18
La Florida,13110.0,14198.0,2020-04-19
La Florida,13110.0,51799.0,2020-04-20
La Florida,13110.0,49438.0,2020-04-21
La Florida,13110.0,50348.0,2020-04-22
La Florida,13110.0,49446.0,2020-04-23
La Florida,13110.0,51316.0,2020-04-24
La Florida,13110.0,27738.0,2020-04-25
La Florida,13110.0,14679.0,2020-04-26
La Florida,13110.0,52397.0,2020-04-27
La Florida,13110.0,51629.0,2020-04-28
La Florida,13110.0,54523.0,2020-04-29
La Florida,13110.0,56498.0,2020-04-30
La Florida,13110.0,15384.0,2020-05-01
La Florida,13110.0,28511.0,2020-05-02
La Florida,13110.0,16696.0,2020-05-03
La Florida,13110.0,58727.0,2020-05-04
La Florida,13110.0,55930.0,2020-05-05
La Florida,13110.0,55512.0,2020-05-06
La Florida,13110.0,59037.0,2020-05-07
La Florida,13110.0,57628.0,2020-05-08
La Florida,13110.0,18055.0,2020-05-09
La Florida,13110.0,10497.0,2020-05-10
La Florida,13110.0,34970.0,2020-05-11
La Florida,13110.0,33949.0,2020-05-12
La Florida,13110.0,34061.0,2020-05-13
La Florida,13110.0,35278.0,2020-05-14
La Florida,13110.0,36461.0,2020-05-15
La Granja,13111.0,10462.0,2020-03-01
La Granja,13111.0,27031.0,2020-03-02
La Granja,13111.0,27210.0,2020-03-03
La Granja,13111.0,28580.0,2020-03-04
La Granja,13111.0,28645.0,2020-03-05
La Granja,13111.0,27524.0,2020-03-06
La Granja,13111.0,16165.0,2020-03-07
La Granja,13111.0,10264.0,2020-03-08
La Granja,13111.0,27039.0,2020-03-09
La Granja,13111.0,25787.0,2020-03-10
La Granja,13111.0,21708.0,2020-03-11
La Granja,13111.0,25616.0,2020-03-12
La Granja,13111.0,24850.0,2020-03-13
La Granja,13111.0,15384.0,2020-03-14
La Granja,13111.0,9827.0,2020-03-15
La Granja,13111.0,22701.0,2020-03-16
La Granja,13111.0,18859.0,2020-03-17
La Granja,13111.0,16736.0,2020-03-18
La Granja,13111.0,11594.0,2020-03-19
La Granja,13111.0,3274.0,2020-03-20
La Granja,13111.0,5591.0,2020-03-21
La Granja,13111.0,3509.0,2020-03-22
La Granja,13111.0,9210.0,2020-03-23
La Granja,13111.0,9893.0,2020-03-24
La Granja,13111.0,9420.0,2020-03-25
La Granja,13111.0,8942.0,2020-03-26
La Granja,13111.0,6951.0,2020-03-27
La Granja,13111.0,4099.0,2020-03-28
La Granja,13111.0,2124.0,2020-03-29
La Granja,13111.0,6962.0,2020-03-30
La Granja,13111.0,7164.0,2020-03-31
La Granja,13111.0,6674.0,2020-04-01
La Granja,13111.0,6249.0,2020-04-02
La Granja,13111.0,4005.0,2020-04-04
La Granja,13111.0,2176.0,2020-04-05
La Granja,13111.0,6171.0,2020-04-06
La Granja,13111.0,5803.0,2020-04-07
La Granja,13111.0,5802.0,2020-04-08
La Granja,13111.0,6003.0,2020-04-09
La Granja,13111.0,2036.0,2020-04-10
La Granja,13111.0,2084.0,2020-04-11
La Granja,13111.0,1509.0,2020-04-12
La Granja,13111.0,6364.0,2020-04-13
La Granja,13111.0,6056.0,2020-04-14
La Granja,13111.0,6205.0,2020-04-15
La Granja,13111.0,6066.0,2020-04-16
La Granja,13111.0,6572.0,2020-04-17
La Granja,13111.0,2821.0,2020-04-18
La Granja,13111.0,2046.0,2020-04-19
La Granja,13111.0,6953.0,2020-04-20
La Granja,13111.0,6685.0,2020-04-21
La Granja,13111.0,6831.0,2020-04-22
La Granja,13111.0,6273.0,2020-04-23
La Granja,13111.0,6208.0,2020-04-24
La Granja,13111.0,3906.0,2020-04-25
La Granja,13111.0,2062.0,2020-04-26
La Granja,13111.0,6926.0,2020-04-27
La Granja,13111.0,6752.0,2020-04-28
La Granja,13111.0,4492.0,2020-04-29
La Granja,13111.0,5061.0,2020-04-30
La Granja,13111.0,2166.0,2020-05-01
La Granja,13111.0,3677.0,2020-05-02
La Granja,13111.0,2305.0,2020-05-03
La Granja,13111.0,6896.0,2020-05-04
La Granja,13111.0,6669.0,2020-05-05
La Granja,13111.0,6516.0,2020-05-06
La Granja,13111.0,6402.0,2020-05-07
La Granja,13111.0,6582.0,2020-05-08
La Granja,13111.0,1902.0,2020-05-09
La Granja,13111.0,1444.0,2020-05-10
La Granja,13111.0,4409.0,2020-05-11
La Granja,13111.0,4331.0,2020-05-12
La Granja,13111.0,4294.0,2020-05-13
La Granja,13111.0,4228.0,2020-05-14
La Granja,13111.0,4821.0,2020-05-15
La Pintana,13112.0,11170.0,2020-03-01
La Pintana,13112.0,29791.0,2020-03-02
La Pintana,13112.0,29771.0,2020-03-03
La Pintana,13112.0,1.0,2020-03-03
La Pintana,13112.0,30724.0,2020-03-04
La Pintana,13112.0,4.0,2020-03-04
La Pintana,13112.0,29977.0,2020-03-05
La Pintana,13112.0,30493.0,2020-03-06
La Pintana,13112.0,17759.0,2020-03-07
La Pintana,13112.0,10344.0,2020-03-08
La Pintana,13112.0,30750.0,2020-03-09
La Pintana,13112.0,27715.0,2020-03-10
La Pintana,13112.0,26795.0,2020-03-11
La Pintana,13112.0,28018.0,2020-03-12
La Pintana,13112.0,28131.0,2020-03-13
La Pintana,13112.0,16660.0,2020-03-14
La Pintana,13112.0,9677.0,2020-03-15
La Pintana,13112.0,25212.0,2020-03-16
La Pintana,13112.0,19119.0,2020-03-17
La Pintana,13112.0,18039.0,2020-03-18
La Pintana,13112.0,13314.0,2020-03-19
La Pintana,13112.0,2753.0,2020-03-20
La Pintana,13112.0,6145.0,2020-03-21
La Pintana,13112.0,3878.0,2020-03-22
La Pintana,13112.0,11754.0,2020-03-23
La Pintana,13112.0,11188.0,2020-03-24
La Pintana,13112.0,10566.0,2020-03-25
La Pintana,13112.0,8460.0,2020-03-26
La Pintana,13112.0,6550.0,2020-03-27
La Pintana,13112.0,3598.0,2020-03-28
La Pintana,13112.0,1925.0,2020-03-29
La Pintana,13112.0,5829.0,2020-03-30
La Pintana,13112.0,5407.0,2020-03-31
La Pintana,13112.0,5488.0,2020-04-01
La Pintana,13112.0,5388.0,2020-04-02
La Pintana,13112.0,3164.0,2020-04-04
La Pintana,13112.0,1753.0,2020-04-05
La Pintana,13112.0,4755.0,2020-04-06
La Pintana,13112.0,4156.0,2020-04-07
La Pintana,13112.0,4195.0,2020-04-08
La Pintana,13112.0,4212.0,2020-04-09
La Pintana,13112.0,1375.0,2020-04-10
La Pintana,13112.0,1496.0,2020-04-11
La Pintana,13112.0,941.0,2020-04-12
La Pintana,13112.0,4221.0,2020-04-13
La Pintana,13112.0,4051.0,2020-04-14
La Pintana,13112.0,4288.0,2020-04-15
La Pintana,13112.0,2.0,2020-04-15
La Pintana,13112.0,3892.0,2020-04-16
La Pintana,13112.0,3.0,2020-04-16
La Pintana,13112.0,4088.0,2020-04-17
La Pintana,13112.0,1844.0,2020-04-18
La Pintana,13112.0,1291.0,2020-04-19
La Pintana,13112.0,4646.0,2020-04-20
La Pintana,13112.0,4352.0,2020-04-21
La Pintana,13112.0,4367.0,2020-04-22
La Pintana,13112.0,4066.0,2020-04-23
La Pintana,13112.0,3641.0,2020-04-24
La Pintana,13112.0,2434.0,2020-04-25
La Pintana,13112.0,1332.0,2020-04-26
La Pintana,13112.0,4291.0,2020-04-27
La Pintana,13112.0,4256.0,2020-04-28
La Pintana,13112.0,7130.0,2020-04-29
La Pintana,13112.0,6675.0,2020-04-30
La Pintana,13112.0,1190.0,2020-05-01
La Pintana,13112.0,2353.0,2020-05-02
La Pintana,13112.0,1362.0,2020-05-03
La Pintana,13112.0,4566.0,2020-05-04
La Pintana,13112.0,4303.0,2020-05-05
La Pintana,13112.0,4458.0,2020-05-06
La Pintana,13112.0,4672.0,2020-05-07
La Pintana,13112.0,4583.0,2020-05-08
La Pintana,13112.0,1532.0,2020-05-09
La Pintana,13112.0,1260.0,2020-05-10
La Pintana,13112.0,3570.0,2020-05-11
La Pintana,13112.0,3553.0,2020-05-12
La Pintana,13112.0,3541.0,2020-05-13
La Pintana,13112.0,3293.0,2020-05-14
La Pintana,13112.0,3522.0,2020-05-15
La Reina,13113.0,24336.0,2020-03-01
La Reina,13113.0,71695.0,2020-03-02
La Reina,13113.0,74574.0,2020-03-03
La Reina,13113.0,75419.0,2020-03-04
La Reina,13113.0,77885.0,2020-03-05
La Reina,13113.0,78171.0,2020-03-06
La Reina,13113.0,40972.0,2020-03-07
La Reina,13113.0,26070.0,2020-03-08
La Reina,13113.0,76146.0,2020-03-09
La Reina,13113.0,78640.0,2020-03-10
La Reina,13113.0,77128.0,2020-03-11
La Reina,13113.0,78572.0,2020-03-12
La Reina,13113.0,80718.0,2020-03-13
La Reina,13113.0,39278.0,2020-03-14
La Reina,13113.0,20419.0,2020-03-15
La Reina,13113.0,53108.0,2020-03-16
La Reina,13113.0,40197.0,2020-03-17
La Reina,13113.0,34496.0,2020-03-18
La Reina,13113.0,26532.0,2020-03-19
La Reina,13113.0,22479.0,2020-03-20
La Reina,13113.0,10323.0,2020-03-21
La Reina,13113.0,4492.0,2020-03-22
La Reina,13113.0,17576.0,2020-03-23
La Reina,13113.0,16238.0,2020-03-24
La Reina,13113.0,15743.0,2020-03-25
La Reina,13113.0,16393.0,2020-03-26
La Reina,13113.0,11619.0,2020-03-27
La Reina,13113.0,6024.0,2020-03-28
La Reina,13113.0,3404.0,2020-03-29
La Reina,13113.0,11664.0,2020-03-30
La Reina,13113.0,12023.0,2020-03-31
La Reina,13113.0,11789.0,2020-04-01
La Reina,13113.0,11716.0,2020-04-02
La Reina,13113.0,6293.0,2020-04-04
La Reina,13113.0,3670.0,2020-04-05
La Reina,13113.0,12317.0,2020-04-06
La Reina,13113.0,12018.0,2020-04-07
La Reina,13113.0,11837.0,2020-04-08
La Reina,13113.0,12433.0,2020-04-09
La Reina,13113.0,4089.0,2020-04-10
La Reina,13113.0,4215.0,2020-04-11
La Reina,13113.0,2862.0,2020-04-12
La Reina,13113.0,12574.0,2020-04-13
La Reina,13113.0,11911.0,2020-04-14
La Reina,13113.0,12076.0,2020-04-15
La Reina,13113.0,11812.0,2020-04-16
La Reina,13113.0,13012.0,2020-04-17
La Reina,13113.0,6867.0,2020-04-18
La Reina,13113.0,3759.0,2020-04-19
La Reina,13113.0,13577.0,2020-04-20
La Reina,13113.0,12826.0,2020-04-21
La Reina,13113.0,12965.0,2020-04-22
La Reina,13113.0,12706.0,2020-04-23
La Reina,13113.0,12917.0,2020-04-24
La Reina,13113.0,7007.0,2020-04-25
La Reina,13113.0,3657.0,2020-04-26
La Reina,13113.0,13424.0,2020-04-27
La Reina,13113.0,12907.0,2020-04-28
La Reina,13113.0,12027.0,2020-04-29
La Reina,13113.0,13370.0,2020-04-30
La Reina,13113.0,3567.0,2020-05-01
La Reina,13113.0,6821.0,2020-05-02
La Reina,13113.0,3999.0,2020-05-03
La Reina,13113.0,14883.0,2020-05-04
La Reina,13113.0,13979.0,2020-05-05
La Reina,13113.0,13573.0,2020-05-06
La Reina,13113.0,13953.0,2020-05-07
La Reina,13113.0,14492.0,2020-05-08
La Reina,13113.0,6698.0,2020-05-09
La Reina,13113.0,3578.0,2020-05-10
La Reina,13113.0,12154.0,2020-05-11
La Reina,13113.0,11807.0,2020-05-12
La Reina,13113.0,12108.0,2020-05-13
La Reina,13113.0,12232.0,2020-05-14
La Reina,13113.0,12639.0,2020-05-15
Las Condes,13114.0,82475.0,2020-03-01
Las Condes,13114.0,354324.0,2020-03-02
Las Condes,13114.0,362957.0,2020-03-03
Las Condes,13114.0,363791.0,2020-03-04
Las Condes,13114.0,369083.0,2020-03-05
Las Condes,13114.0,353562.0,2020-03-06
Las Condes,13114.0,151903.0,2020-03-07
Las Condes,13114.0,89046.0,2020-03-08
Las Condes,13114.0,375176.0,2020-03-09
Las Condes,13114.0,396163.0,2020-03-10
Las Condes,13114.0,379950.0,2020-03-11
Las Condes,13114.0,392099.0,2020-03-12
Las Condes,13114.0,387884.0,2020-03-13
Las Condes,13114.0,150040.0,2020-03-14
Las Condes,13114.0,75118.0,2020-03-15
Las Condes,13114.0,254821.0,2020-03-16
Las Condes,13114.0,188199.0,2020-03-17
Las Condes,13114.0,156129.0,2020-03-18
Las Condes,13114.0,131114.0,2020-03-19
Las Condes,13114.0,123825.0,2020-03-20
Las Condes,13114.0,47110.0,2020-03-21
Las Condes,13114.0,18686.0,2020-03-22
Las Condes,13114.0,77944.0,2020-03-23
Las Condes,13114.0,70730.0,2020-03-24
Las Condes,13114.0,69113.0,2020-03-25
Las Condes,13114.0,74285.0,2020-03-26
Las Condes,13114.0,25856.0,2020-03-27
Las Condes,13114.0,18138.0,2020-03-28
Las Condes,13114.0,10958.0,2020-03-29
Las Condes,13114.0,27437.0,2020-03-30
Las Condes,13114.0,28778.0,2020-03-31
Las Condes,13114.0,28903.0,2020-04-01
Las Condes,13114.0,28696.0,2020-04-02
Las Condes,13114.0,20308.0,2020-04-04
Las Condes,13114.0,12245.0,2020-04-05
Las Condes,13114.0,30690.0,2020-04-06
Las Condes,13114.0,30358.0,2020-04-07
Las Condes,13114.0,31090.0,2020-04-08
Las Condes,13114.0,32429.0,2020-04-09
Las Condes,13114.0,16831.0,2020-04-10
Las Condes,13114.0,14997.0,2020-04-11
Las Condes,13114.0,11089.0,2020-04-12
Las Condes,13114.0,37822.0,2020-04-13
Las Condes,13114.0,36855.0,2020-04-14
Las Condes,13114.0,37705.0,2020-04-15
Las Condes,13114.0,37113.0,2020-04-16
Las Condes,13114.0,59197.0,2020-04-17
Las Condes,13114.0,32791.0,2020-04-18
Las Condes,13114.0,15010.0,2020-04-19
Las Condes,13114.0,62417.0,2020-04-20
Las Condes,13114.0,59300.0,2020-04-21
Las Condes,13114.0,61107.0,2020-04-22
Las Condes,13114.0,61969.0,2020-04-23
Las Condes,13114.0,65875.0,2020-04-24
Las Condes,13114.0,33183.0,2020-04-25
Las Condes,13114.0,15256.0,2020-04-26
Las Condes,13114.0,67335.0,2020-04-27
Las Condes,13114.0,66142.0,2020-04-28
Las Condes,13114.0,69487.0,2020-04-29
Las Condes,13114.0,76150.0,2020-04-30
Las Condes,13114.0,16487.0,2020-05-01
Las Condes,13114.0,31352.0,2020-05-02
Las Condes,13114.0,16883.0,2020-05-03
Las Condes,13114.0,76260.0,2020-05-04
Las Condes,13114.0,73880.0,2020-05-05
Las Condes,13114.0,71464.0,2020-05-06
Las Condes,13114.0,71563.0,2020-05-07
Las Condes,13114.0,74159.0,2020-05-08
Las Condes,13114.0,32418.0,2020-05-09
Las Condes,13114.0,15363.0,2020-05-10
Las Condes,13114.0,60710.0,2020-05-11
Las Condes,13114.0,58625.0,2020-05-12
Las Condes,13114.0,58701.0,2020-05-13
Las Condes,13114.0,59758.0,2020-05-14
Las Condes,13114.0,61566.0,2020-05-15
Lo Barnechea,13115.0,8821.0,2020-03-01
Lo Barnechea,13115.0,28634.0,2020-03-02
Lo Barnechea,13115.0,28608.0,2020-03-03
Lo Barnechea,13115.0,28406.0,2020-03-04
Lo Barnechea,13115.0,28936.0,2020-03-05
Lo Barnechea,13115.0,30062.0,2020-03-06
Lo Barnechea,13115.0,16773.0,2020-03-07
Lo Barnechea,13115.0,8913.0,2020-03-08
Lo Barnechea,13115.0,29497.0,2020-03-09
Lo Barnechea,13115.0,26365.0,2020-03-10
Lo Barnechea,13115.0,29742.0,2020-03-11
Lo Barnechea,13115.0,29900.0,2020-03-12
Lo Barnechea,13115.0,31933.0,2020-03-13
Lo Barnechea,13115.0,16333.0,2020-03-14
Lo Barnechea,13115.0,8208.0,2020-03-15
Lo Barnechea,13115.0,21766.0,2020-03-16
Lo Barnechea,13115.0,16995.0,2020-03-17
Lo Barnechea,13115.0,14745.0,2020-03-18
Lo Barnechea,13115.0,7185.0,2020-03-19
Lo Barnechea,13115.0,6092.0,2020-03-20
Lo Barnechea,13115.0,3477.0,2020-03-21
Lo Barnechea,13115.0,2191.0,2020-03-22
Lo Barnechea,13115.0,8062.0,2020-03-23
Lo Barnechea,13115.0,7261.0,2020-03-24
Lo Barnechea,13115.0,7260.0,2020-03-25
Lo Barnechea,13115.0,7962.0,2020-03-26
Lo Barnechea,13115.0,2150.0,2020-03-27
Lo Barnechea,13115.0,1836.0,2020-03-28
Lo Barnechea,13115.0,1098.0,2020-03-29
Lo Barnechea,13115.0,2384.0,2020-03-30
Lo Barnechea,13115.0,2598.0,2020-03-31
Lo Barnechea,13115.0,2652.0,2020-04-01
Lo Barnechea,13115.0,2652.0,2020-04-02
Lo Barnechea,13115.0,2225.0,2020-04-04
Lo Barnechea,13115.0,1328.0,2020-04-05
Lo Barnechea,13115.0,2859.0,2020-04-06
Lo Barnechea,13115.0,2696.0,2020-04-07
Lo Barnechea,13115.0,2846.0,2020-04-08
Lo Barnechea,13115.0,3197.0,2020-04-09
Lo Barnechea,13115.0,1937.0,2020-04-10
Lo Barnechea,13115.0,1546.0,2020-04-11
Lo Barnechea,13115.0,1040.0,2020-04-12
Lo Barnechea,13115.0,5202.0,2020-04-13
Lo Barnechea,13115.0,5203.0,2020-04-14
Lo Barnechea,13115.0,5342.0,2020-04-15
Lo Barnechea,13115.0,5304.0,2020-04-16
Lo Barnechea,13115.0,6151.0,2020-04-17
Lo Barnechea,13115.0,2499.0,2020-04-18
Lo Barnechea,13115.0,1680.0,2020-04-19
Lo Barnechea,13115.0,6289.0,2020-04-20
Lo Barnechea,13115.0,5607.0,2020-04-21
Lo Barnechea,13115.0,5909.0,2020-04-22
Lo Barnechea,13115.0,5609.0,2020-04-23
Lo Barnechea,13115.0,6502.0,2020-04-24
Lo Barnechea,13115.0,3641.0,2020-04-25
Lo Barnechea,13115.0,1790.0,2020-04-26
Lo Barnechea,13115.0,6289.0,2020-04-27
Lo Barnechea,13115.0,6043.0,2020-04-28
Lo Barnechea,13115.0,6549.0,2020-04-29
Lo Barnechea,13115.0,7553.0,2020-04-30
Lo Barnechea,13115.0,2034.0,2020-05-01
Lo Barnechea,13115.0,3535.0,2020-05-02
Lo Barnechea,13115.0,1932.0,2020-05-03
Lo Barnechea,13115.0,6873.0,2020-05-04
Lo Barnechea,13115.0,6393.0,2020-05-05
Lo Barnechea,13115.0,6585.0,2020-05-06
Lo Barnechea,13115.0,6284.0,2020-05-07
Lo Barnechea,13115.0,6725.0,2020-05-08
Lo Barnechea,13115.0,2779.0,2020-05-09
Lo Barnechea,13115.0,1782.0,2020-05-10
Lo Barnechea,13115.0,5347.0,2020-05-11
Lo Barnechea,13115.0,5038.0,2020-05-12
Lo Barnechea,13115.0,5064.0,2020-05-13
Lo Barnechea,13115.0,5073.0,2020-05-14
Lo Barnechea,13115.0,5197.0,2020-05-15
Lo Espejo,13116.0,10790.0,2020-03-01
Lo Espejo,13116.0,24909.0,2020-03-02
Lo Espejo,13116.0,24500.0,2020-03-03
Lo Espejo,13116.0,24416.0,2020-03-04
Lo Espejo,13116.0,24584.0,2020-03-05
Lo Espejo,13116.0,24837.0,2020-03-06
Lo Espejo,13116.0,15898.0,2020-03-07
Lo Espejo,13116.0,11053.0,2020-03-08
Lo Espejo,13116.0,24723.0,2020-03-09
Lo Espejo,13116.0,23611.0,2020-03-10
Lo Espejo,13116.0,24191.0,2020-03-11
Lo Espejo,13116.0,24674.0,2020-03-12
Lo Espejo,13116.0,24793.0,2020-03-13
Lo Espejo,13116.0,15659.0,2020-03-14
Lo Espejo,13116.0,9679.0,2020-03-15
Lo Espejo,13116.0,20755.0,2020-03-16
Lo Espejo,13116.0,17571.0,2020-03-17
Lo Espejo,13116.0,15656.0,2020-03-18
Lo Espejo,13116.0,12125.0,2020-03-19
Lo Espejo,13116.0,5805.0,2020-03-20
Lo Espejo,13116.0,5812.0,2020-03-21
Lo Espejo,13116.0,3312.0,2020-03-22
Lo Espejo,13116.0,10037.0,2020-03-23
Lo Espejo,13116.0,9410.0,2020-03-24
Lo Espejo,13116.0,9685.0,2020-03-25
Lo Espejo,13116.0,9521.0,2020-03-26
Lo Espejo,13116.0,7575.0,2020-03-27
Lo Espejo,13116.0,4571.0,2020-03-28
Lo Espejo,13116.0,2758.0,2020-03-29
Lo Espejo,13116.0,7550.0,2020-03-30
Lo Espejo,13116.0,8068.0,2020-03-31
Lo Espejo,13116.0,7846.0,2020-04-01
Lo Espejo,13116.0,7819.0,2020-04-02
Lo Espejo,13116.0,5184.0,2020-04-04
Lo Espejo,13116.0,3153.0,2020-04-05
Lo Espejo,13116.0,7783.0,2020-04-06
Lo Espejo,13116.0,7810.0,2020-04-07
Lo Espejo,13116.0,7728.0,2020-04-08
Lo Espejo,13116.0,7858.0,2020-04-09
Lo Espejo,13116.0,2884.0,2020-04-10
Lo Espejo,13116.0,3118.0,2020-04-11
Lo Espejo,13116.0,2128.0,2020-04-12
Lo Espejo,13116.0,8245.0,2020-04-13
Lo Espejo,13116.0,7750.0,2020-04-14
Lo Espejo,13116.0,7913.0,2020-04-15
Lo Espejo,13116.0,7808.0,2020-04-16
Lo Espejo,13116.0,8585.0,2020-04-17
Lo Espejo,13116.0,4267.0,2020-04-18
Lo Espejo,13116.0,3123.0,2020-04-19
Lo Espejo,13116.0,8822.0,2020-04-20
Lo Espejo,13116.0,8683.0,2020-04-21
Lo Espejo,13116.0,8533.0,2020-04-22
Lo Espejo,13116.0,8353.0,2020-04-23
Lo Espejo,13116.0,6942.0,2020-04-24
Lo Espejo,13116.0,4982.0,2020-04-25
Lo Espejo,13116.0,3047.0,2020-04-26
Lo Espejo,13116.0,8347.0,2020-04-27
Lo Espejo,13116.0,8270.0,2020-04-28
Lo Espejo,13116.0,8207.0,2020-04-29
Lo Espejo,13116.0,8958.0,2020-04-30
Lo Espejo,13116.0,3325.0,2020-05-01
Lo Espejo,13116.0,5140.0,2020-05-02
Lo Espejo,13116.0,3670.0,2020-05-03
Lo Espejo,13116.0,9568.0,2020-05-04
Lo Espejo,13116.0,9251.0,2020-05-05
Lo Espejo,13116.0,8660.0,2020-05-06
Lo Espejo,13116.0,9549.0,2020-05-07
Lo Espejo,13116.0,9274.0,2020-05-08
Lo Espejo,13116.0,2947.0,2020-05-09
Lo Espejo,13116.0,2023.0,2020-05-10
Lo Espejo,13116.0,6148.0,2020-05-11
Lo Espejo,13116.0,6034.0,2020-05-12
Lo Espejo,13116.0,6206.0,2020-05-13
Lo Espejo,13116.0,6230.0,2020-05-14
Lo Espejo,13116.0,6546.0,2020-05-15
Lo Prado,13117.0,60721.0,2020-03-01
Lo Prado,13117.0,198397.0,2020-03-02
Lo Prado,13117.0,201182.0,2020-03-03
Lo Prado,13117.0,203985.0,2020-03-04
Lo Prado,13117.0,205938.0,2020-03-05
Lo Prado,13117.0,196003.0,2020-03-06
Lo Prado,13117.0,98932.0,2020-03-07
Lo Prado,13117.0,58554.0,2020-03-08
Lo Prado,13117.0,201094.0,2020-03-09
Lo Prado,13117.0,221953.0,2020-03-10
Lo Prado,13117.0,180083.0,2020-03-11
Lo Prado,13117.0,202150.0,2020-03-12
Lo Prado,13117.0,201523.0,2020-03-13
Lo Prado,13117.0,96206.0,2020-03-14
Lo Prado,13117.0,54094.0,2020-03-15
Lo Prado,13117.0,162039.0,2020-03-16
Lo Prado,13117.0,125053.0,2020-03-17
Lo Prado,13117.0,106878.0,2020-03-18
Lo Prado,13117.0,91203.0,2020-03-19
Lo Prado,13117.0,121071.0,2020-03-20
Lo Prado,13117.0,31172.0,2020-03-21
Lo Prado,13117.0,13132.0,2020-03-22
Lo Prado,13117.0,57440.0,2020-03-23
Lo Prado,13117.0,53959.0,2020-03-24
Lo Prado,13117.0,52133.0,2020-03-25
Lo Prado,13117.0,54429.0,2020-03-26
Lo Prado,13117.0,36036.0,2020-03-27
Lo Prado,13117.0,17850.0,2020-03-28
Lo Prado,13117.0,9829.0,2020-03-29
Lo Prado,13117.0,38581.0,2020-03-30
Lo Prado,13117.0,39075.0,2020-03-31
Lo Prado,13117.0,39385.0,2020-04-01
Lo Prado,13117.0,37932.0,2020-04-02
Lo Prado,13117.0,20397.0,2020-04-04
Lo Prado,13117.0,11044.0,2020-04-05
Lo Prado,13117.0,41710.0,2020-04-06
Lo Prado,13117.0,40578.0,2020-04-07
Lo Prado,13117.0,40569.0,2020-04-08
Lo Prado,13117.0,40552.0,2020-04-09
Lo Prado,13117.0,12426.0,2020-04-10
Lo Prado,13117.0,12822.0,2020-04-11
Lo Prado,13117.0,8672.0,2020-04-12
Lo Prado,13117.0,46634.0,2020-04-13
Lo Prado,13117.0,45095.0,2020-04-14
Lo Prado,13117.0,45835.0,2020-04-15
Lo Prado,13117.0,44970.0,2020-04-16
Lo Prado,13117.0,49673.0,2020-04-17
Lo Prado,13117.0,24913.0,2020-04-18
Lo Prado,13117.0,11604.0,2020-04-19
Lo Prado,13117.0,52772.0,2020-04-20
Lo Prado,13117.0,50286.0,2020-04-21
Lo Prado,13117.0,51150.0,2020-04-22
Lo Prado,13117.0,51557.0,2020-04-23
Lo Prado,13117.0,53241.0,2020-04-24
Lo Prado,13117.0,24270.0,2020-04-25
Lo Prado,13117.0,11936.0,2020-04-26
Lo Prado,13117.0,53418.0,2020-04-27
Lo Prado,13117.0,52629.0,2020-04-28
Lo Prado,13117.0,51265.0,2020-04-29
Lo Prado,13117.0,54026.0,2020-04-30
Lo Prado,13117.0,13418.0,2020-05-01
Lo Prado,13117.0,23193.0,2020-05-02
Lo Prado,13117.0,12763.0,2020-05-03
Lo Prado,13117.0,57922.0,2020-05-04
Lo Prado,13117.0,54894.0,2020-05-05
Lo Prado,13117.0,52931.0,2020-05-06
Lo Prado,13117.0,54123.0,2020-05-07
Lo Prado,13117.0,55100.0,2020-05-08
Lo Prado,13117.0,20123.0,2020-05-09
Lo Prado,13117.0,9911.0,2020-05-10
Lo Prado,13117.0,44965.0,2020-05-11
Lo Prado,13117.0,44276.0,2020-05-12
Lo Prado,13117.0,43603.0,2020-05-13
Lo Prado,13117.0,44448.0,2020-05-14
Lo Prado,13117.0,45202.0,2020-05-15
Macul,13118.0,16629.0,2020-03-01
Macul,13118.0,52449.0,2020-03-02
Macul,13118.0,53930.0,2020-03-03
Macul,13118.0,54978.0,2020-03-04
Macul,13118.0,54904.0,2020-03-05
Macul,13118.0,52728.0,2020-03-06
Macul,13118.0,27263.0,2020-03-07
Macul,13118.0,17069.0,2020-03-08
Macul,13118.0,66026.0,2020-03-09
Macul,13118.0,72780.0,2020-03-10
Macul,13118.0,64999.0,2020-03-11
Macul,13118.0,69553.0,2020-03-12
Macul,13118.0,67639.0,2020-03-13
Macul,13118.0,30927.0,2020-03-14
Macul,13118.0,14595.0,2020-03-15
Macul,13118.0,41144.0,2020-03-16
Macul,13118.0,32256.0,2020-03-17
Macul,13118.0,27916.0,2020-03-18
Macul,13118.0,19618.0,2020-03-19
Macul,13118.0,16116.0,2020-03-20
Macul,13118.0,8132.0,2020-03-21
Macul,13118.0,4038.0,2020-03-22
Macul,13118.0,15783.0,2020-03-23
Macul,13118.0,14712.0,2020-03-24
Macul,13118.0,14452.0,2020-03-25
Macul,13118.0,14470.0,2020-03-26
Macul,13118.0,11221.0,2020-03-27
Macul,13118.0,5576.0,2020-03-28
Macul,13118.0,2816.0,2020-03-29
Macul,13118.0,11314.0,2020-03-30
Macul,13118.0,11579.0,2020-03-31
Macul,13118.0,11704.0,2020-04-01
Macul,13118.0,11231.0,2020-04-02
Macul,13118.0,6019.0,2020-04-04
Macul,13118.0,3144.0,2020-04-05
Macul,13118.0,11631.0,2020-04-06
Macul,13118.0,11402.0,2020-04-07
Macul,13118.0,11445.0,2020-04-08
Macul,13118.0,11210.0,2020-04-09
Macul,13118.0,3329.0,2020-04-10
Macul,13118.0,3530.0,2020-04-11
Macul,13118.0,2271.0,2020-04-12
Macul,13118.0,11851.0,2020-04-13
Macul,13118.0,11569.0,2020-04-14
Macul,13118.0,11715.0,2020-04-15
Macul,13118.0,11257.0,2020-04-16
Macul,13118.0,12016.0,2020-04-17
Macul,13118.0,5439.0,2020-04-18
Macul,13118.0,3263.0,2020-04-19
Macul,13118.0,12306.0,2020-04-20
Macul,13118.0,11740.0,2020-04-21
Macul,13118.0,11879.0,2020-04-22
Macul,13118.0,11699.0,2020-04-23
Macul,13118.0,12072.0,2020-04-24
Macul,13118.0,6090.0,2020-04-25
Macul,13118.0,3351.0,2020-04-26
Macul,13118.0,12327.0,2020-04-27
Macul,13118.0,11766.0,2020-04-28
Macul,13118.0,9873.0,2020-04-29
Macul,13118.0,10480.0,2020-04-30
Macul,13118.0,3230.0,2020-05-01
Macul,13118.0,5942.0,2020-05-02
Macul,13118.0,3600.0,2020-05-03
Macul,13118.0,14309.0,2020-05-04
Macul,13118.0,14048.0,2020-05-05
Macul,13118.0,14031.0,2020-05-06
Macul,13118.0,14535.0,2020-05-07
Macul,13118.0,14462.0,2020-05-08
Macul,13118.0,3745.0,2020-05-09
Macul,13118.0,2228.0,2020-05-10
Macul,13118.0,9736.0,2020-05-11
Macul,13118.0,9879.0,2020-05-12
Macul,13118.0,10247.0,2020-05-13
Macul,13118.0,10284.0,2020-05-14
Macul,13118.0,10849.0,2020-05-15
Maipú,13119.0,57742.0,2020-03-01
Maipú,13119.0,162324.0,2020-03-02
Maipú,13119.0,164650.0,2020-03-03
Maipú,13119.0,171711.0,2020-03-04
Maipú,13119.0,160160.0,2020-03-05
Maipú,13119.0,161091.0,2020-03-06
Maipú,13119.0,93362.0,2020-03-07
Maipú,13119.0,54033.0,2020-03-08
Maipú,13119.0,168882.0,2020-03-09
Maipú,13119.0,161085.0,2020-03-10
Maipú,13119.0,160194.0,2020-03-11
Maipú,13119.0,161747.0,2020-03-12
Maipú,13119.0,156366.0,2020-03-13
Maipú,13119.0,92001.0,2020-03-14
Maipú,13119.0,51154.0,2020-03-15
Maipú,13119.0,131197.0,2020-03-16
Maipú,13119.0,106241.0,2020-03-17
Maipú,13119.0,93005.0,2020-03-18
Maipú,13119.0,59901.0,2020-03-19
Maipú,13119.0,18284.0,2020-03-20
Maipú,13119.0,24298.0,2020-03-21
Maipú,13119.0,14310.0,2020-03-22
Maipú,13119.0,50007.0,2020-03-23
Maipú,13119.0,47648.0,2020-03-24
Maipú,13119.0,47210.0,2020-03-25
Maipú,13119.0,48520.0,2020-03-26
Maipú,13119.0,40928.0,2020-03-27
Maipú,13119.0,22782.0,2020-03-28
Maipú,13119.0,11698.0,2020-03-29
Maipú,13119.0,43259.0,2020-03-30
Maipú,13119.0,45496.0,2020-03-31
Maipú,13119.0,44500.0,2020-04-01
Maipú,13119.0,43284.0,2020-04-02
Maipú,13119.0,25267.0,2020-04-04
Maipú,13119.0,13691.0,2020-04-05
Maipú,13119.0,45730.0,2020-04-06
Maipú,13119.0,43757.0,2020-04-07
Maipú,13119.0,43039.0,2020-04-08
Maipú,13119.0,43744.0,2020-04-09
Maipú,13119.0,13677.0,2020-04-10
Maipú,13119.0,15270.0,2020-04-11
Maipú,13119.0,10048.0,2020-04-12
Maipú,13119.0,45045.0,2020-04-13
Maipú,13119.0,43585.0,2020-04-14
Maipú,13119.0,43227.0,2020-04-15
Maipú,13119.0,41851.0,2020-04-16
Maipú,13119.0,43843.0,2020-04-17
Maipú,13119.0,17083.0,2020-04-18
Maipú,13119.0,13256.0,2020-04-19
Maipú,13119.0,47091.0,2020-04-20
Maipú,13119.0,45301.0,2020-04-21
Maipú,13119.0,45087.0,2020-04-22
Maipú,13119.0,44427.0,2020-04-23
Maipú,13119.0,46053.0,2020-04-24
Maipú,13119.0,27150.0,2020-04-25
Maipú,13119.0,14203.0,2020-04-26
Maipú,13119.0,47056.0,2020-04-27
Maipú,13119.0,46421.0,2020-04-28
Maipú,13119.0,64119.0,2020-04-29
Maipú,13119.0,67218.0,2020-04-30
Maipú,13119.0,12350.0,2020-05-01
Maipú,13119.0,26366.0,2020-05-02
Maipú,13119.0,15375.0,2020-05-03
Maipú,13119.0,52534.0,2020-05-04
Maipú,13119.0,51241.0,2020-05-05
Maipú,13119.0,48180.0,2020-05-06
Maipú,13119.0,48965.0,2020-05-07
Maipú,13119.0,48448.0,2020-05-08
Maipú,13119.0,19483.0,2020-05-09
Maipú,13119.0,13598.0,2020-05-10
Maipú,13119.0,45396.0,2020-05-11
Maipú,13119.0,42433.0,2020-05-12
Maipú,13119.0,43264.0,2020-05-13
Maipú,13119.0,45963.0,2020-05-14
Maipú,13119.0,45174.0,2020-05-15
Ñuñoa,13120.0,59328.0,2020-03-01
Ñuñoa,13120.0,212439.0,2020-03-02
Ñuñoa,13120.0,219016.0,2020-03-03
Ñuñoa,13120.0,224845.0,2020-03-04
Ñuñoa,13120.0,225545.0,2020-03-05
Ñuñoa,13120.0,222898.0,2020-03-06
Ñuñoa,13120.0,111311.0,2020-03-07
Ñuñoa,13120.0,65807.0,2020-03-08
Ñuñoa,13120.0,221402.0,2020-03-09
Ñuñoa,13120.0,229053.0,2020-03-10
Ñuñoa,13120.0,214928.0,2020-03-11
Ñuñoa,13120.0,221333.0,2020-03-12
Ñuñoa,13120.0,220291.0,2020-03-13
Ñuñoa,13120.0,109204.0,2020-03-14
Ñuñoa,13120.0,53868.0,2020-03-15
Ñuñoa,13120.0,152251.0,2020-03-16
Ñuñoa,13120.0,115590.0,2020-03-17
Ñuñoa,13120.0,97851.0,2020-03-18
Ñuñoa,13120.0,82224.0,2020-03-19
Ñuñoa,13120.0,79958.0,2020-03-20
Ñuñoa,13120.0,31345.0,2020-03-21
Ñuñoa,13120.0,12497.0,2020-03-22
Ñuñoa,13120.0,52849.0,2020-03-23
Ñuñoa,13120.0,50265.0,2020-03-24
Ñuñoa,13120.0,48372.0,2020-03-25
Ñuñoa,13120.0,54484.0,2020-03-26
Ñuñoa,13120.0,23098.0,2020-03-27
Ñuñoa,13120.0,13591.0,2020-03-28
Ñuñoa,13120.0,7506.0,2020-03-29
Ñuñoa,13120.0,25059.0,2020-03-30
Ñuñoa,13120.0,26773.0,2020-03-31
Ñuñoa,13120.0,27617.0,2020-04-01
Ñuñoa,13120.0,27243.0,2020-04-02
Ñuñoa,13120.0,16931.0,2020-04-04
Ñuñoa,13120.0,9793.0,2020-04-05
Ñuñoa,13120.0,29326.0,2020-04-06
Ñuñoa,13120.0,29690.0,2020-04-07
Ñuñoa,13120.0,29826.0,2020-04-08
Ñuñoa,13120.0,29173.0,2020-04-09
Ñuñoa,13120.0,11560.0,2020-04-10
Ñuñoa,13120.0,11682.0,2020-04-11
Ñuñoa,13120.0,8262.0,2020-04-12
Ñuñoa,13120.0,35792.0,2020-04-13
Ñuñoa,13120.0,34553.0,2020-04-14
Ñuñoa,13120.0,34898.0,2020-04-15
Ñuñoa,13120.0,34808.0,2020-04-16
Ñuñoa,13120.0,36939.0,2020-04-17
Ñuñoa,13120.0,20971.0,2020-04-18
Ñuñoa,13120.0,10441.0,2020-04-19
Ñuñoa,13120.0,38359.0,2020-04-20
Ñuñoa,13120.0,37211.0,2020-04-21
Ñuñoa,13120.0,38205.0,2020-04-22
Ñuñoa,13120.0,37791.0,2020-04-23
Ñuñoa,13120.0,39833.0,2020-04-24
Ñuñoa,13120.0,21829.0,2020-04-25
Ñuñoa,13120.0,11590.0,2020-04-26
Ñuñoa,13120.0,40494.0,2020-04-27
Ñuñoa,13120.0,39648.0,2020-04-28
Ñuñoa,13120.0,32695.0,2020-04-29
Ñuñoa,13120.0,34961.0,2020-04-30
Ñuñoa,13120.0,12209.0,2020-05-01
Ñuñoa,13120.0,22468.0,2020-05-02
Ñuñoa,13120.0,12561.0,2020-05-03
Ñuñoa,13120.0,42889.0,2020-05-04
Ñuñoa,13120.0,42002.0,2020-05-05
Ñuñoa,13120.0,39325.0,2020-05-06
Ñuñoa,13120.0,40103.0,2020-05-07
Ñuñoa,13120.0,43060.0,2020-05-08
Ñuñoa,13120.0,21431.0,2020-05-09
Ñuñoa,13120.0,11256.0,2020-05-10
Ñuñoa,13120.0,38909.0,2020-05-11
Ñuñoa,13120.0,37521.0,2020-05-12
Ñuñoa,13120.0,37678.0,2020-05-13
Ñuñoa,13120.0,38896.0,2020-05-14
Ñuñoa,13120.0,40293.0,2020-05-15
Pedro Aguirre Cerda,13121.0,18548.0,2020-03-01
Pedro Aguirre Cerda,13121.0,53516.0,2020-03-02
Pedro Aguirre Cerda,13121.0,55847.0,2020-03-03
Pedro Aguirre Cerda,13121.0,56274.0,2020-03-04
Pedro Aguirre Cerda,13121.0,56855.0,2020-03-05
Pedro Aguirre Cerda,13121.0,56424.0,2020-03-06
Pedro Aguirre Cerda,13121.0,29882.0,2020-03-07
Pedro Aguirre Cerda,13121.0,19696.0,2020-03-08
Pedro Aguirre Cerda,13121.0,58303.0,2020-03-09
Pedro Aguirre Cerda,13121.0,59768.0,2020-03-10
Pedro Aguirre Cerda,13121.0,59107.0,2020-03-11
Pedro Aguirre Cerda,13121.0,59696.0,2020-03-12
Pedro Aguirre Cerda,13121.0,59232.0,2020-03-13
Pedro Aguirre Cerda,13121.0,30707.0,2020-03-14
Pedro Aguirre Cerda,13121.0,17130.0,2020-03-15
Pedro Aguirre Cerda,13121.0,45005.0,2020-03-16
Pedro Aguirre Cerda,13121.0,36152.0,2020-03-17
Pedro Aguirre Cerda,13121.0,30962.0,2020-03-18
Pedro Aguirre Cerda,13121.0,26213.0,2020-03-19
Pedro Aguirre Cerda,13121.0,26591.0,2020-03-20
Pedro Aguirre Cerda,13121.0,11642.0,2020-03-21
Pedro Aguirre Cerda,13121.0,4668.0,2020-03-22
Pedro Aguirre Cerda,13121.0,18331.0,2020-03-23
Pedro Aguirre Cerda,13121.0,17424.0,2020-03-24
Pedro Aguirre Cerda,13121.0,16923.0,2020-03-25
Pedro Aguirre Cerda,13121.0,17444.0,2020-03-26
Pedro Aguirre Cerda,13121.0,11858.0,2020-03-27
Pedro Aguirre Cerda,13121.0,7037.0,2020-03-28
Pedro Aguirre Cerda,13121.0,3644.0,2020-03-29
Pedro Aguirre Cerda,13121.0,12083.0,2020-03-30
Pedro Aguirre Cerda,13121.0,12586.0,2020-03-31
Pedro Aguirre Cerda,13121.0,12422.0,2020-04-01
Pedro Aguirre Cerda,13121.0,12176.0,2020-04-02
Pedro Aguirre Cerda,13121.0,7599.0,2020-04-04
Pedro Aguirre Cerda,13121.0,4049.0,2020-04-05
Pedro Aguirre Cerda,13121.0,13010.0,2020-04-06
Pedro Aguirre Cerda,13121.0,12625.0,2020-04-07
Pedro Aguirre Cerda,13121.0,12487.0,2020-04-08
Pedro Aguirre Cerda,13121.0,12597.0,2020-04-09
Pedro Aguirre Cerda,13121.0,4685.0,2020-04-10
Pedro Aguirre Cerda,13121.0,4739.0,2020-04-11
Pedro Aguirre Cerda,13121.0,2943.0,2020-04-12
Pedro Aguirre Cerda,13121.0,14429.0,2020-04-13
Pedro Aguirre Cerda,13121.0,14066.0,2020-04-14
Pedro Aguirre Cerda,13121.0,14176.0,2020-04-15
Pedro Aguirre Cerda,13121.0,14301.0,2020-04-16
Pedro Aguirre Cerda,13121.0,14702.0,2020-04-17
Pedro Aguirre Cerda,13121.0,8560.0,2020-04-18
Pedro Aguirre Cerda,13121.0,4630.0,2020-04-19
Pedro Aguirre Cerda,13121.0,15214.0,2020-04-20
Pedro Aguirre Cerda,13121.0,15308.0,2020-04-21
Pedro Aguirre Cerda,13121.0,15899.0,2020-04-22
Pedro Aguirre Cerda,13121.0,15570.0,2020-04-23
Pedro Aguirre Cerda,13121.0,11469.0,2020-04-24
Pedro Aguirre Cerda,13121.0,6615.0,2020-04-25
Pedro Aguirre Cerda,13121.0,3575.0,2020-04-26
Pedro Aguirre Cerda,13121.0,12707.0,2020-04-27
Pedro Aguirre Cerda,13121.0,12724.0,2020-04-28
Pedro Aguirre Cerda,13121.0,11296.0,2020-04-29
Pedro Aguirre Cerda,13121.0,12349.0,2020-04-30
Pedro Aguirre Cerda,13121.0,4348.0,2020-05-01
Pedro Aguirre Cerda,13121.0,7643.0,2020-05-02
Pedro Aguirre Cerda,13121.0,4481.0,2020-05-03
Pedro Aguirre Cerda,13121.0,15167.0,2020-05-04
Pedro Aguirre Cerda,13121.0,14905.0,2020-05-05
Pedro Aguirre Cerda,13121.0,13787.0,2020-05-06
Pedro Aguirre Cerda,13121.0,14315.0,2020-05-07
Pedro Aguirre Cerda,13121.0,14028.0,2020-05-08
Pedro Aguirre Cerda,13121.0,6514.0,2020-05-09
Pedro Aguirre Cerda,13121.0,3471.0,2020-05-10
Pedro Aguirre Cerda,13121.0,12217.0,2020-05-11
Pedro Aguirre Cerda,13121.0,12002.0,2020-05-12
Pedro Aguirre Cerda,13121.0,12068.0,2020-05-13
Pedro Aguirre Cerda,13121.0,12482.0,2020-05-14
Pedro Aguirre Cerda,13121.0,12848.0,2020-05-15
Peñalolén,13122.0,31124.0,2020-03-01
Peñalolén,13122.0,87676.0,2020-03-02
Peñalolén,13122.0,89130.0,2020-03-03
Peñalolén,13122.0,90977.0,2020-03-04
Peñalolén,13122.0,90934.0,2020-03-05
Peñalolén,13122.0,90639.0,2020-03-06
Peñalolén,13122.0,50324.0,2020-03-07
Peñalolén,13122.0,32955.0,2020-03-08
Peñalolén,13122.0,90806.0,2020-03-09
Peñalolén,13122.0,93795.0,2020-03-10
Peñalolén,13122.0,83718.0,2020-03-11
Peñalolén,13122.0,88485.0,2020-03-12
Peñalolén,13122.0,91335.0,2020-03-13
Peñalolén,13122.0,49422.0,2020-03-14
Peñalolén,13122.0,27543.0,2020-03-15
Peñalolén,13122.0,69797.0,2020-03-16
Peñalolén,13122.0,55314.0,2020-03-17
Peñalolén,13122.0,47704.0,2020-03-18
Peñalolén,13122.0,38687.0,2020-03-19
Peñalolén,13122.0,31138.0,2020-03-20
Peñalolén,13122.0,17531.0,2020-03-21
Peñalolén,13122.0,8487.0,2020-03-22
Peñalolén,13122.0,27589.0,2020-03-23
Peñalolén,13122.0,26198.0,2020-03-24
Peñalolén,13122.0,25092.0,2020-03-25
Peñalolén,13122.0,26611.0,2020-03-26
Peñalolén,13122.0,19292.0,2020-03-27
Peñalolén,13122.0,11390.0,2020-03-28
Peñalolén,13122.0,6369.0,2020-03-29
Peñalolén,13122.0,19451.0,2020-03-30
Peñalolén,13122.0,20337.0,2020-03-31
Peñalolén,13122.0,20140.0,2020-04-01
Peñalolén,13122.0,20150.0,2020-04-02
Peñalolén,13122.0,12737.0,2020-04-04
Peñalolén,13122.0,7595.0,2020-04-05
Peñalolén,13122.0,20883.0,2020-04-06
Peñalolén,13122.0,20304.0,2020-04-07
Peñalolén,13122.0,20319.0,2020-04-08
Peñalolén,13122.0,20669.0,2020-04-09
Peñalolén,13122.0,7666.0,2020-04-10
Peñalolén,13122.0,8173.0,2020-04-11
Peñalolén,13122.0,5456.0,2020-04-12
Peñalolén,13122.0,21248.0,2020-04-13
Peñalolén,13122.0,20619.0,2020-04-14
Peñalolén,13122.0,21461.0,2020-04-15
Peñalolén,13122.0,20659.0,2020-04-16
Peñalolén,13122.0,22802.0,2020-04-17
Peñalolén,13122.0,12664.0,2020-04-18
Peñalolén,13122.0,6996.0,2020-04-19
Peñalolén,13122.0,23593.0,2020-04-20
Peñalolén,13122.0,22567.0,2020-04-21
Peñalolén,13122.0,22388.0,2020-04-22
Peñalolén,13122.0,22305.0,2020-04-23
Peñalolén,13122.0,23111.0,2020-04-24
Peñalolén,13122.0,13109.0,2020-04-25
Peñalolén,13122.0,7359.0,2020-04-26
Peñalolén,13122.0,22825.0,2020-04-27
Peñalolén,13122.0,22492.0,2020-04-28
Peñalolén,13122.0,40760.0,2020-04-29
Peñalolén,13122.0,42765.0,2020-04-30
Peñalolén,13122.0,6926.0,2020-05-01
Peñalolén,13122.0,13281.0,2020-05-02
Peñalolén,13122.0,8037.0,2020-05-03
Peñalolén,13122.0,25175.0,2020-05-04
Peñalolén,13122.0,23967.0,2020-05-05
Peñalolén,13122.0,23848.0,2020-05-06
Peñalolén,13122.0,25297.0,2020-05-07
Peñalolén,13122.0,26154.0,2020-05-08
Peñalolén,13122.0,7985.0,2020-05-09
Peñalolén,13122.0,5075.0,2020-05-10
Peñalolén,13122.0,14619.0,2020-05-11
Peñalolén,13122.0,14570.0,2020-05-12
Peñalolén,13122.0,14498.0,2020-05-13
Peñalolén,13122.0,15062.0,2020-05-14
Peñalolén,13122.0,15733.0,2020-05-15
Providencia,13123.0,71999.0,2020-03-01
Providencia,13123.0,368096.0,2020-03-02
Providencia,13123.0,382680.0,2020-03-03
Providencia,13123.0,385274.0,2020-03-04
Providencia,13123.0,391534.0,2020-03-05
Providencia,13123.0,355076.0,2020-03-06
Providencia,13123.0,146209.0,2020-03-07
Providencia,13123.0,87708.0,2020-03-08
Providencia,13123.0,381215.0,2020-03-09
Providencia,13123.0,432080.0,2020-03-10
Providencia,13123.0,385180.0,2020-03-11
Providencia,13123.0,406350.0,2020-03-12
Providencia,13123.0,391840.0,2020-03-13
Providencia,13123.0,145262.0,2020-03-14
Providencia,13123.0,60312.0,2020-03-15
Providencia,13123.0,261522.0,2020-03-16
Providencia,13123.0,188744.0,2020-03-17
Providencia,13123.0,147948.0,2020-03-18
Providencia,13123.0,134416.0,2020-03-19
Providencia,13123.0,117779.0,2020-03-20
Providencia,13123.0,40656.0,2020-03-21
Providencia,13123.0,13866.0,2020-03-22
Providencia,13123.0,71794.0,2020-03-23
Providencia,13123.0,65370.0,2020-03-24
Providencia,13123.0,63248.0,2020-03-25
Providencia,13123.0,70583.0,2020-03-26
Providencia,13123.0,24566.0,2020-03-27
Providencia,13123.0,14390.0,2020-03-28
Providencia,13123.0,8719.0,2020-03-29
Providencia,13123.0,27181.0,2020-03-30
Providencia,13123.0,28248.0,2020-03-31
Providencia,13123.0,28568.0,2020-04-01
Providencia,13123.0,28611.0,2020-04-02
Providencia,13123.0,16725.0,2020-04-04
Providencia,13123.0,9654.0,2020-04-05
Providencia,13123.0,31551.0,2020-04-06
Providencia,13123.0,31645.0,2020-04-07
Providencia,13123.0,31859.0,2020-04-08
Providencia,13123.0,32634.0,2020-04-09
Providencia,13123.0,12732.0,2020-04-10
Providencia,13123.0,11803.0,2020-04-11
Providencia,13123.0,9334.0,2020-04-12
Providencia,13123.0,55122.0,2020-04-13
Providencia,13123.0,55183.0,2020-04-14
Providencia,13123.0,55749.0,2020-04-15
Providencia,13123.0,54775.0,2020-04-16
Providencia,13123.0,61479.0,2020-04-17
Providencia,13123.0,31782.0,2020-04-18
Providencia,13123.0,11693.0,2020-04-19
Providencia,13123.0,64764.0,2020-04-20
Providencia,13123.0,62182.0,2020-04-21
Providencia,13123.0,64358.0,2020-04-22
Providencia,13123.0,64287.0,2020-04-23
Providencia,13123.0,65703.0,2020-04-24
Providencia,13123.0,29172.0,2020-04-25
Providencia,13123.0,12523.0,2020-04-26
Providencia,13123.0,69989.0,2020-04-27
Providencia,13123.0,68905.0,2020-04-28
Providencia,13123.0,62081.0,2020-04-29
Providencia,13123.0,65662.0,2020-04-30
Providencia,13123.0,14435.0,2020-05-01
Providencia,13123.0,28234.0,2020-05-02
Providencia,13123.0,13359.0,2020-05-03
Providencia,13123.0,77847.0,2020-05-04
Providencia,13123.0,75457.0,2020-05-05
Providencia,13123.0,73367.0,2020-05-06
Providencia,13123.0,74464.0,2020-05-07
Providencia,13123.0,76752.0,2020-05-08
Providencia,13123.0,33079.0,2020-05-09
Providencia,13123.0,12851.0,2020-05-10
Providencia,13123.0,62335.0,2020-05-11
Providencia,13123.0,60679.0,2020-05-12
Providencia,13123.0,61157.0,2020-05-13
Providencia,13123.0,63641.0,2020-05-14
Providencia,13123.0,66222.0,2020-05-15
Pudahuel,13124.0,36328.0,2020-03-01
Pudahuel,13124.0,103166.0,2020-03-02
Pudahuel,13124.0,103845.0,2020-03-03
Pudahuel,13124.0,104693.0,2020-03-04
Pudahuel,13124.0,105849.0,2020-03-05
Pudahuel,13124.0,101343.0,2020-03-06
Pudahuel,13124.0,58833.0,2020-03-07
Pudahuel,13124.0,33976.0,2020-03-08
Pudahuel,13124.0,105422.0,2020-03-09
Pudahuel,13124.0,104757.0,2020-03-10
Pudahuel,13124.0,101163.0,2020-03-11
Pudahuel,13124.0,103820.0,2020-03-12
Pudahuel,13124.0,106018.0,2020-03-13
Pudahuel,13124.0,58657.0,2020-03-14
Pudahuel,13124.0,32069.0,2020-03-15
Pudahuel,13124.0,86813.0,2020-03-16
Pudahuel,13124.0,73242.0,2020-03-17
Pudahuel,13124.0,64780.0,2020-03-18
Pudahuel,13124.0,51018.0,2020-03-19
Pudahuel,13124.0,41127.0,2020-03-20
Pudahuel,13124.0,19949.0,2020-03-21
Pudahuel,13124.0,10210.0,2020-03-22
Pudahuel,13124.0,38548.0,2020-03-23
Pudahuel,13124.0,38215.0,2020-03-24
Pudahuel,13124.0,36770.0,2020-03-25
Pudahuel,13124.0,37967.0,2020-03-26
Pudahuel,13124.0,29671.0,2020-03-27
Pudahuel,13124.0,16093.0,2020-03-28
Pudahuel,13124.0,7944.0,2020-03-29
Pudahuel,13124.0,30848.0,2020-03-30
Pudahuel,13124.0,32050.0,2020-03-31
Pudahuel,13124.0,31133.0,2020-04-01
Pudahuel,13124.0,30160.0,2020-04-02
Pudahuel,13124.0,17683.0,2020-04-04
Pudahuel,13124.0,9333.0,2020-04-05
Pudahuel,13124.0,32173.0,2020-04-06
Pudahuel,13124.0,31160.0,2020-04-07
Pudahuel,13124.0,31733.0,2020-04-08
Pudahuel,13124.0,30855.0,2020-04-09
Pudahuel,13124.0,10217.0,2020-04-10
Pudahuel,13124.0,11348.0,2020-04-11
Pudahuel,13124.0,6694.0,2020-04-12
Pudahuel,13124.0,33203.0,2020-04-13
Pudahuel,13124.0,32463.0,2020-04-14
Pudahuel,13124.0,32496.0,2020-04-15
Pudahuel,13124.0,31623.0,2020-04-16
Pudahuel,13124.0,33209.0,2020-04-17
Pudahuel,13124.0,14546.0,2020-04-18
Pudahuel,13124.0,9130.0,2020-04-19
Pudahuel,13124.0,34954.0,2020-04-20
Pudahuel,13124.0,33419.0,2020-04-21
Pudahuel,13124.0,33435.0,2020-04-22
Pudahuel,13124.0,32686.0,2020-04-23
Pudahuel,13124.0,31399.0,2020-04-24
Pudahuel,13124.0,18105.0,2020-04-25
Pudahuel,13124.0,9774.0,2020-04-26
Pudahuel,13124.0,34399.0,2020-04-27
Pudahuel,13124.0,33166.0,2020-04-28
Pudahuel,13124.0,45008.0,2020-04-29
Pudahuel,13124.0,48039.0,2020-04-30
Pudahuel,13124.0,11135.0,2020-05-01
Pudahuel,13124.0,18420.0,2020-05-02
Pudahuel,13124.0,10811.0,2020-05-03
Pudahuel,13124.0,37774.0,2020-05-04
Pudahuel,13124.0,36963.0,2020-05-05
Pudahuel,13124.0,35278.0,2020-05-06
Pudahuel,13124.0,36101.0,2020-05-07
Pudahuel,13124.0,35668.0,2020-05-08
Pudahuel,13124.0,14240.0,2020-05-09
Pudahuel,13124.0,9038.0,2020-05-10
Pudahuel,13124.0,30978.0,2020-05-11
Pudahuel,13124.0,29656.0,2020-05-12
Pudahuel,13124.0,30562.0,2020-05-13
Pudahuel,13124.0,32106.0,2020-05-14
Pudahuel,13124.0,32987.0,2020-05-15
Puente Alto,13201.0,76079.0,2020-03-01
Puente Alto,13201.0,229786.0,2020-03-02
Puente Alto,13201.0,238735.0,2020-03-03
Puente Alto,13201.0,215784.0,2020-03-04
Puente Alto,13201.0,222205.0,2020-03-05
Puente Alto,13201.0,225184.0,2020-03-06
Puente Alto,13201.0,125790.0,2020-03-07
Puente Alto,13201.0,71717.0,2020-03-08
Puente Alto,13201.0,238188.0,2020-03-09
Puente Alto,13201.0,252363.0,2020-03-10
Puente Alto,13201.0,219424.0,2020-03-11
Puente Alto,13201.0,229177.0,2020-03-12
Puente Alto,13201.0,234441.0,2020-03-13
Puente Alto,13201.0,125470.0,2020-03-14
Puente Alto,13201.0,67144.0,2020-03-15
Puente Alto,13201.0,191960.0,2020-03-16
Puente Alto,13201.0,150319.0,2020-03-17
Puente Alto,13201.0,130461.0,2020-03-18
Puente Alto,13201.0,100652.0,2020-03-19
Puente Alto,13201.0,105621.0,2020-03-20
Puente Alto,13201.0,44392.0,2020-03-21
Puente Alto,13201.0,19964.0,2020-03-22
Puente Alto,13201.0,75754.0,2020-03-23
Puente Alto,13201.0,73117.0,2020-03-24
Puente Alto,13201.0,70862.0,2020-03-25
Puente Alto,13201.0,71417.0,2020-03-26
Puente Alto,13201.0,52763.0,2020-03-27
Puente Alto,13201.0,27980.0,2020-03-28
Puente Alto,13201.0,14146.0,2020-03-29
Puente Alto,13201.0,54432.0,2020-03-30
Puente Alto,13201.0,54649.0,2020-03-31
Puente Alto,13201.0,54880.0,2020-04-01
Puente Alto,13201.0,52770.0,2020-04-02
Puente Alto,13201.0,29331.0,2020-04-04
Puente Alto,13201.0,15718.0,2020-04-05
Puente Alto,13201.0,55765.0,2020-04-06
Puente Alto,13201.0,51491.0,2020-04-07
Puente Alto,13201.0,52415.0,2020-04-08
Puente Alto,13201.0,51762.0,2020-04-09
Puente Alto,13201.0,13750.0,2020-04-10
Puente Alto,13201.0,14737.0,2020-04-11
Puente Alto,13201.0,10211.0,2020-04-12
Puente Alto,13201.0,47648.0,2020-04-13
Puente Alto,13201.0,46291.0,2020-04-14
Puente Alto,13201.0,48057.0,2020-04-15
Puente Alto,13201.0,48313.0,2020-04-16
Puente Alto,13201.0,52822.0,2020-04-17
Puente Alto,13201.0,28722.0,2020-04-18
Puente Alto,13201.0,14314.0,2020-04-19
Puente Alto,13201.0,57407.0,2020-04-20
Puente Alto,13201.0,55315.0,2020-04-21
Puente Alto,13201.0,56408.0,2020-04-22
Puente Alto,13201.0,55552.0,2020-04-23
Puente Alto,13201.0,55756.0,2020-04-24
Puente Alto,13201.0,30552.0,2020-04-25
Puente Alto,13201.0,15670.0,2020-04-26
Puente Alto,13201.0,59706.0,2020-04-27
Puente Alto,13201.0,57516.0,2020-04-28
Puente Alto,13201.0,70097.0,2020-04-29
Puente Alto,13201.0,73674.0,2020-04-30
Puente Alto,13201.0,16196.0,2020-05-01
Puente Alto,13201.0,29220.0,2020-05-02
Puente Alto,13201.0,18090.0,2020-05-03
Puente Alto,13201.0,67982.0,2020-05-04
Puente Alto,13201.0,65388.0,2020-05-05
Puente Alto,13201.0,68156.0,2020-05-06
Puente Alto,13201.0,68853.0,2020-05-07
Puente Alto,13201.0,67075.0,2020-05-08
Puente Alto,13201.0,25167.0,2020-05-09
Puente Alto,13201.0,13905.0,2020-05-10
Puente Alto,13201.0,50163.0,2020-05-11
Puente Alto,13201.0,48264.0,2020-05-12
Puente Alto,13201.0,48311.0,2020-05-13
Puente Alto,13201.0,49425.0,2020-05-14
Puente Alto,13201.0,46714.0,2020-05-15
Quilicura,13125.0,36670.0,2020-03-01
Quilicura,13125.0,111279.0,2020-03-02
Quilicura,13125.0,111923.0,2020-03-03
Quilicura,13125.0,111858.0,2020-03-04
Quilicura,13125.0,112859.0,2020-03-05
Quilicura,13125.0,110243.0,2020-03-06
Quilicura,13125.0,59537.0,2020-03-07
Quilicura,13125.0,36947.0,2020-03-08
Quilicura,13125.0,112887.0,2020-03-09
Quilicura,13125.0,110159.0,2020-03-10
Quilicura,13125.0,106565.0,2020-03-11
Quilicura,13125.0,110590.0,2020-03-12
Quilicura,13125.0,112974.0,2020-03-13
Quilicura,13125.0,60687.0,2020-03-14
Quilicura,13125.0,32770.0,2020-03-15
Quilicura,13125.0,90225.0,2020-03-16
Quilicura,13125.0,75205.0,2020-03-17
Quilicura,13125.0,66671.0,2020-03-18
Quilicura,13125.0,52741.0,2020-03-19
Quilicura,13125.0,38496.0,2020-03-20
Quilicura,13125.0,19608.0,2020-03-21
Quilicura,13125.0,8935.0,2020-03-22
Quilicura,13125.0,39254.0,2020-03-23
Quilicura,13125.0,37685.0,2020-03-24
Quilicura,13125.0,36550.0,2020-03-25
Quilicura,13125.0,36662.0,2020-03-26
Quilicura,13125.0,29122.0,2020-03-27
Quilicura,13125.0,14081.0,2020-03-28
Quilicura,13125.0,7037.0,2020-03-29
Quilicura,13125.0,29704.0,2020-03-30
Quilicura,13125.0,30802.0,2020-03-31
Quilicura,13125.0,30734.0,2020-04-01
Quilicura,13125.0,29681.0,2020-04-02
Quilicura,13125.0,15970.0,2020-04-04
Quilicura,13125.0,8328.0,2020-04-05
Quilicura,13125.0,31611.0,2020-04-06
Quilicura,13125.0,30218.0,2020-04-07
Quilicura,13125.0,31262.0,2020-04-08
Quilicura,13125.0,31819.0,2020-04-09
Quilicura,13125.0,8750.0,2020-04-10
Quilicura,13125.0,9000.0,2020-04-11
Quilicura,13125.0,5759.0,2020-04-12
Quilicura,13125.0,32132.0,2020-04-13
Quilicura,13125.0,31040.0,2020-04-14
Quilicura,13125.0,31772.0,2020-04-15
Quilicura,13125.0,30956.0,2020-04-16
Quilicura,13125.0,32257.0,2020-04-17
Quilicura,13125.0,13772.0,2020-04-18
Quilicura,13125.0,7809.0,2020-04-19
Quilicura,13125.0,33085.0,2020-04-20
Quilicura,13125.0,31891.0,2020-04-21
Quilicura,13125.0,30572.0,2020-04-22
Quilicura,13125.0,29969.0,2020-04-23
Quilicura,13125.0,29529.0,2020-04-24
Quilicura,13125.0,14863.0,2020-04-25
Quilicura,13125.0,7308.0,2020-04-26
Quilicura,13125.0,31522.0,2020-04-27
Quilicura,13125.0,30287.0,2020-04-28
Quilicura,13125.0,38883.0,2020-04-29
Quilicura,13125.0,40778.0,2020-04-30
Quilicura,13125.0,8374.0,2020-05-01
Quilicura,13125.0,15169.0,2020-05-02
Quilicura,13125.0,8574.0,2020-05-03
Quilicura,13125.0,35698.0,2020-05-04
Quilicura,13125.0,33186.0,2020-05-05
Quilicura,13125.0,23176.0,2020-05-06
Quilicura,13125.0,22948.0,2020-05-07
Quilicura,13125.0,23981.0,2020-05-08
Quilicura,13125.0,9773.0,2020-05-09
Quilicura,13125.0,5590.0,2020-05-10
Quilicura,13125.0,23678.0,2020-05-11
Quilicura,13125.0,22782.0,2020-05-12
Quilicura,13125.0,22386.0,2020-05-13
Quilicura,13125.0,23246.0,2020-05-14
Quilicura,13125.0,24115.0,2020-05-15
Quinta Normal,13126.0,21101.0,2020-03-01
Quinta Normal,13126.0,58255.0,2020-03-02
Quinta Normal,13126.0,58286.0,2020-03-03
Quinta Normal,13126.0,60114.0,2020-03-04
Quinta Normal,13126.0,58956.0,2020-03-05
Quinta Normal,13126.0,57823.0,2020-03-06
Quinta Normal,13126.0,33875.0,2020-03-07
Quinta Normal,13126.0,21111.0,2020-03-08
Quinta Normal,13126.0,58821.0,2020-03-09
Quinta Normal,13126.0,55442.0,2020-03-10
Quinta Normal,13126.0,58469.0,2020-03-11
Quinta Normal,13126.0,59771.0,2020-03-12
Quinta Normal,13126.0,60547.0,2020-03-13
Quinta Normal,13126.0,33796.0,2020-03-14
Quinta Normal,13126.0,19178.0,2020-03-15
Quinta Normal,13126.0,47903.0,2020-03-16
Quinta Normal,13126.0,40616.0,2020-03-17
Quinta Normal,13126.0,35757.0,2020-03-18
Quinta Normal,13126.0,24812.0,2020-03-19
Quinta Normal,13126.0,17482.0,2020-03-20
Quinta Normal,13126.0,11581.0,2020-03-21
Quinta Normal,13126.0,6064.0,2020-03-22
Quinta Normal,13126.0,20996.0,2020-03-23
Quinta Normal,13126.0,20791.0,2020-03-24
Quinta Normal,13126.0,20279.0,2020-03-25
Quinta Normal,13126.0,21003.0,2020-03-26
Quinta Normal,13126.0,17315.0,2020-03-27
Quinta Normal,13126.0,9014.0,2020-03-28
Quinta Normal,13126.0,4461.0,2020-03-29
Quinta Normal,13126.0,17084.0,2020-03-30
Quinta Normal,13126.0,17759.0,2020-03-31
Quinta Normal,13126.0,17925.0,2020-04-01
Quinta Normal,13126.0,17169.0,2020-04-02
Quinta Normal,13126.0,10049.0,2020-04-04
Quinta Normal,13126.0,5482.0,2020-04-05
Quinta Normal,13126.0,18768.0,2020-04-06
Quinta Normal,13126.0,17944.0,2020-04-07
Quinta Normal,13126.0,18277.0,2020-04-08
Quinta Normal,13126.0,18506.0,2020-04-09
Quinta Normal,13126.0,6402.0,2020-04-10
Quinta Normal,13126.0,6566.0,2020-04-11
Quinta Normal,13126.0,4141.0,2020-04-12
Quinta Normal,13126.0,19337.0,2020-04-13
Quinta Normal,13126.0,18325.0,2020-04-14
Quinta Normal,13126.0,19153.0,2020-04-15
Quinta Normal,13126.0,18077.0,2020-04-16
Quinta Normal,13126.0,19277.0,2020-04-17
Quinta Normal,13126.0,9057.0,2020-04-18
Quinta Normal,13126.0,5628.0,2020-04-19
Quinta Normal,13126.0,19681.0,2020-04-20
Quinta Normal,13126.0,19502.0,2020-04-21
Quinta Normal,13126.0,20519.0,2020-04-22
Quinta Normal,13126.0,19314.0,2020-04-23
Quinta Normal,13126.0,13457.0,2020-04-24
Quinta Normal,13126.0,7773.0,2020-04-25
Quinta Normal,13126.0,4244.0,2020-04-26
Quinta Normal,13126.0,14520.0,2020-04-27
Quinta Normal,13126.0,14618.0,2020-04-28
Quinta Normal,13126.0,9367.0,2020-04-29
Quinta Normal,13126.0,10447.0,2020-04-30
Quinta Normal,13126.0,5175.0,2020-05-01
Quinta Normal,13126.0,9176.0,2020-05-02
Quinta Normal,13126.0,5570.0,2020-05-03
Quinta Normal,13126.0,17600.0,2020-05-04
Quinta Normal,13126.0,17177.0,2020-05-05
Quinta Normal,13126.0,16416.0,2020-05-06
Quinta Normal,13126.0,17102.0,2020-05-07
Quinta Normal,13126.0,16701.0,2020-05-08
Quinta Normal,13126.0,7657.0,2020-05-09
Quinta Normal,13126.0,4544.0,2020-05-10
Quinta Normal,13126.0,14635.0,2020-05-11
Quinta Normal,13126.0,14295.0,2020-05-12
Quinta Normal,13126.0,14089.0,2020-05-13
Quinta Normal,13126.0,14751.0,2020-05-14
Quinta Normal,13126.0,15497.0,2020-05-15
Recoleta,13127.0,50230.0,2020-03-01
Recoleta,13127.0,150836.0,2020-03-02
Recoleta,13127.0,150828.0,2020-03-03
Recoleta,13127.0,151317.0,2020-03-04
Recoleta,13127.0,147146.0,2020-03-05
Recoleta,13127.0,140811.0,2020-03-06
Recoleta,13127.0,86581.0,2020-03-07
Recoleta,13127.0,48282.0,2020-03-08
Recoleta,13127.0,150709.0,2020-03-09
Recoleta,13127.0,158816.0,2020-03-10
Recoleta,13127.0,144056.0,2020-03-11
Recoleta,13127.0,152165.0,2020-03-12
Recoleta,13127.0,153916.0,2020-03-13
Recoleta,13127.0,85540.0,2020-03-14
Recoleta,13127.0,43977.0,2020-03-15
Recoleta,13127.0,114791.0,2020-03-16
Recoleta,13127.0,94666.0,2020-03-17
Recoleta,13127.0,82352.0,2020-03-18
Recoleta,13127.0,76875.0,2020-03-19
Recoleta,13127.0,88210.0,2020-03-20
Recoleta,13127.0,34412.0,2020-03-21
Recoleta,13127.0,13850.0,2020-03-22
Recoleta,13127.0,49755.0,2020-03-23
Recoleta,13127.0,45875.0,2020-03-24
Recoleta,13127.0,44236.0,2020-03-25
Recoleta,13127.0,47246.0,2020-03-26
Recoleta,13127.0,34366.0,2020-03-27
Recoleta,13127.0,18435.0,2020-03-28
Recoleta,13127.0,9775.0,2020-03-29
Recoleta,13127.0,35995.0,2020-03-30
Recoleta,13127.0,37981.0,2020-03-31
Recoleta,13127.0,38610.0,2020-04-01
Recoleta,13127.0,37328.0,2020-04-02
Recoleta,13127.0,22375.0,2020-04-04
Recoleta,13127.0,11841.0,2020-04-05
Recoleta,13127.0,41529.0,2020-04-06
Recoleta,13127.0,39661.0,2020-04-07
Recoleta,13127.0,39456.0,2020-04-08
Recoleta,13127.0,41102.0,2020-04-09
Recoleta,13127.0,12689.0,2020-04-10
Recoleta,13127.0,13337.0,2020-04-11
Recoleta,13127.0,8608.0,2020-04-12
Recoleta,13127.0,41399.0,2020-04-13
Recoleta,13127.0,39250.0,2020-04-14
Recoleta,13127.0,39647.0,2020-04-15
Recoleta,13127.0,39720.0,2020-04-16
Recoleta,13127.0,42254.0,2020-04-17
Recoleta,13127.0,27215.0,2020-04-18
Recoleta,13127.0,11419.0,2020-04-19
Recoleta,13127.0,44111.0,2020-04-20
Recoleta,13127.0,41858.0,2020-04-21
Recoleta,13127.0,42600.0,2020-04-22
Recoleta,13127.0,42025.0,2020-04-23
Recoleta,13127.0,41518.0,2020-04-24
Recoleta,13127.0,23230.0,2020-04-25
Recoleta,13127.0,11559.0,2020-04-26
Recoleta,13127.0,43178.0,2020-04-27
Recoleta,13127.0,42704.0,2020-04-28
Recoleta,13127.0,44786.0,2020-04-29
Recoleta,13127.0,48767.0,2020-04-30
Recoleta,13127.0,13210.0,2020-05-01
Recoleta,13127.0,25492.0,2020-05-02
Recoleta,13127.0,13093.0,2020-05-03
Recoleta,13127.0,52905.0,2020-05-04
Recoleta,13127.0,49142.0,2020-05-05
Recoleta,13127.0,29241.0,2020-05-06
Recoleta,13127.0,30324.0,2020-05-07
Recoleta,13127.0,30498.0,2020-05-08
Recoleta,13127.0,15851.0,2020-05-09
Recoleta,13127.0,7951.0,2020-05-10
Recoleta,13127.0,28116.0,2020-05-11
Recoleta,13127.0,27730.0,2020-05-12
Recoleta,13127.0,27719.0,2020-05-13
Recoleta,13127.0,28621.0,2020-05-14
Recoleta,13127.0,28917.0,2020-05-15
Renca,13128.0,13349.0,2020-03-01
Renca,13128.0,44293.0,2020-03-02
Renca,13128.0,43929.0,2020-03-03
Renca,13128.0,44309.0,2020-03-04
Renca,13128.0,39691.0,2020-03-05
Renca,13128.0,41277.0,2020-03-06
Renca,13128.0,23947.0,2020-03-07
Renca,13128.0,12382.0,2020-03-08
Renca,13128.0,43702.0,2020-03-09
Renca,13128.0,41861.0,2020-03-10
Renca,13128.0,38726.0,2020-03-11
Renca,13128.0,43872.0,2020-03-12
Renca,13128.0,38776.0,2020-03-13
Renca,13128.0,22773.0,2020-03-14
Renca,13128.0,12316.0,2020-03-15
Renca,13128.0,36782.0,2020-03-16
Renca,13128.0,31371.0,2020-03-17
Renca,13128.0,27166.0,2020-03-18
Renca,13128.0,18719.0,2020-03-19
Renca,13128.0,6092.0,2020-03-20
Renca,13128.0,7962.0,2020-03-21
Renca,13128.0,4204.0,2020-03-22
Renca,13128.0,15481.0,2020-03-23
Renca,13128.0,15688.0,2020-03-24
Renca,13128.0,15125.0,2020-03-25
Renca,13128.0,15471.0,2020-03-26
Renca,13128.0,12557.0,2020-03-27
Renca,13128.0,6456.0,2020-03-28
Renca,13128.0,3134.0,2020-03-29
Renca,13128.0,12365.0,2020-03-30
Renca,13128.0,12996.0,2020-03-31
Renca,13128.0,13451.0,2020-04-01
Renca,13128.0,12986.0,2020-04-02
Renca,13128.0,7769.0,2020-04-04
Renca,13128.0,3845.0,2020-04-05
Renca,13128.0,14293.0,2020-04-06
Renca,13128.0,13846.0,2020-04-07
Renca,13128.0,14288.0,2020-04-08
Renca,13128.0,13949.0,2020-04-09
Renca,13128.0,4237.0,2020-04-10
Renca,13128.0,4447.0,2020-04-11
Renca,13128.0,2859.0,2020-04-12
Renca,13128.0,14012.0,2020-04-13
Renca,13128.0,13348.0,2020-04-14
Renca,13128.0,13861.0,2020-04-15
Renca,13128.0,13435.0,2020-04-16
Renca,13128.0,14617.0,2020-04-17
Renca,13128.0,5029.0,2020-04-18
Renca,13128.0,3662.0,2020-04-19
Renca,13128.0,14409.0,2020-04-20
Renca,13128.0,14481.0,2020-04-21
Renca,13128.0,14584.0,2020-04-22
Renca,13128.0,13549.0,2020-04-23
Renca,13128.0,12948.0,2020-04-24
Renca,13128.0,6639.0,2020-04-25
Renca,13128.0,3541.0,2020-04-26
Renca,13128.0,13532.0,2020-04-27
Renca,13128.0,13856.0,2020-04-28
Renca,13128.0,15996.0,2020-04-29
Renca,13128.0,15969.0,2020-04-30
Renca,13128.0,3951.0,2020-05-01
Renca,13128.0,7350.0,2020-05-02
Renca,13128.0,4269.0,2020-05-03
Renca,13128.0,16055.0,2020-05-04
Renca,13128.0,15178.0,2020-05-05
Renca,13128.0,14235.0,2020-05-06
Renca,13128.0,15084.0,2020-05-07
Renca,13128.0,15037.0,2020-05-08
Renca,13128.0,3907.0,2020-05-09
Renca,13128.0,2502.0,2020-05-10
Renca,13128.0,9987.0,2020-05-11
Renca,13128.0,10004.0,2020-05-12
Renca,13128.0,10099.0,2020-05-13
Renca,13128.0,10100.0,2020-05-14
Renca,13128.0,10709.0,2020-05-15
San Bernardo,13401.0,25821.0,2020-03-01
San Bernardo,13401.0,64519.0,2020-03-02
San Bernardo,13401.0,65220.0,2020-03-03
San Bernardo,13401.0,65116.0,2020-03-04
San Bernardo,13401.0,65587.0,2020-03-05
San Bernardo,13401.0,64291.0,2020-03-06
San Bernardo,13401.0,37583.0,2020-03-07
San Bernardo,13401.0,28016.0,2020-03-08
San Bernardo,13401.0,65526.0,2020-03-09
San Bernardo,13401.0,63151.0,2020-03-10
San Bernardo,13401.0,55457.0,2020-03-11
San Bernardo,13401.0,62017.0,2020-03-12
San Bernardo,13401.0,63637.0,2020-03-13
San Bernardo,13401.0,37266.0,2020-03-14
San Bernardo,13401.0,22323.0,2020-03-15
San Bernardo,13401.0,51492.0,2020-03-16
San Bernardo,13401.0,41750.0,2020-03-17
San Bernardo,13401.0,36585.0,2020-03-18
San Bernardo,13401.0,27678.0,2020-03-19
San Bernardo,13401.0,24656.0,2020-03-20
San Bernardo,13401.0,12522.0,2020-03-21
San Bernardo,13401.0,6614.0,2020-03-22
San Bernardo,13401.0,21956.0,2020-03-23
San Bernardo,13401.0,21117.0,2020-03-24
San Bernardo,13401.0,20488.0,2020-03-25
San Bernardo,13401.0,19857.0,2020-03-26
San Bernardo,13401.0,15487.0,2020-03-27
San Bernardo,13401.0,8083.0,2020-03-28
San Bernardo,13401.0,4880.0,2020-03-29
San Bernardo,13401.0,15316.0,2020-03-30
San Bernardo,13401.0,15138.0,2020-03-31
San Bernardo,13401.0,15126.0,2020-04-01
San Bernardo,13401.0,14570.0,2020-04-02
San Bernardo,13401.0,8095.0,2020-04-04
San Bernardo,13401.0,5217.0,2020-04-05
San Bernardo,13401.0,13754.0,2020-04-06
San Bernardo,13401.0,12884.0,2020-04-07
San Bernardo,13401.0,12635.0,2020-04-08
San Bernardo,13401.0,13066.0,2020-04-09
San Bernardo,13401.0,4138.0,2020-04-10
San Bernardo,13401.0,4285.0,2020-04-11
San Bernardo,13401.0,3342.0,2020-04-12
San Bernardo,13401.0,13944.0,2020-04-13
San Bernardo,13401.0,13058.0,2020-04-14
San Bernardo,13401.0,13956.0,2020-04-15
San Bernardo,13401.0,13670.0,2020-04-16
San Bernardo,13401.0,11951.0,2020-04-17
San Bernardo,13401.0,7093.0,2020-04-18
San Bernardo,13401.0,4068.0,2020-04-19
San Bernardo,13401.0,12987.0,2020-04-20
San Bernardo,13401.0,12715.0,2020-04-21
San Bernardo,13401.0,12869.0,2020-04-22
San Bernardo,13401.0,13196.0,2020-04-23
San Bernardo,13401.0,13645.0,2020-04-24
San Bernardo,13401.0,7191.0,2020-04-25
San Bernardo,13401.0,4456.0,2020-04-26
San Bernardo,13401.0,14091.0,2020-04-27
San Bernardo,13401.0,13875.0,2020-04-28
San Bernardo,13401.0,22832.0,2020-04-29
San Bernardo,13401.0,24889.0,2020-04-30
San Bernardo,13401.0,4005.0,2020-05-01
San Bernardo,13401.0,7241.0,2020-05-02
San Bernardo,13401.0,5218.0,2020-05-03
San Bernardo,13401.0,15196.0,2020-05-04
San Bernardo,13401.0,14778.0,2020-05-05
San Bernardo,13401.0,14503.0,2020-05-06
San Bernardo,13401.0,14852.0,2020-05-07
San Bernardo,13401.0,14586.0,2020-05-08
San Bernardo,13401.0,6518.0,2020-05-09
San Bernardo,13401.0,3996.0,2020-05-10
San Bernardo,13401.0,12599.0,2020-05-11
San Bernardo,13401.0,12005.0,2020-05-12
San Bernardo,13401.0,12006.0,2020-05-13
San Bernardo,13401.0,12389.0,2020-05-14
San Bernardo,13401.0,12573.0,2020-05-15
San Joaquín,13129.0,12130.0,2020-03-01
San Joaquín,13129.0,34988.0,2020-03-02
San Joaquín,13129.0,35388.0,2020-03-03
San Joaquín,13129.0,36023.0,2020-03-04
San Joaquín,13129.0,36002.0,2020-03-05
San Joaquín,13129.0,33567.0,2020-03-06
San Joaquín,13129.0,19119.0,2020-03-07
San Joaquín,13129.0,11257.0,2020-03-08
San Joaquín,13129.0,35854.0,2020-03-09
San Joaquín,13129.0,35819.0,2020-03-10
San Joaquín,13129.0,35070.0,2020-03-11
San Joaquín,13129.0,35637.0,2020-03-12
San Joaquín,13129.0,35740.0,2020-03-13
San Joaquín,13129.0,18247.0,2020-03-14
San Joaquín,13129.0,10400.0,2020-03-15
San Joaquín,13129.0,29503.0,2020-03-16
San Joaquín,13129.0,24009.0,2020-03-17
San Joaquín,13129.0,21419.0,2020-03-18
San Joaquín,13129.0,18573.0,2020-03-19
San Joaquín,13129.0,13544.0,2020-03-20
San Joaquín,13129.0,7446.0,2020-03-21
San Joaquín,13129.0,3081.0,2020-03-22
San Joaquín,13129.0,13190.0,2020-03-23
San Joaquín,13129.0,12648.0,2020-03-24
San Joaquín,13129.0,12063.0,2020-03-25
San Joaquín,13129.0,11633.0,2020-03-26
San Joaquín,13129.0,9077.0,2020-03-27
San Joaquín,13129.0,4368.0,2020-03-28
San Joaquín,13129.0,2124.0,2020-03-29
San Joaquín,13129.0,9204.0,2020-03-30
San Joaquín,13129.0,8998.0,2020-03-31
San Joaquín,13129.0,9102.0,2020-04-01
San Joaquín,13129.0,8528.0,2020-04-02
San Joaquín,13129.0,4450.0,2020-04-04
San Joaquín,13129.0,2049.0,2020-04-05
San Joaquín,13129.0,8799.0,2020-04-06
San Joaquín,13129.0,8538.0,2020-04-07
San Joaquín,13129.0,8719.0,2020-04-08
San Joaquín,13129.0,9054.0,2020-04-09
San Joaquín,13129.0,2360.0,2020-04-10
San Joaquín,13129.0,2502.0,2020-04-11
San Joaquín,13129.0,1578.0,2020-04-12
San Joaquín,13129.0,8946.0,2020-04-13
San Joaquín,13129.0,8774.0,2020-04-14
San Joaquín,13129.0,9037.0,2020-04-15
San Joaquín,13129.0,8697.0,2020-04-16
San Joaquín,13129.0,8986.0,2020-04-17
San Joaquín,13129.0,4331.0,2020-04-18
San Joaquín,13129.0,2249.0,2020-04-19
San Joaquín,13129.0,9487.0,2020-04-20
San Joaquín,13129.0,8969.0,2020-04-21
San Joaquín,13129.0,9162.0,2020-04-22
San Joaquín,13129.0,9111.0,2020-04-23
San Joaquín,13129.0,9079.0,2020-04-24
San Joaquín,13129.0,4497.0,2020-04-25
San Joaquín,13129.0,2300.0,2020-04-26
San Joaquín,13129.0,9323.0,2020-04-27
San Joaquín,13129.0,9287.0,2020-04-28
San Joaquín,13129.0,8729.0,2020-04-29
San Joaquín,13129.0,8649.0,2020-04-30
San Joaquín,13129.0,2335.0,2020-05-01
San Joaquín,13129.0,4501.0,2020-05-02
San Joaquín,13129.0,2464.0,2020-05-03
San Joaquín,13129.0,10272.0,2020-05-04
San Joaquín,13129.0,9945.0,2020-05-05
San Joaquín,13129.0,9578.0,2020-05-06
San Joaquín,13129.0,10131.0,2020-05-07
San Joaquín,13129.0,9723.0,2020-05-08
San Joaquín,13129.0,3109.0,2020-05-09
San Joaquín,13129.0,1569.0,2020-05-10
San Joaquín,13129.0,6433.0,2020-05-11
San Joaquín,13129.0,6466.0,2020-05-12
San Joaquín,13129.0,6543.0,2020-05-13
San Joaquín,13129.0,6539.0,2020-05-14
San Joaquín,13129.0,6570.0,2020-05-15
San Miguel,13130.0,27969.0,2020-03-01
San Miguel,13130.0,85909.0,2020-03-02
San Miguel,13130.0,86879.0,2020-03-03
San Miguel,13130.0,88150.0,2020-03-04
San Miguel,13130.0,86700.0,2020-03-05
San Miguel,13130.0,86256.0,2020-03-06
San Miguel,13130.0,46235.0,2020-03-07
San Miguel,13130.0,30395.0,2020-03-08
San Miguel,13130.0,87327.0,2020-03-09
San Miguel,13130.0,93793.0,2020-03-10
San Miguel,13130.0,83595.0,2020-03-11
San Miguel,13130.0,87439.0,2020-03-12
San Miguel,13130.0,88089.0,2020-03-13
San Miguel,13130.0,44959.0,2020-03-14
San Miguel,13130.0,24018.0,2020-03-15
San Miguel,13130.0,65191.0,2020-03-16
San Miguel,13130.0,50670.0,2020-03-17
San Miguel,13130.0,44027.0,2020-03-18
San Miguel,13130.0,37046.0,2020-03-19
San Miguel,13130.0,42301.0,2020-03-20
San Miguel,13130.0,15747.0,2020-03-21
San Miguel,13130.0,6580.0,2020-03-22
San Miguel,13130.0,26471.0,2020-03-23
San Miguel,13130.0,24120.0,2020-03-24
San Miguel,13130.0,23105.0,2020-03-25
San Miguel,13130.0,23834.0,2020-03-26
San Miguel,13130.0,19766.0,2020-03-27
San Miguel,13130.0,9462.0,2020-03-28
San Miguel,13130.0,5083.0,2020-03-29
San Miguel,13130.0,20868.0,2020-03-30
San Miguel,13130.0,21134.0,2020-03-31
San Miguel,13130.0,20912.0,2020-04-01
San Miguel,13130.0,20595.0,2020-04-02
San Miguel,13130.0,10771.0,2020-04-04
San Miguel,13130.0,5787.0,2020-04-05
San Miguel,13130.0,21688.0,2020-04-06
San Miguel,13130.0,20947.0,2020-04-07
San Miguel,13130.0,20669.0,2020-04-08
San Miguel,13130.0,21137.0,2020-04-09
San Miguel,13130.0,6432.0,2020-04-10
San Miguel,13130.0,6577.0,2020-04-11
San Miguel,13130.0,4383.0,2020-04-12
San Miguel,13130.0,21704.0,2020-04-13
San Miguel,13130.0,20703.0,2020-04-14
San Miguel,13130.0,21123.0,2020-04-15
San Miguel,13130.0,20429.0,2020-04-16
San Miguel,13130.0,21747.0,2020-04-17
San Miguel,13130.0,12675.0,2020-04-18
San Miguel,13130.0,5895.0,2020-04-19
San Miguel,13130.0,22876.0,2020-04-20
San Miguel,13130.0,21464.0,2020-04-21
San Miguel,13130.0,21953.0,2020-04-22
San Miguel,13130.0,21510.0,2020-04-23
San Miguel,13130.0,21295.0,2020-04-24
San Miguel,13130.0,11273.0,2020-04-25
San Miguel,13130.0,6341.0,2020-04-26
San Miguel,13130.0,22300.0,2020-04-27
San Miguel,13130.0,21573.0,2020-04-28
San Miguel,13130.0,19827.0,2020-04-29
San Miguel,13130.0,21413.0,2020-04-30
San Miguel,13130.0,6654.0,2020-05-01
San Miguel,13130.0,12805.0,2020-05-02
San Miguel,13130.0,7366.0,2020-05-03
San Miguel,13130.0,25967.0,2020-05-04
San Miguel,13130.0,25046.0,2020-05-05
San Miguel,13130.0,23659.0,2020-05-06
San Miguel,13130.0,24696.0,2020-05-07
San Miguel,13130.0,25170.0,2020-05-08
San Miguel,13130.0,8642.0,2020-05-09
San Miguel,13130.0,4586.0,2020-05-10
San Miguel,13130.0,15829.0,2020-05-11
San Miguel,13130.0,15661.0,2020-05-12
San Miguel,13130.0,15366.0,2020-05-13
San Miguel,13130.0,15955.0,2020-05-14
San Miguel,13130.0,16984.0,2020-05-15
San Ramón,13131.0,13047.0,2020-03-01
San Ramón,13131.0,39199.0,2020-03-02
San Ramón,13131.0,39386.0,2020-03-03
San Ramón,13131.0,39239.0,2020-03-04
San Ramón,13131.0,39506.0,2020-03-05
San Ramón,13131.0,39413.0,2020-03-06
San Ramón,13131.0,21904.0,2020-03-07
San Ramón,13131.0,13147.0,2020-03-08
San Ramón,13131.0,41117.0,2020-03-09
San Ramón,13131.0,41059.0,2020-03-10
San Ramón,13131.0,31708.0,2020-03-11
San Ramón,13131.0,37102.0,2020-03-12
San Ramón,13131.0,39003.0,2020-03-13
San Ramón,13131.0,20566.0,2020-03-14
San Ramón,13131.0,11165.0,2020-03-15
San Ramón,13131.0,30894.0,2020-03-16
San Ramón,13131.0,26693.0,2020-03-17
San Ramón,13131.0,23707.0,2020-03-18
San Ramón,13131.0,18603.0,2020-03-19
San Ramón,13131.0,22683.0,2020-03-20
San Ramón,13131.0,8669.0,2020-03-21
San Ramón,13131.0,3593.0,2020-03-22
San Ramón,13131.0,14628.0,2020-03-23
San Ramón,13131.0,13161.0,2020-03-24
San Ramón,13131.0,12778.0,2020-03-25
San Ramón,13131.0,12588.0,2020-03-26
San Ramón,13131.0,9983.0,2020-03-27
San Ramón,13131.0,5307.0,2020-03-28
San Ramón,13131.0,2465.0,2020-03-29
San Ramón,13131.0,9629.0,2020-03-30
San Ramón,13131.0,9979.0,2020-03-31
San Ramón,13131.0,9620.0,2020-04-01
San Ramón,13131.0,9038.0,2020-04-02
San Ramón,13131.0,5762.0,2020-04-04
San Ramón,13131.0,2808.0,2020-04-05
San Ramón,13131.0,9846.0,2020-04-06
San Ramón,13131.0,9228.0,2020-04-07
San Ramón,13131.0,8787.0,2020-04-08
San Ramón,13131.0,9187.0,2020-04-09
San Ramón,13131.0,2678.0,2020-04-10
San Ramón,13131.0,2810.0,2020-04-11
San Ramón,13131.0,1904.0,2020-04-12
San Ramón,13131.0,9724.0,2020-04-13
San Ramón,13131.0,9143.0,2020-04-14
San Ramón,13131.0,9294.0,2020-04-15
San Ramón,13131.0,8961.0,2020-04-16
San Ramón,13131.0,10049.0,2020-04-17
San Ramón,13131.0,6319.0,2020-04-18
San Ramón,13131.0,2614.0,2020-04-19
San Ramón,13131.0,10934.0,2020-04-20
San Ramón,13131.0,10239.0,2020-04-21
San Ramón,13131.0,10339.0,2020-04-22
San Ramón,13131.0,10083.0,2020-04-23
San Ramón,13131.0,10219.0,2020-04-24
San Ramón,13131.0,5625.0,2020-04-25
San Ramón,13131.0,2659.0,2020-04-26
San Ramón,13131.0,11553.0,2020-04-27
San Ramón,13131.0,11093.0,2020-04-28
San Ramón,13131.0,11135.0,2020-04-29
San Ramón,13131.0,11921.0,2020-04-30
San Ramón,13131.0,2560.0,2020-05-01
San Ramón,13131.0,5460.0,2020-05-02
San Ramón,13131.0,2739.0,2020-05-03
San Ramón,13131.0,11654.0,2020-05-04
San Ramón,13131.0,10890.0,2020-05-05
San Ramón,13131.0,10291.0,2020-05-06
San Ramón,13131.0,10810.0,2020-05-07
San Ramón,13131.0,11348.0,2020-05-08
San Ramón,13131.0,3916.0,2020-05-09
San Ramón,13131.0,1886.0,2020-05-10
San Ramón,13131.0,7921.0,2020-05-11
San Ramón,13131.0,7731.0,2020-05-12
San Ramón,13131.0,7957.0,2020-05-13
San Ramón,13131.0,8329.0,2020-05-14
San Ramón,13131.0,8708.0,2020-05-15
Santiago,13101.0,200020.0,2020-03-01
Santiago,13101.0,680229.0,2020-03-02
Santiago,13101.0,684440.0,2020-03-03
Santiago,13101.0,680130.0,2020-03-04
Santiago,13101.0,688922.0,2020-03-05
Santiago,13101.0,635143.0,2020-03-06
Santiago,13101.0,361860.0,2020-03-07
Santiago,13101.0,191356.0,2020-03-08
Santiago,13101.0,650780.0,2020-03-09
Santiago,13101.0,767196.0,2020-03-10
Santiago,13101.0,618820.0,2020-03-11
Santiago,13101.0,706742.0,2020-03-12
Santiago,13101.0,683660.0,2020-03-13
Santiago,13101.0,354681.0,2020-03-14
Santiago,13101.0,168540.0,2020-03-15
Santiago,13101.0,518187.0,2020-03-16
Santiago,13101.0,400263.0,2020-03-17
Santiago,13101.0,337799.0,2020-03-18
Santiago,13101.0,299171.0,2020-03-19
Santiago,13101.0,314885.0,2020-03-20
Santiago,13101.0,117752.0,2020-03-21
Santiago,13101.0,43160.0,2020-03-22
Santiago,13101.0,185076.0,2020-03-23
Santiago,13101.0,170436.0,2020-03-24
Santiago,13101.0,164663.0,2020-03-25
Santiago,13101.0,184470.0,2020-03-26
Santiago,13101.0,70477.0,2020-03-27
Santiago,13101.0,39956.0,2020-03-28
Santiago,13101.0,22343.0,2020-03-29
Santiago,13101.0,81650.0,2020-03-30
Santiago,13101.0,85712.0,2020-03-31
Santiago,13101.0,89168.0,2020-04-01
Santiago,13101.0,88217.0,2020-04-02
Santiago,13101.0,56499.0,2020-04-04
Santiago,13101.0,31127.0,2020-04-05
Santiago,13101.0,101028.0,2020-04-06
Santiago,13101.0,98777.0,2020-04-07
Santiago,13101.0,98903.0,2020-04-08
Santiago,13101.0,99876.0,2020-04-09
Santiago,13101.0,35514.0,2020-04-10
Santiago,13101.0,37632.0,2020-04-11
Santiago,13101.0,25004.0,2020-04-12
Santiago,13101.0,119123.0,2020-04-13
Santiago,13101.0,113100.0,2020-04-14
Santiago,13101.0,115858.0,2020-04-15
Santiago,13101.0,113694.0,2020-04-16
Santiago,13101.0,122496.0,2020-04-17
Santiago,13101.0,79837.0,2020-04-18
Santiago,13101.0,36250.0,2020-04-19
Santiago,13101.0,132078.0,2020-04-20
Santiago,13101.0,125226.0,2020-04-21
Santiago,13101.0,128208.0,2020-04-22
Santiago,13101.0,127322.0,2020-04-23
Santiago,13101.0,126001.0,2020-04-24
Santiago,13101.0,72558.0,2020-04-25
Santiago,13101.0,38038.0,2020-04-26
Santiago,13101.0,132807.0,2020-04-27
Santiago,13101.0,131001.0,2020-04-28
Santiago,13101.0,107929.0,2020-04-29
Santiago,13101.0,116294.0,2020-04-30
Santiago,13101.0,42580.0,2020-05-01
Santiago,13101.0,75100.0,2020-05-02
Santiago,13101.0,42225.0,2020-05-03
Santiago,13101.0,148065.0,2020-05-04
Santiago,13101.0,141403.0,2020-05-05
Santiago,13101.0,121258.0,2020-05-06
Santiago,13101.0,122189.0,2020-05-07
Santiago,13101.0,123487.0,2020-05-08
Santiago,13101.0,65257.0,2020-05-09
Santiago,13101.0,31979.0,2020-05-10
Santiago,13101.0,112042.0,2020-05-11
Santiago,13101.0,109446.0,2020-05-12
Santiago,13101.0,108158.0,2020-05-13
Santiago,13101.0,111500.0,2020-05-14
Santiago,13101.0,115580.0,2020-05-15
Vitacura,13132.0,10446.0,2020-03-01
Vitacura,13132.0,44951.0,2020-03-02
Vitacura,13132.0,45796.0,2020-03-03
Vitacura,13132.0,47324.0,2020-03-04
Vitacura,13132.0,46572.0,2020-03-05
Vitacura,13132.0,45903.0,2020-03-06
Vitacura,13132.0,22465.0,2020-03-07
Vitacura,13132.0,10503.0,2020-03-08
Vitacura,13132.0,45833.0,2020-03-09
Vitacura,13132.0,42973.0,2020-03-10
Vitacura,13132.0,45459.0,2020-03-11
Vitacura,13132.0,47046.0,2020-03-12
Vitacura,13132.0,46647.0,2020-03-13
Vitacura,13132.0,21621.0,2020-03-14
Vitacura,13132.0,10112.0,2020-03-15
Vitacura,13132.0,36473.0,2020-03-16
Vitacura,13132.0,28905.0,2020-03-17
Vitacura,13132.0,24294.0,2020-03-18
Vitacura,13132.0,11281.0,2020-03-19
Vitacura,13132.0,10642.0,2020-03-20
Vitacura,13132.0,5178.0,2020-03-21
Vitacura,13132.0,3415.0,2020-03-22
Vitacura,13132.0,12965.0,2020-03-23
Vitacura,13132.0,12139.0,2020-03-24
Vitacura,13132.0,11739.0,2020-03-25
Vitacura,13132.0,12797.0,2020-03-26
Vitacura,13132.0,4693.0,2020-03-27
Vitacura,13132.0,3444.0,2020-03-28
Vitacura,13132.0,2063.0,2020-03-29
Vitacura,13132.0,5003.0,2020-03-30
Vitacura,13132.0,5195.0,2020-03-31
Vitacura,13132.0,4972.0,2020-04-01
Vitacura,13132.0,5111.0,2020-04-02
Vitacura,13132.0,3725.0,2020-04-04
Vitacura,13132.0,2266.0,2020-04-05
Vitacura,13132.0,5124.0,2020-04-06
Vitacura,13132.0,5175.0,2020-04-07
Vitacura,13132.0,5158.0,2020-04-08
Vitacura,13132.0,5454.0,2020-04-09
Vitacura,13132.0,3105.0,2020-04-10
Vitacura,13132.0,2685.0,2020-04-11
Vitacura,13132.0,2054.0,2020-04-12
Vitacura,13132.0,9174.0,2020-04-13
Vitacura,13132.0,8927.0,2020-04-14
Vitacura,13132.0,9119.0,2020-04-15
Vitacura,13132.0,8755.0,2020-04-16
Vitacura,13132.0,9433.0,2020-04-17
Vitacura,13132.0,3462.0,2020-04-18
Vitacura,13132.0,2491.0,2020-04-19
Vitacura,13132.0,10216.0,2020-04-20
Vitacura,13132.0,9494.0,2020-04-21
Vitacura,13132.0,8832.0,2020-04-22
Vitacura,13132.0,9254.0,2020-04-23
Vitacura,13132.0,9625.0,2020-04-24
Vitacura,13132.0,5012.0,2020-04-25
Vitacura,13132.0,2263.0,2020-04-26
Vitacura,13132.0,9963.0,2020-04-27
Vitacura,13132.0,9805.0,2020-04-28
Vitacura,13132.0,7472.0,2020-04-29
Vitacura,13132.0,7423.0,2020-04-30
Vitacura,13132.0,2595.0,2020-05-01
Vitacura,13132.0,4842.0,2020-05-02
Vitacura,13132.0,2536.0,2020-05-03
Vitacura,13132.0,10784.0,2020-05-04
Vitacura,13132.0,10681.0,2020-05-05
Vitacura,13132.0,9860.0,2020-05-06
Vitacura,13132.0,10077.0,2020-05-07
Vitacura,13132.0,10324.0,2020-05-08
Vitacura,13132.0,3819.0,2020-05-09
Vitacura,13132.0,2539.0,2020-05-10
Vitacura,13132.0,8619.0,2020-05-11
Vitacura,13132.0,8026.0,2020-05-12
Vitacura,13132.0,7974.0,2020-05-13
Vitacura,13132.0,8362.0,2020-05-14
Vitacura,13132.0,8362.0,2020-05-15
-,,14.0,2020-03-01
-,,144.0,2020-03-02
-,,151.0,2020-03-03
-,,134.0,2020-03-04
-,,124.0,2020-03-05
-,,53.0,2020-03-06
-,,40.0,2020-03-07
-,,67.0,2020-03-08
-,,50.0,2020-03-09
-,,89.0,2020-03-10
-,,162.0,2020-03-11
-,,17.0,2020-03-12
-,,117.0,2020-03-13
-,,32.0,2020-03-14
-,,27.0,2020-03-15
-,,118.0,2020-03-16
-,,24.0,2020-03-17
-,,61.0,2020-03-18
-,,2.0,2020-03-19
-,,63.0,2020-03-20
-,,3.0,2020-03-22
-,,13.0,2020-03-23
-,,34.0,2020-03-24
-,,49.0,2020-03-25
-,,13.0,2020-03-26
-,,9.0,2020-03-27
-,,2.0,2020-03-28
-,,26.0,2020-03-30
-,,34.0,2020-03-31
-,,39.0,2020-04-01
-,,10.0,2020-04-02
-,,8.0,2020-04-04
-,,5.0,2020-04-05
-,,5.0,2020-04-06
-,,36.0,2020-04-07
-,,20.0,2020-04-08
-,,11.0,2020-04-09
-,,5.0,2020-04-10
-,,30.0,2020-04-13
-,,8.0,2020-04-14
-,,12.0,2020-04-15
-,,7.0,2020-04-16
-,,3.0,2020-04-17
-,,10.0,2020-04-19
-,,6.0,2020-04-20
-,,8.0,2020-04-21
-,,11.0,2020-04-22
-,,6.0,2020-04-23
-,,17.0,2020-04-24
-,,6.0,2020-04-25
-,,2.0,2020-04-26
-,,7.0,2020-04-27
-,,12.0,2020-04-28
-,,789.0,2020-04-29
-,,211.0,2020-04-30
-,,4.0,2020-05-01
-,,3.0,2020-05-03
-,,3.0,2020-05-04
-,,3.0,2020-05-05
-,,19.0,2020-05-06
-,,1.0,2020-05-07
-,,13.0,2020-05-08
-,,1.0,2020-05-10
-,,11.0,2020-05-12
-,,8.0,2020-05-14
-,,7.0,2020-05-15
