Region,Codigo region,Comuna,Codigo comuna,Poblacion,2020-04-13,2020-04-15,2020-04-17,2020-04-20,2020-04-24,2020-04-27,2020-05-01,2020-05-04,2020-05-08,2020-05-11,2020-05-15,2020-05-18,2020-05-22,2020-05-25,2020-05-29,2020-06-01,2020-06-05,2020-06-08,2020-06-12,2020-06-15,2020-06-19,2020-06-23,2020-06-28,2020-07-01,2020-07-05,2020-07-10,2020-07-13,2020-07-17,2020-07-20,2020-07-24,2020-07-27,2020-07-31,2020-08-03,2020-08-07,2020-08-10,2020-08-14,2020-08-17,2020-08-21,2020-08-24,2020-08-28
Arica y Parinacota,15,Arica,15101,247552.0,88.0,80.0,72.0,65.0,77.0,103.0,105.0,87.0,61.0,66.0,49.0,68.0,117.0,143.0,163.0,177.0,248.0,278.0,328.0,353.0,358.0,381.0,408.0,406.0,495.0,575.0,655.0,818.0,859.0,981.0,984.0,962.0,861.0,709.0,779.0,775.0,778.0,651.0,643.0,585
Arica y Parinacota,15,Camarones,15102,1233.0,0.0,0.0,0.0,0.0,0.0,0.0,0.0,0.0,0.0,0.0,0.0,0.0,0.0,0.0,0.0,0.0,0.0,0.0,0.0,0.0,0.0,0.0,0.0,0.0,0.0,0.0,8.0,12.0,12.0,7.0,2.0,2.0,6.0,4.0,4.0,1.0,1.0,1.0,3.0,0
Arica y Parinacota,15,General Lagos,15202,810.0,0.0,0.0,0.0,0.0,0.0,0.0,0.0,0.0,0.0,0.0,0.0,0.0,0.0,0.0,0.0,0.0,0.0,0.0,0.0,0.0,0.0,0.0,0.0,0.0,0.0,0.0,0.0,0.0,0.0,1.0,1.0,1.0,0.0,1.0,5.0,14.0,26.0,11.0,8.0,2
Arica y Parinacota,15,Putre,15201,2515.0,0.0,0.0,0.0,0.0,0.0,0.0,0.0,0.0,0.0,0.0,0.0,0.0,0.0,0.0,0.0,0.0,0.0,1.0,2.0,3.0,8.0,7.0,1.0,1.0,1.0,15.0,17.0,15.0,12.0,7.0,7.0,3.0,1.0,10.0,15.0,9.0,6.0,1.0,2.0,2
Arica y Parinacota,15,Desconocido Arica y Parinacota,,,,,,,,,,,,,,,,,,,,,,,0.0,0.0,1.0,0.0,0.0,1.0,1.0,3.0,3.0,4.0,4.0,6.0,8.0,7.0,12.0,10.0,13.0,7.0,6.0,3
Arica y Parinacota,15,Total,,252110.0,88.0,80.0,72.0,65.0,77.0,103.0,105.0,87.0,61.0,66.0,49.0,68.0,117.0,143.0,163.0,177.0,248.0,279.0,330.0,356.0,366.0,388.0,410.0,407.0,496.0,591.0,681.0,848.0,886.0,1000.0,998.0,974.0,876.0,731.0,815.0,809.0,824.0,671.0,662.0,592.0
,,,,,,,,,,,,,,,,,,,,,,,,,,,,,,,,,,,,,,,,,,,,
Tarapaca,01,Alto Hospicio,01107,129999.0,8.0,8.0,7.0,15.0,19.0,27.0,38.0,78.0,93.0,94.0,118.0,183.0,246.0,253.0,252.0,297.0,265.0,301.0,235.0,247.0,243.0,239.0,218.0,219.0,205.0,165.0,137.0,119.0,144.0,129.0,128.0,180.0,190.0,195.0,203.0,201.0,222.0,220.0,248.0,200
Tarapaca,01,Camina,01402,1375.0,0.0,0.0,0.0,0.0,0.0,0.0,0.0,0.0,0.0,0.0,0.0,0.0,0.0,0.0,2.0,3.0,7.0,7.0,4.0,3.0,1.0,1.0,8.0,10.0,13.0,7.0,6.0,3.0,7.0,3.0,1.0,3.0,3.0,2.0,2.0,8.0,12.0,13.0,8.0,2
Tarapaca,01,Colchane,01403,1583.0,0.0,0.0,0.0,0.0,0.0,0.0,0.0,0.0,0.0,0.0,0.0,0.0,0.0,0.0,1.0,1.0,3.0,3.0,8.0,12.0,14.0,27.0,24.0,20.0,15.0,16.0,15.0,13.0,4.0,9.0,12.0,12.0,11.0,3.0,2.0,1.0,2.0,1.0,2.0,2
Tarapaca,01,Huara,01404,3000.0,0.0,0.0,0.0,0.0,0.0,0.0,0.0,3.0,6.0,7.0,7.0,5.0,7.0,6.0,11.0,9.0,6.0,8.0,5.0,5.0,10.0,12.0,9.0,9.0,15.0,21.0,28.0,28.0,27.0,21.0,18.0,13.0,9.0,6.0,3.0,11.0,12.0,9.0,9.0,10
Tarapaca,01,Iquique,01101,223463.0,11.0,8.0,10.0,10.0,29.0,38.0,39.0,63.0,169.0,206.0,293.0,371.0,419.0,469.0,514.0,532.0,509.0,521.0,474.0,547.0,575.0,548.0,495.0,417.0,455.0,433.0,409.0,344.0,335.0,344.0,399.0,483.0,433.0,380.0,374.0,387.0,373.0,353.0,367.0,299
Tarapaca,01,Pica,01405,5958.0,9.0,17.0,21.0,17.0,13.0,9.0,0.0,0.0,3.0,4.0,4.0,4.0,1.0,2.0,7.0,12.0,15.0,14.0,8.0,14.0,15.0,18.0,17.0,14.0,29.0,71.0,69.0,57.0,39.0,23.0,26.0,46.0,48.0,41.0,33.0,40.0,53.0,61.0,57.0,42
Tarapaca,01,Pozo Almonte,01401,17395.0,2.0,2.0,0.0,0.0,0.0,0.0,0.0,1.0,2.0,3.0,3.0,4.0,13.0,19.0,30.0,46.0,44.0,56.0,97.0,115.0,130.0,106.0,64.0,65.0,55.0,66.0,83.0,55.0,53.0,47.0,53.0,140.0,143.0,145.0,82.0,78.0,81.0,73.0,64.0,53
Tarapaca,01,Desconocido Tarapaca,,,,,,,,,,,,,,,,,,,,,,,44.0,40.0,36.0,39.0,40.0,35.0,39.0,38.0,72.0,60.0,68.0,59.0,49.0,62.0,30.0,27.0,29.0,24.0,23.0,22
Tarapaca,01,Total,,382773.0,30.0,35.0,38.0,42.0,61.0,74.0,77.0,145.0,273.0,314.0,425.0,567.0,686.0,749.0,817.0,900.0,849.0,910.0,831.0,943.0,1032.0,991.0,871.0,793.0,827.0,814.0,786.0,657.0,681.0,636.0,705.0,936.0,886.0,834.0,729.0,753.0,784.0,754.0,778.0,630.0
,,,,,,,,,,,,,,,,,,,,,,,,,,,,,,,,,,,,,,,,,,,,
Antofagasta,02,Antofagasta,02101,425725.0,49.0,54.0,62.0,86.0,121.0,140.0,158.0,201.0,235.0,225.0,296.0,315.0,296.0,280.0,239.0,271.0,251.0,307.0,349.0,433.0,526.0,646.0,780.0,759.0,905.0,992.0,1065.0,966.0,825.0,751.0,680.0,654.0,689.0,747.0,890.0,817.0,754.0,661.0,640.0,571
Antofagasta,02,Calama,02201,190336.0,12.0,11.0,10.0,10.0,9.0,25.0,33.0,37.0,32.0,33.0,57.0,76.0,76.0,87.0,98.0,55.0,73.0,92.0,221.0,370.0,746.0,978.0,923.0,876.0,814.0,743.0,726.0,585.0,494.0,399.0,413.0,375.0,313.0,298.0,272.0,295.0,277.0,220.0,207.0,184
Antofagasta,02,Maria Elena,02302,6814.0,1.0,2.0,4.0,6.0,7.0,8.0,24.0,24.0,25.0,21.0,31.0,28.0,25.0,29.0,17.0,11.0,5.0,8.0,6.0,6.0,15.0,21.0,32.0,38.0,30.0,27.0,27.0,17.0,13.0,15.0,12.0,15.0,18.0,12.0,8.0,7.0,8.0,5.0,2.0,2
Antofagasta,02,Mejillones,02102,14776.0,11.0,13.0,14.0,18.0,30.0,38.0,37.0,83.0,79.0,75.0,41.0,43.0,45.0,33.0,17.0,12.0,14.0,13.0,1.0,5.0,6.0,22.0,34.0,44.0,61.0,39.0,28.0,29.0,21.0,18.0,24.0,19.0,26.0,29.0,31.0,29.0,23.0,24.0,32.0,25
Antofagasta,02,Ollague,02202,287.0,0.0,0.0,0.0,0.0,0.0,0.0,0.0,0.0,0.0,0.0,0.0,0.0,0.0,0.0,0.0,0.0,0.0,0.0,0.0,2.0,2.0,2.0,4.0,1.0,2.0,5.0,4.0,7.0,10.0,7.0,5.0,0.0,0.0,3.0,3.0,3.0,0.0,0.0,0.0,0
Antofagasta,02,San Pedro de Atacama,02203,10434.0,1.0,0.0,0.0,0.0,0.0,0.0,0.0,0.0,0.0,0.0,0.0,0.0,1.0,1.0,4.0,3.0,1.0,1.0,2.0,12.0,20.0,29.0,35.0,42.0,40.0,34.0,39.0,44.0,55.0,52.0,37.0,30.0,35.0,26.0,32.0,25.0,25.0,19.0,24.0,21
Antofagasta,02,Sierra Gorda,02103,1746.0,0.0,0.0,0.0,0.0,0.0,0.0,0.0,0.0,2.0,2.0,5.0,5.0,4.0,4.0,0.0,1.0,0.0,5.0,7.0,7.0,7.0,5.0,2.0,4.0,4.0,6.0,6.0,6.0,9.0,4.0,10.0,7.0,8.0,4.0,6.0,7.0,3.0,3.0,0.0,1
Antofagasta,02,Taltal,02104,13657.0,3.0,5.0,5.0,5.0,4.0,0.0,0.0,1.0,1.0,1.0,8.0,7.0,12.0,12.0,4.0,8.0,8.0,7.0,6.0,4.0,10.0,15.0,10.0,11.0,11.0,15.0,22.0,27.0,27.0,17.0,16.0,6.0,7.0,16.0,16.0,17.0,11.0,20.0,17.0,13
Antofagasta,02,Tocopilla,02301,28079.0,1.0,3.0,8.0,4.0,1.0,0.0,1.0,2.0,2.0,3.0,6.0,8.0,6.0,6.0,5.0,2.0,3.0,3.0,5.0,7.0,15.0,28.0,42.0,41.0,74.0,58.0,49.0,36.0,25.0,16.0,22.0,17.0,8.0,11.0,12.0,9.0,13.0,12.0,16.0,24
Antofagasta,02,Desconocido Antofagasta,,,,,,,,,,,,,,,,,,,,,,,50.0,103.0,63.0,56.0,78.0,56.0,57.0,61.0,67.0,60.0,46.0,45.0,47.0,41.0,36.0,41.0,41.0,35.0,36.0,17
Antofagasta,02,Total,,691854.0,78.0,88.0,103.0,129.0,172.0,211.0,253.0,348.0,376.0,360.0,444.0,482.0,465.0,452.0,384.0,363.0,355.0,436.0,597.0,846.0,1397.0,1849.0,1925.0,1872.0,2019.0,1975.0,2023.0,1778.0,1546.0,1339.0,1265.0,1168.0,1151.0,1187.0,1306.0,1250.0,1155.0,999.0,974.0,858.0
,,,,,,,,,,,,,,,,,,,,,,,,,,,,,,,,,,,,,,,,,,,,
Atacama,03,Alto del Carmen,03302,5729.0,0.0,0.0,0.0,0.0,0.0,0.0,0.0,0.0,0.0,0.0,0.0,0.0,0.0,0.0,0.0,0.0,1.0,2.0,1.0,2.0,3.0,2.0,1.0,0.0,1.0,1.0,2.0,2.0,1.0,0.0,1.0,1.0,0.0,0.0,0.0,5.0,18.0,20.0,18.0,7
Atacama,03,Caldera,03102,19426.0,0.0,0.0,0.0,0.0,0.0,0.0,0.0,1.0,1.0,3.0,3.0,3.0,3.0,1.0,2.0,2.0,4.0,4.0,4.0,5.0,7.0,7.0,8.0,19.0,23.0,13.0,13.0,11.0,15.0,22.0,24.0,21.0,19.0,25.0,39.0,62.0,77.0,58.0,61.0,52
Atacama,03,Chanaral,03201,13164.0,0.0,0.0,0.0,0.0,0.0,0.0,0.0,0.0,0.0,0.0,0.0,0.0,0.0,0.0,1.0,1.0,1.0,0.0,2.0,2.0,4.0,15.0,12.0,7.0,3.0,3.0,6.0,13.0,9.0,5.0,9.0,11.0,9.0,7.0,12.0,19.0,18.0,17.0,17.0,7
Atacama,03,Copiapo,03101,171766.0,5.0,5.0,5.0,4.0,0.0,0.0,11.0,26.0,32.0,43.0,36.0,33.0,34.0,25.0,32.0,46.0,55.0,89.0,111.0,120.0,158.0,158.0,196.0,201.0,213.0,213.0,275.0,240.0,264.0,309.0,419.0,581.0,673.0,685.0,841.0,787.0,735.0,515.0,478.0,358
Atacama,03,Diego de Almagro,03202,14358.0,0.0,0.0,0.0,0.0,0.0,0.0,0.0,1.0,1.0,2.0,1.0,1.0,2.0,5.0,8.0,5.0,4.0,2.0,3.0,7.0,13.0,6.0,7.0,7.0,5.0,14.0,14.0,10.0,4.0,2.0,3.0,3.0,2.0,4.0,4.0,12.0,31.0,51.0,49.0,38
Atacama,03,Freirina,03303,7681.0,0.0,0.0,0.0,0.0,0.0,1.0,1.0,0.0,0.0,0.0,0.0,0.0,0.0,0.0,0.0,0.0,0.0,0.0,1.0,1.0,3.0,5.0,12.0,8.0,14.0,19.0,17.0,28.0,23.0,16.0,4.0,10.0,8.0,10.0,15.0,27.0,35.0,35.0,29.0,21
Atacama,03,Huasco,03304,11264.0,0.0,0.0,0.0,1.0,0.0,0.0,0.0,1.0,1.0,1.0,0.0,0.0,0.0,0.0,0.0,0.0,1.0,4.0,7.0,6.0,4.0,6.0,5.0,5.0,5.0,5.0,3.0,2.0,1.0,1.0,4.0,6.0,7.0,6.0,3.0,2.0,8.0,11.0,15.0,20
Atacama,03,Tierra Amarilla,03103,14312.0,4.0,4.0,4.0,2.0,0.0,1.0,2.0,4.0,2.0,12.0,13.0,10.0,5.0,0.0,1.0,1.0,2.0,3.0,6.0,10.0,12.0,21.0,17.0,13.0,8.0,17.0,33.0,28.0,32.0,25.0,41.0,47.0,62.0,63.0,71.0,59.0,59.0,46.0,43.0,22
Atacama,03,Vallenar,03301,57009.0,0.0,0.0,0.0,0.0,7.0,12.0,12.0,14.0,13.0,19.0,15.0,13.0,5.0,5.0,5.0,10.0,16.0,27.0,27.0,33.0,51.0,76.0,80.0,97.0,93.0,103.0,107.0,72.0,74.0,63.0,48.0,40.0,47.0,33.0,49.0,44.0,68.0,74.0,80.0,80
Atacama,03,Desconocido Atacama,,,,,,,,,,,,,,,,,,,,,,,4.0,3.0,9.0,25.0,4.0,3.0,2.0,2.0,2.0,2.0,2.0,4.0,2.0,1.0,0.0,1.0,13.0,3.0,4.0,4
Atacama,03,Total,,314709.0,9.0,9.0,9.0,7.0,7.0,14.0,26.0,47.0,50.0,80.0,68.0,60.0,49.0,36.0,49.0,65.0,84.0,131.0,162.0,186.0,259.0,299.0,347.0,382.0,369.0,391.0,472.0,408.0,425.0,445.0,555.0,724.0,829.0,834.0,1034.0,1018.0,1062.0,830.0,794.0,609.0
,,,,,,,,,,,,,,,,,,,,,,,,,,,,,,,,,,,,,,,,,,,,
Coquimbo,04,Andacollo,04103,11791.0,0.0,0.0,0.0,0.0,0.0,0.0,0.0,2.0,3.0,2.0,1.0,1.0,0.0,0.0,1.0,1.0,3.0,4.0,6.0,2.0,0.0,4.0,10.0,8.0,8.0,3.0,2.0,1.0,5.0,4.0,4.0,2.0,2.0,6.0,6.0,6.0,6.0,11.0,15.0,18
Coquimbo,04,Canela,04202,9546.0,0.0,0.0,0.0,0.0,0.0,0.0,0.0,0.0,1.0,1.0,0.0,0.0,1.0,1.0,0.0,0.0,0.0,0.0,2.0,2.0,1.0,0.0,5.0,7.0,8.0,6.0,4.0,2.0,0.0,2.0,5.0,2.0,2.0,3.0,2.0,9.0,14.0,20.0,22.0,28
Coquimbo,04,Combarbala,04302,13884.0,0.0,0.0,0.0,0.0,0.0,0.0,0.0,0.0,0.0,2.0,1.0,3.0,3.0,3.0,1.0,3.0,3.0,8.0,4.0,1.0,8.0,10.0,7.0,1.0,1.0,1.0,1.0,1.0,2.0,1.0,0.0,1.0,2.0,4.0,4.0,2.0,3.0,9.0,12.0,17
Coquimbo,04,Coquimbo,04102,256735.0,1.0,2.0,0.0,2.0,3.0,4.0,6.0,8.0,9.0,11.0,14.0,17.0,11.0,9.0,17.0,16.0,55.0,95.0,102.0,127.0,177.0,190.0,235.0,223.0,248.0,278.0,310.0,325.0,357.0,377.0,434.0,432.0,414.0,389.0,435.0,419.0,417.0,418.0,473.0,482
Coquimbo,04,Illapel,04201,32801.0,13.0,12.0,10.0,7.0,0.0,0.0,0.0,1.0,1.0,1.0,0.0,0.0,0.0,0.0,2.0,5.0,8.0,20.0,20.0,10.0,21.0,27.0,25.0,42.0,46.0,85.0,69.0,53.0,57.0,22.0,10.0,28.0,33.0,39.0,43.0,28.0,20.0,27.0,42.0,36
Coquimbo,04,La Higuera,04104,4450.0,0.0,0.0,0.0,0.0,0.0,0.0,0.0,0.0,0.0,0.0,0.0,0.0,0.0,0.0,0.0,1.0,2.0,0.0,2.0,2.0,2.0,2.0,1.0,0.0,2.0,7.0,5.0,6.0,10.0,21.0,28.0,23.0,19.0,21.0,28.0,26.0,16.0,6.0,3.0,5
Coquimbo,04,La Serena,04101,249656.0,2.0,1.0,1.0,2.0,4.0,5.0,3.0,9.0,12.0,17.0,26.0,28.0,41.0,35.0,38.0,60.0,44.0,66.0,93.0,116.0,175.0,196.0,238.0,198.0,242.0,281.0,281.0,344.0,377.0,329.0,366.0,398.0,413.0,405.0,427.0,381.0,308.0,268.0,275.0,254
Coquimbo,04,Los Vilos,04203,23374.0,0.0,0.0,0.0,0.0,0.0,0.0,0.0,0.0,0.0,0.0,0.0,0.0,0.0,0.0,0.0,2.0,1.0,2.0,3.0,4.0,7.0,8.0,17.0,27.0,28.0,18.0,11.0,9.0,6.0,6.0,23.0,26.0,22.0,23.0,14.0,29.0,31.0,29.0,35.0,39
Coquimbo,04,Monte Patria,04303,32527.0,0.0,0.0,0.0,0.0,0.0,0.0,0.0,0.0,0.0,0.0,3.0,3.0,13.0,13.0,9.0,20.0,17.0,14.0,17.0,24.0,40.0,46.0,33.0,36.0,37.0,32.0,28.0,22.0,24.0,23.0,16.0,12.0,17.0,21.0,24.0,29.0,36.0,40.0,53.0,61
Coquimbo,04,Ovalle,04301,121269.0,0.0,1.0,0.0,0.0,0.0,0.0,1.0,2.0,5.0,13.0,20.0,27.0,24.0,23.0,26.0,50.0,55.0,101.0,108.0,125.0,203.0,201.0,180.0,160.0,144.0,108.0,122.0,93.0,85.0,79.0,63.0,87.0,89.0,115.0,131.0,167.0,248.0,237.0,296.0,301
Coquimbo,04,Paiguano,04105,4675.0,0.0,0.0,0.0,0.0,0.0,0.0,0.0,0.0,0.0,0.0,0.0,0.0,0.0,0.0,0.0,2.0,3.0,2.0,0.0,1.0,4.0,2.0,0.0,0.0,0.0,0.0,1.0,1.0,2.0,1.0,0.0,2.0,2.0,2.0,1.0,0.0,0.0,0.0,4.0,2
Coquimbo,04,Punitaqui,04304,12165.0,0.0,0.0,0.0,0.0,1.0,1.0,1.0,2.0,4.0,6.0,5.0,1.0,0.0,0.0,2.0,3.0,5.0,11.0,10.0,3.0,7.0,7.0,9.0,10.0,7.0,11.0,12.0,10.0,18.0,18.0,17.0,9.0,5.0,5.0,5.0,15.0,15.0,21.0,26.0,24
Coquimbo,04,Rio Hurtado,04305,4372.0,0.0,0.0,0.0,0.0,0.0,0.0,0.0,0.0,0.0,0.0,0.0,0.0,0.0,0.0,0.0,3.0,4.0,5.0,6.0,5.0,3.0,1.0,0.0,0.0,2.0,5.0,4.0,2.0,1.0,2.0,3.0,4.0,3.0,2.0,3.0,5.0,10.0,6.0,3.0,1
Coquimbo,04,Salamanca,04204,29110.0,3.0,3.0,3.0,3.0,1.0,1.0,0.0,1.0,2.0,3.0,2.0,0.0,1.0,1.0,2.0,6.0,7.0,16.0,15.0,7.0,7.0,4.0,4.0,3.0,3.0,7.0,9.0,8.0,14.0,8.0,31.0,37.0,36.0,30.0,16.0,5.0,11.0,16.0,16.0,11
Coquimbo,04,Vicuna,04106,29741.0,0.0,0.0,0.0,0.0,0.0,0.0,0.0,1.0,1.0,1.0,4.0,3.0,2.0,4.0,4.0,2.0,3.0,4.0,2.0,3.0,2.0,2.0,3.0,3.0,5.0,14.0,12.0,15.0,44.0,43.0,32.0,12.0,11.0,14.0,21.0,14.0,19.0,10.0,18.0,17
Coquimbo,04,Desconocido Coquimbo,,,,,,,,,,,,,,,,,,,,,,,73.0,84.0,54.0,83.0,63.0,59.0,52.0,30.0,33.0,35.0,23.0,15.0,13.0,12.0,9.0,11.0,11.0,12.0,6.0,4
Coquimbo,04,Total,,836096.0,19.0,19.0,14.0,14.0,9.0,11.0,11.0,26.0,38.0,57.0,76.0,83.0,96.0,89.0,102.0,174.0,210.0,348.0,390.0,432.0,730.0,784.0,821.0,801.0,844.0,915.0,923.0,922.0,1035.0,971.0,1055.0,1090.0,1083.0,1091.0,1169.0,1146.0,1165.0,1130.0,1299.0,1300.0
,,,,,,,,,,,,,,,,,,,,,,,,,,,,,,,,,,,,,,,,,,,,
Valparaiso,05,Algarrobo,05602,15174.0,0.0,0.0,0.0,0.0,0.0,1.0,1.0,1.0,1.0,2.0,5.0,9.0,13.0,7.0,5.0,8.0,6.0,12.0,17.0,18.0,19.0,10.0,10.0,8.0,6.0,2.0,3.0,3.0,3.0,2.0,0.0,0.0,0.0,0.0,0.0,0.0,2.0,2.0,3.0,14
Valparaiso,05,Cabildo,05402,20663.0,0.0,0.0,0.0,1.0,0.0,3.0,4.0,5.0,2.0,2.0,1.0,1.0,2.0,3.0,4.0,3.0,5.0,9.0,7.0,4.0,24.0,39.0,55.0,46.0,47.0,29.0,32.0,44.0,27.0,16.0,12.0,11.0,5.0,5.0,4.0,10.0,15.0,19.0,25.0,24
Valparaiso,05,Calera,05502,53591.0,1.0,3.0,5.0,6.0,9.0,9.0,3.0,2.0,0.0,3.0,5.0,6.0,13.0,12.0,12.0,16.0,19.0,21.0,33.0,42.0,56.0,81.0,90.0,96.0,97.0,101.0,109.0,117.0,94.0,112.0,122.0,95.0,82.0,85.0,111.0,132.0,149.0,111.0,91.0,87
Valparaiso,05,Calle Larga,05302,16482.0,2.0,2.0,3.0,4.0,2.0,1.0,0.0,0.0,4.0,4.0,5.0,2.0,9.0,10.0,20.0,17.0,18.0,29.0,23.0,20.0,23.0,33.0,36.0,25.0,27.0,34.0,31.0,22.0,17.0,4.0,9.0,9.0,11.0,22.0,19.0,20.0,34.0,33.0,24.0,5
Valparaiso,05,Cartagena,05603,25357.0,2.0,2.0,0.0,0.0,4.0,4.0,6.0,4.0,6.0,5.0,8.0,5.0,6.0,8.0,9.0,10.0,11.0,12.0,13.0,9.0,15.0,17.0,26.0,28.0,20.0,15.0,15.0,15.0,15.0,12.0,12.0,10.0,13.0,15.0,8.0,9.0,9.0,11.0,10.0,17
Valparaiso,05,Casablanca,05102,29170.0,2.0,1.0,1.0,1.0,0.0,0.0,0.0,0.0,1.0,1.0,10.0,9.0,10.0,10.0,7.0,5.0,8.0,13.0,21.0,20.0,31.0,20.0,39.0,32.0,31.0,18.0,16.0,16.0,13.0,19.0,27.0,23.0,29.0,57.0,72.0,81.0,81.0,51.0,41.0,21
Valparaiso,05,Catemu,05702,15213.0,0.0,0.0,0.0,0.0,0.0,0.0,0.0,1.0,1.0,1.0,1.0,3.0,3.0,4.0,2.0,2.0,8.0,15.0,14.0,17.0,19.0,8.0,15.0,15.0,19.0,14.0,10.0,14.0,14.0,10.0,14.0,21.0,24.0,32.0,34.0,29.0,27.0,29.0,26.0,33
Valparaiso,05,Concon,05103,45889.0,1.0,2.0,1.0,1.0,3.0,4.0,8.0,6.0,6.0,5.0,6.0,11.0,12.0,8.0,6.0,15.0,12.0,20.0,26.0,33.0,42.0,31.0,61.0,66.0,103.0,96.0,92.0,72.0,51.0,37.0,25.0,22.0,21.0,26.0,26.0,31.0,36.0,36.0,32.0,33
Valparaiso,05,El Quisco,05604,17742.0,2.0,3.0,2.0,4.0,3.0,3.0,1.0,1.0,5.0,7.0,9.0,9.0,7.0,7.0,13.0,12.0,18.0,12.0,14.0,12.0,8.0,8.0,10.0,11.0,15.0,28.0,21.0,18.0,13.0,15.0,16.0,14.0,12.0,10.0,13.0,13.0,16.0,25.0,25.0,13
Valparaiso,05,El Tabo,05605,14338.0,0.0,0.0,1.0,1.0,3.0,2.0,5.0,3.0,1.0,3.0,10.0,7.0,8.0,5.0,6.0,9.0,20.0,23.0,14.0,1.0,14.0,20.0,20.0,38.0,45.0,26.0,24.0,16.0,9.0,9.0,11.0,21.0,20.0,27.0,19.0,14.0,9.0,8.0,4.0,5
Valparaiso,05,Hijuelas,05503,19099.0,0.0,0.0,0.0,1.0,0.0,0.0,0.0,0.0,0.0,0.0,1.0,2.0,4.0,5.0,10.0,10.0,13.0,9.0,7.0,11.0,17.0,25.0,24.0,27.0,26.0,22.0,27.0,30.0,33.0,33.0,23.0,21.0,24.0,25.0,43.0,32.0,32.0,25.0,20.0,16
Valparaiso,05,Isla de Pascua,05201,8277.0,3.0,1.0,0.0,0.0,0.0,0.0,0.0,0.0,0.0,0.0,0.0,0.0,0.0,0.0,0.0,0.0,0.0,0.0,0.0,0.0,0.0,0.0,0.0,0.0,0.0,0.0,0.0,0.0,0.0,0.0,0.0,0.0,0.0,0.0,0.0,0.0,0.0,0.0,0.0,0
Valparaiso,05,Juan Fernandez,05104,1033.0,0.0,0.0,0.0,0.0,0.0,0.0,0.0,0.0,0.0,0.0,0.0,0.0,0.0,0.0,0.0,0.0,0.0,0.0,0.0,0.0,0.0,0.0,0.0,0.0,0.0,0.0,0.0,0.0,0.0,0.0,0.0,0.0,0.0,0.0,0.0,0.0,0.0,0.0,0.0,0
Valparaiso,05,La Cruz,05504,25321.0,3.0,2.0,2.0,2.0,0.0,0.0,1.0,2.0,6.0,8.0,8.0,6.0,5.0,2.0,3.0,2.0,5.0,8.0,10.0,11.0,14.0,15.0,15.0,22.0,27.0,20.0,19.0,21.0,23.0,28.0,37.0,33.0,35.0,32.0,32.0,23.0,21.0,24.0,23.0,21
Valparaiso,05,La Ligua,05401,37739.0,1.0,0.0,0.0,0.0,0.0,0.0,0.0,1.0,1.0,1.0,0.0,1.0,5.0,6.0,7.0,4.0,11.0,22.0,10.0,19.0,52.0,45.0,44.0,41.0,42.0,40.0,50.0,42.0,35.0,40.0,42.0,35.0,38.0,55.0,57.0,72.0,76.0,91.0,89.0,87
Valparaiso,05,Limache,05802,49931.0,6.0,8.0,11.0,11.0,11.0,4.0,0.0,0.0,2.0,5.0,23.0,21.0,24.0,23.0,15.0,12.0,29.0,35.0,55.0,61.0,123.0,130.0,124.0,109.0,108.0,110.0,109.0,88.0,51.0,57.0,56.0,40.0,41.0,54.0,93.0,119.0,91.0,69.0,74.0,74
Valparaiso,05,Llaillay,05703,26533.0,0.0,0.0,0.0,0.0,0.0,0.0,2.0,2.0,2.0,2.0,7.0,9.0,25.0,26.0,25.0,14.0,14.0,23.0,22.0,30.0,27.0,33.0,40.0,37.0,35.0,31.0,51.0,54.0,44.0,23.0,28.0,33.0,28.0,29.0,35.0,34.0,23.0,16.0,14.0,32
Valparaiso,05,Los Andes,05301,68093.0,3.0,4.0,4.0,4.0,1.0,0.0,2.0,2.0,8.0,16.0,17.0,18.0,43.0,50.0,56.0,49.0,55.0,94.0,94.0,113.0,116.0,145.0,132.0,132.0,119.0,100.0,104.0,91.0,86.0,83.0,79.0,63.0,54.0,34.0,36.0,40.0,34.0,20.0,20.0,26
Valparaiso,05,Nogales,05506,23490.0,0.0,0.0,0.0,0.0,0.0,0.0,0.0,0.0,0.0,1.0,2.0,3.0,6.0,6.0,4.0,4.0,8.0,7.0,5.0,9.0,18.0,17.0,18.0,19.0,14.0,22.0,20.0,25.0,22.0,34.0,42.0,41.0,32.0,46.0,41.0,46.0,53.0,43.0,49.0,67
Valparaiso,05,Olmue,05803,19266.0,1.0,1.0,2.0,0.0,0.0,0.0,0.0,0.0,0.0,0.0,1.0,1.0,3.0,4.0,7.0,8.0,4.0,4.0,5.0,7.0,17.0,21.0,12.0,12.0,11.0,17.0,26.0,17.0,8.0,17.0,24.0,20.0,19.0,14.0,38.0,33.0,43.0,39.0,42.0,38
Valparaiso,05,Panquehue,05704,7633.0,0.0,0.0,0.0,0.0,0.0,0.0,0.0,0.0,0.0,0.0,1.0,1.0,1.0,2.0,4.0,1.0,3.0,4.0,5.0,6.0,15.0,11.0,16.0,10.0,8.0,5.0,14.0,23.0,20.0,25.0,26.0,18.0,9.0,3.0,2.0,2.0,3.0,2.0,4.0,3
Valparaiso,05,Papudo,05403,6201.0,0.0,0.0,0.0,0.0,0.0,0.0,0.0,0.0,0.0,0.0,0.0,0.0,4.0,3.0,3.0,2.0,6.0,6.0,3.0,5.0,16.0,16.0,11.0,6.0,7.0,10.0,7.0,5.0,2.0,2.0,5.0,4.0,8.0,10.0,15.0,12.0,6.0,9.0,9.0,9
Valparaiso,05,Petorca,05404,10558.0,1.0,0.0,0.0,0.0,0.0,0.0,0.0,0.0,0.0,1.0,1.0,1.0,3.0,4.0,4.0,2.0,7.0,6.0,7.0,3.0,3.0,6.0,13.0,12.0,12.0,16.0,13.0,7.0,6.0,4.0,9.0,6.0,10.0,23.0,21.0,16.0,14.0,14.0,19.0,15
Valparaiso,05,Puchuncavi,05105,20071.0,0.0,0.0,0.0,0.0,0.0,0.0,0.0,0.0,0.0,0.0,0.0,0.0,4.0,2.0,1.0,3.0,6.0,10.0,14.0,25.0,27.0,25.0,27.0,29.0,23.0,15.0,17.0,13.0,6.0,3.0,5.0,8.0,9.0,14.0,10.0,12.0,16.0,15.0,11.0,5
Valparaiso,05,Putaendo,05705,17645.0,0.0,1.0,1.0,4.0,3.0,2.0,1.0,1.0,2.0,5.0,5.0,5.0,6.0,7.0,2.0,4.0,8.0,21.0,27.0,27.0,31.0,32.0,38.0,39.0,41.0,30.0,29.0,25.0,12.0,11.0,18.0,19.0,22.0,15.0,20.0,14.0,12.0,8.0,8.0,7
Valparaiso,05,Quillota,05501,97572.0,5.0,5.0,6.0,4.0,2.0,2.0,3.0,4.0,5.0,6.0,11.0,18.0,17.0,11.0,7.0,15.0,20.0,37.0,84.0,121.0,236.0,211.0,263.0,227.0,247.0,274.0,232.0,177.0,96.0,92.0,95.0,97.0,96.0,129.0,134.0,139.0,150.0,154.0,162.0,144
Valparaiso,05,Quilpue,05801,167085.0,7.0,5.0,5.0,5.0,4.0,3.0,9.0,8.0,12.0,15.0,34.0,41.0,40.0,42.0,37.0,47.0,61.0,64.0,60.0,71.0,172.0,162.0,243.0,227.0,233.0,219.0,226.0,196.0,103.0,94.0,80.0,74.0,75.0,100.0,125.0,157.0,176.0,143.0,135.0,100
Valparaiso,05,Quintero,05107,36135.0,0.0,0.0,0.0,0.0,3.0,6.0,4.0,1.0,4.0,4.0,10.0,15.0,9.0,10.0,11.0,20.0,20.0,30.0,27.0,36.0,53.0,42.0,53.0,47.0,44.0,22.0,25.0,37.0,32.0,26.0,20.0,15.0,10.0,14.0,7.0,10.0,12.0,14.0,10.0,12
Valparaiso,05,Rinconada,05303,11263.0,2.0,2.0,2.0,1.0,1.0,0.0,0.0,0.0,0.0,0.0,0.0,2.0,7.0,13.0,15.0,16.0,20.0,14.0,19.0,21.0,24.0,26.0,31.0,23.0,22.0,17.0,19.0,18.0,16.0,13.0,13.0,10.0,5.0,4.0,0.0,0.0,0.0,1.0,1.0,1
Valparaiso,05,San Antonio,05601,96761.0,10.0,8.0,17.0,16.0,20.0,20.0,27.0,34.0,57.0,48.0,59.0,69.0,84.0,60.0,82.0,74.0,100.0,127.0,125.0,83.0,98.0,136.0,117.0,114.0,109.0,106.0,99.0,75.0,76.0,85.0,85.0,79.0,81.0,77.0,64.0,68.0,97.0,96.0,107.0,81
Valparaiso,05,San Esteban,05304,20643.0,0.0,0.0,0.0,1.0,1.0,3.0,2.0,2.0,2.0,5.0,5.0,3.0,4.0,6.0,4.0,4.0,11.0,19.0,20.0,20.0,23.0,32.0,32.0,33.0,38.0,28.0,42.0,33.0,27.0,24.0,17.0,14.0,16.0,14.0,14.0,9.0,15.0,10.0,11.0,6
Valparaiso,05,San Felipe,05701,83494.0,1.0,0.0,0.0,0.0,0.0,0.0,3.0,2.0,4.0,7.0,18.0,23.0,52.0,49.0,52.0,40.0,64.0,113.0,132.0,138.0,211.0,173.0,154.0,155.0,158.0,117.0,113.0,70.0,41.0,48.0,48.0,28.0,49.0,95.0,132.0,130.0,109.0,78.0,53.0,38
Valparaiso,05,Santa Maria,05706,16367.0,0.0,0.0,0.0,0.0,0.0,0.0,11.0,13.0,12.0,9.0,3.0,1.0,6.0,4.0,6.0,4.0,4.0,15.0,21.0,15.0,40.0,46.0,39.0,28.0,28.0,33.0,30.0,20.0,24.0,21.0,17.0,16.0,23.0,24.0,19.0,7.0,12.0,16.0,14.0,24
Valparaiso,05,Santo Domingo,05606,11934.0,2.0,6.0,5.0,4.0,5.0,3.0,4.0,5.0,3.0,3.0,7.0,6.0,8.0,5.0,0.0,2.0,6.0,10.0,24.0,22.0,32.0,13.0,13.0,8.0,13.0,8.0,9.0,7.0,4.0,3.0,3.0,2.0,3.0,2.0,1.0,0.0,2.0,9.0,9.0,10
Valparaiso,05,Valparaiso,05101,315732.0,15.0,12.0,15.0,18.0,16.0,11.0,34.0,40.0,83.0,78.0,93.0,105.0,93.0,109.0,114.0,153.0,218.0,263.0,296.0,380.0,659.0,627.0,618.0,500.0,490.0,417.0,467.0,425.0,337.0,305.0,288.0,296.0,289.0,372.0,404.0,408.0,398.0,365.0,408.0,412
Valparaiso,05,Villa Alemana,05804,139310.0,1.0,1.0,1.0,0.0,1.0,2.0,3.0,5.0,18.0,25.0,33.0,28.0,45.0,33.0,30.0,33.0,74.0,88.0,70.0,73.0,190.0,218.0,220.0,167.0,189.0,203.0,206.0,159.0,99.0,92.0,73.0,63.0,79.0,109.0,116.0,150.0,157.0,153.0,148.0,119
Valparaiso,05,Vina del Mar,05109,361371.0,15.0,12.0,14.0,18.0,17.0,17.0,23.0,29.0,51.0,69.0,103.0,122.0,132.0,120.0,136.0,186.0,218.0,234.0,252.0,290.0,430.0,401.0,552.0,474.0,479.0,405.0,419.0,347.0,254.0,232.0,217.0,200.0,234.0,304.0,337.0,375.0,433.0,427.0,426.0,382
Valparaiso,05,Zapallar,05405,7994.0,0.0,0.0,0.0,0.0,0.0,0.0,0.0,0.0,0.0,0.0,0.0,0.0,0.0,0.0,0.0,0.0,0.0,0.0,0.0,0.0,3.0,12.0,18.0,17.0,14.0,14.0,17.0,14.0,11.0,11.0,10.0,6.0,3.0,5.0,12.0,12.0,11.0,8.0,8.0,4
Valparaiso,05,Desconocido Valparaiso,,,,,,,,,,,,,,,,,,,,,,,158.0,155.0,138.0,156.0,152.0,127.0,135.0,95.0,85.0,63.0,75.0,47.0,53.0,37.0,39.0,20.0,28.0,23.0,29.0,36
Valparaiso,05,Total,,1960170.0,86.0,81.0,98.0,107.0,109.0,100.0,157.0,174.0,299.0,341.0,502.0,563.0,713.0,676.0,719.0,806.0,1110.0,1429.0,1576.0,1773.0,3056.0,3042.0,3367.0,3036.0,3099.0,2791.0,2878.0,2451.0,1809.0,1705.0,1683.0,1514.0,1562.0,1919.0,2153.0,2279.0,2402.0,2197.0,2184.0,2021.0
,,,,,,,,,,,,,,,,,,,,,,,,,,,,,,,,,,,,,,,,,,,,
Metropolitana,13,Alhue,13502,7405.0,0.0,0.0,0.0,0.0,0.0,0.0,0.0,0.0,0.0,0.0,0.0,0.0,0.0,1.0,1.0,1.0,0.0,1.0,5.0,2.0,24.0,27.0,18.0,22.0,25.0,36.0,40.0,41.0,30.0,24.0,26.0,23.0,27.0,16.0,26.0,35.0,44.0,38.0,33.0,36
Metropolitana,13,Buin,13402,109641.0,15.0,13.0,12.0,17.0,16.0,16.0,27.0,33.0,46.0,68.0,112.0,121.0,150.0,162.0,102.0,108.0,106.0,133.0,215.0,182.0,313.0,276.0,239.0,222.0,194.0,195.0,197.0,193.0,152.0,125.0,123.0,89.0,77.0,84.0,123.0,144.0,123.0,91.0,81.0,89
Metropolitana,13,Calera de Tango,13403,28525.0,1.0,0.0,1.0,5.0,5.0,5.0,3.0,1.0,5.0,7.0,10.0,11.0,19.0,29.0,32.0,26.0,24.0,45.0,46.0,42.0,78.0,81.0,86.0,81.0,85.0,53.0,42.0,45.0,36.0,32.0,22.0,18.0,15.0,12.0,15.0,14.0,12.0,15.0,15.0,25
Metropolitana,13,Cerrillos,13102,88956.0,13.0,18.0,23.0,19.0,24.0,29.0,66.0,169.0,200.0,186.0,161.0,141.0,199.0,211.0,179.0,186.0,139.0,137.0,171.0,211.0,381.0,318.0,281.0,247.0,216.0,208.0,203.0,147.0,123.0,120.0,115.0,105.0,123.0,83.0,74.0,70.0,55.0,51.0,47.0,39
Metropolitana,13,Cerro Navia,13103,142465.0,26.0,28.0,40.0,53.0,51.0,50.0,76.0,103.0,125.0,167.0,161.0,157.0,211.0,173.0,182.0,221.0,257.0,295.0,312.0,322.0,686.0,572.0,558.0,461.0,391.0,304.0,274.0,255.0,200.0,167.0,144.0,136.0,151.0,199.0,227.0,177.0,167.0,132.0,137.0,122
Metropolitana,13,Colina,13301,180353.0,20.0,15.0,15.0,17.0,16.0,20.0,35.0,48.0,105.0,149.0,256.0,255.0,347.0,393.0,395.0,377.0,397.0,431.0,416.0,413.0,505.0,439.0,407.0,348.0,320.0,247.0,226.0,195.0,167.0,112.0,87.0,67.0,70.0,74.0,86.0,91.0,78.0,79.0,81.0,105
Metropolitana,13,Conchali,13104,139195.0,24.0,26.0,28.0,35.0,37.0,49.0,75.0,150.0,199.0,208.0,263.0,245.0,317.0,320.0,292.0,294.0,337.0,355.0,367.0,344.0,611.0,573.0,544.0,458.0,402.0,340.0,318.0,253.0,201.0,145.0,123.0,124.0,132.0,142.0,130.0,98.0,123.0,104.0,122.0,119
Metropolitana,13,Curacavi,13503,36430.0,6.0,4.0,4.0,2.0,0.0,0.0,4.0,8.0,9.0,15.0,37.0,41.0,49.0,62.0,82.0,122.0,130.0,145.0,108.0,103.0,127.0,94.0,88.0,68.0,78.0,73.0,74.0,65.0,60.0,56.0,52.0,38.0,38.0,38.0,38.0,33.0,45.0,41.0,38.0,36
Metropolitana,13,El Bosque,13105,172000.0,47.0,42.0,51.0,57.0,51.0,66.0,93.0,114.0,175.0,200.0,268.0,283.0,401.0,352.0,317.0,310.0,396.0,519.0,517.0,592.0,833.0,692.0,634.0,531.0,537.0,488.0,436.0,351.0,280.0,241.0,206.0,185.0,162.0,135.0,131.0,104.0,106.0,89.0,98.0,116
Metropolitana,13,El Monte,13602,40014.0,8.0,4.0,6.0,3.0,2.0,4.0,9.0,8.0,10.0,9.0,2.0,15.0,25.0,23.0,28.0,35.0,35.0,37.0,56.0,44.0,135.0,157.0,163.0,129.0,129.0,117.0,120.0,87.0,80.0,66.0,56.0,47.0,63.0,42.0,57.0,59.0,46.0,29.0,16.0,12
Metropolitana,13,Estacion Central,13106,206792.0,34.0,39.0,41.0,53.0,66.0,95.0,177.0,252.0,277.0,303.0,401.0,406.0,476.0,446.0,361.0,439.0,428.0,452.0,451.0,436.0,711.0,595.0,535.0,442.0,393.0,290.0,298.0,277.0,246.0,189.0,156.0,127.0,123.0,111.0,106.0,111.0,105.0,98.0,99.0,95
Metropolitana,13,Huechuraba,13107,112528.0,19.0,21.0,22.0,21.0,22.0,19.0,35.0,55.0,108.0,120.0,164.0,148.0,229.0,225.0,174.0,200.0,179.0,187.0,246.0,204.0,305.0,326.0,332.0,265.0,204.0,165.0,177.0,131.0,124.0,102.0,117.0,110.0,115.0,107.0,112.0,103.0,113.0,87.0,78.0,66
Metropolitana,13,Independencia,13108,142065.0,27.0,28.0,44.0,68.0,127.0,159.0,257.0,354.0,424.0,440.0,457.0,369.0,389.0,403.0,480.0,482.0,486.0,462.0,434.0,380.0,518.0,445.0,388.0,318.0,262.0,230.0,262.0,223.0,192.0,145.0,132.0,119.0,136.0,136.0,138.0,123.0,121.0,106.0,112.0,115
Metropolitana,13,Isla de Maipo,13603,40171.0,7.0,5.0,3.0,1.0,0.0,2.0,3.0,4.0,3.0,6.0,8.0,7.0,14.0,10.0,15.0,20.0,18.0,19.0,28.0,32.0,69.0,71.0,95.0,77.0,94.0,83.0,89.0,109.0,91.0,120.0,139.0,122.0,89.0,98.0,105.0,93.0,64.0,49.0,53.0,47
Metropolitana,13,La Cisterna,13109,100434.0,21.0,24.0,23.0,28.0,26.0,30.0,52.0,64.0,92.0,114.0,159.0,180.0,280.0,221.0,165.0,225.0,251.0,296.0,342.0,298.0,399.0,361.0,307.0,239.0,205.0,184.0,154.0,139.0,121.0,93.0,90.0,82.0,74.0,77.0,75.0,69.0,74.0,61.0,68.0,71
Metropolitana,13,La Florida,13110,402433.0,72.0,62.0,77.0,78.0,82.0,112.0,166.0,262.0,427.0,554.0,786.0,878.0,971.0,1226.0,1113.0,1082.0,931.0,1087.0,1169.0,1184.0,1425.0,1251.0,1265.0,1149.0,972.0,697.0,638.0,553.0,482.0,389.0,337.0,281.0,272.0,273.0,281.0,276.0,260.0,194.0,213.0,216
Metropolitana,13,La Granja,13111,122557.0,26.0,22.0,20.0,24.0,22.0,33.0,60.0,107.0,155.0,184.0,382.0,456.0,586.0,789.0,769.0,702.0,400.0,529.0,515.0,501.0,786.0,641.0,628.0,484.0,454.0,396.0,373.0,261.0,162.0,156.0,141.0,121.0,109.0,84.0,102.0,118.0,112.0,72.0,80.0,60
Metropolitana,13,La Pintana,13112,189335.0,34.0,38.0,44.0,55.0,53.0,96.0,126.0,156.0,228.0,237.0,403.0,480.0,524.0,568.0,683.0,752.0,632.0,730.0,748.0,756.0,1110.0,877.0,780.0,672.0,613.0,450.0,403.0,344.0,289.0,317.0,302.0,254.0,239.0,253.0,314.0,270.0,243.0,194.0,231.0,202
Metropolitana,13,La Reina,13113,100252.0,15.0,13.0,12.0,10.0,7.0,24.0,42.0,66.0,83.0,87.0,101.0,110.0,140.0,179.0,221.0,188.0,152.0,161.0,164.0,181.0,275.0,241.0,216.0,180.0,174.0,158.0,154.0,106.0,80.0,57.0,51.0,43.0,44.0,56.0,59.0,54.0,57.0,68.0,77.0,73
Metropolitana,13,Lampa,13302,126898.0,18.0,17.0,14.0,12.0,16.0,23.0,38.0,49.0,86.0,86.0,129.0,114.0,149.0,221.0,231.0,198.0,154.0,189.0,210.0,221.0,415.0,348.0,308.0,241.0,227.0,225.0,239.0,193.0,185.0,146.0,126.0,76.0,70.0,98.0,116.0,111.0,112.0,78.0,74.0,76
Metropolitana,13,Las Condes,13114,330759.0,47.0,38.0,37.0,34.0,41.0,37.0,80.0,133.0,235.0,287.0,410.0,415.0,542.0,641.0,649.0,643.0,551.0,534.0,505.0,471.0,567.0,520.0,418.0,368.0,336.0,285.0,266.0,220.0,187.0,173.0,161.0,125.0,124.0,116.0,110.0,119.0,124.0,128.0,139.0,132
Metropolitana,13,Lo Barnechea,13115,124076.0,23.0,25.0,38.0,47.0,41.0,46.0,73.0,92.0,165.0,171.0,201.0,188.0,243.0,274.0,259.0,261.0,206.0,207.0,229.0,194.0,261.0,224.0,142.0,121.0,120.0,106.0,89.0,79.0,64.0,70.0,76.0,64.0,75.0,76.0,76.0,87.0,80.0,87.0,100.0,102
Metropolitana,13,Lo Espejo,13116,103865.0,37.0,33.0,33.0,30.0,23.0,40.0,57.0,75.0,104.0,117.0,235.0,255.0,331.0,251.0,167.0,245.0,253.0,347.0,437.0,348.0,470.0,433.0,430.0,362.0,315.0,228.0,210.0,209.0,186.0,157.0,131.0,119.0,114.0,139.0,105.0,109.0,73.0,78.0,79.0,95
Metropolitana,13,Lo Prado,13117,104403.0,18.0,14.0,26.0,34.0,34.0,48.0,95.0,118.0,127.0,138.0,130.0,118.0,169.0,141.0,140.0,148.0,159.0,194.0,202.0,219.0,405.0,409.0,431.0,316.0,297.0,261.0,254.0,281.0,267.0,227.0,155.0,120.0,107.0,149.0,159.0,153.0,132.0,128.0,115.0,126
Metropolitana,13,Macul,13118,134635.0,15.0,9.0,13.0,16.0,32.0,45.0,62.0,89.0,146.0,180.0,255.0,322.0,391.0,404.0,337.0,403.0,296.0,315.0,379.0,396.0,567.0,491.0,455.0,361.0,296.0,252.0,242.0,206.0,177.0,124.0,110.0,128.0,129.0,129.0,93.0,88.0,88.0,99.0,97.0,77
Metropolitana,13,Maipu,13119,578605.0,81.0,81.0,102.0,108.0,103.0,118.0,144.0,195.0,260.0,323.0,529.0,513.0,772.0,890.0,873.0,929.0,868.0,963.0,1041.0,1067.0,1758.0,1542.0,1460.0,1197.0,1128.0,904.0,851.0,689.0,552.0,465.0,408.0,372.0,374.0,344.0,376.0,369.0,330.0,300.0,294.0,329
Metropolitana,13,Maria Pinto,13504,14926.0,0.0,0.0,1.0,0.0,0.0,0.0,2.0,2.0,0.0,0.0,0.0,2.0,3.0,3.0,7.0,11.0,12.0,11.0,4.0,7.0,25.0,28.0,40.0,42.0,56.0,44.0,37.0,30.0,28.0,25.0,19.0,13.0,11.0,9.0,6.0,12.0,14.0,18.0,19.0,20
Metropolitana,13,Melipilla,13501,141612.0,5.0,7.0,12.0,19.0,20.0,24.0,36.0,63.0,60.0,52.0,48.0,57.0,129.0,173.0,206.0,269.0,305.0,338.0,360.0,326.0,453.0,484.0,483.0,396.0,412.0,381.0,370.0,293.0,242.0,150.0,148.0,107.0,92.0,90.0,102.0,100.0,106.0,110.0,115.0,81
Metropolitana,13,Nunoa,13120,250192.0,60.0,64.0,78.0,71.0,73.0,83.0,70.0,92.0,125.0,142.0,283.0,302.0,418.0,456.0,528.0,556.0,459.0,459.0,540.0,506.0,641.0,573.0,519.0,433.0,359.0,288.0,265.0,230.0,185.0,137.0,109.0,115.0,110.0,118.0,137.0,123.0,133.0,120.0,113.0,92
Metropolitana,13,Padre Hurtado,13604,74188.0,11.0,9.0,10.0,11.0,6.0,9.0,22.0,25.0,33.0,37.0,43.0,37.0,71.0,69.0,69.0,67.0,70.0,71.0,111.0,113.0,230.0,218.0,207.0,209.0,181.0,152.0,153.0,128.0,113.0,68.0,60.0,71.0,87.0,52.0,49.0,53.0,46.0,42.0,45.0,38
Metropolitana,13,Paine,13404,82766.0,5.0,5.0,6.0,4.0,4.0,3.0,7.0,12.0,31.0,35.0,72.0,73.0,85.0,73.0,78.0,64.0,70.0,75.0,150.0,139.0,284.0,244.0,259.0,228.0,254.0,212.0,223.0,175.0,127.0,81.0,71.0,57.0,51.0,50.0,68.0,77.0,80.0,46.0,63.0,59
Metropolitana,13,Pedro Aguirre Cerda,13121,107803.0,34.0,44.0,47.0,42.0,36.0,48.0,81.0,112.0,130.0,147.0,249.0,305.0,369.0,271.0,200.0,210.0,152.0,270.0,287.0,305.0,512.0,454.0,391.0,309.0,277.0,250.0,237.0,178.0,153.0,134.0,124.0,112.0,105.0,108.0,101.0,94.0,75.0,62.0,65.0,57
Metropolitana,13,Penaflor,13605,101058.0,9.0,8.0,9.0,14.0,17.0,22.0,29.0,32.0,29.0,29.0,42.0,48.0,73.0,84.0,83.0,89.0,99.0,121.0,131.0,118.0,329.0,327.0,372.0,307.0,243.0,180.0,196.0,235.0,189.0,135.0,85.0,90.0,88.0,74.0,70.0,72.0,76.0,81.0,95.0,99
Metropolitana,13,Penalolen,13122,266798.0,61.0,54.0,65.0,73.0,72.0,96.0,124.0,182.0,284.0,436.0,638.0,739.0,921.0,1229.0,1119.0,1197.0,999.0,1030.0,1020.0,884.0,1220.0,1165.0,1004.0,810.0,700.0,562.0,564.0,440.0,347.0,276.0,276.0,271.0,253.0,245.0,214.0,205.0,175.0,167.0,184.0,202
Metropolitana,13,Pirque,13202,30433.0,5.0,6.0,5.0,5.0,4.0,6.0,17.0,27.0,25.0,25.0,38.0,46.0,46.0,57.0,85.0,106.0,70.0,71.0,53.0,43.0,132.0,129.0,106.0,91.0,102.0,99.0,91.0,51.0,39.0,31.0,23.0,19.0,25.0,32.0,40.0,32.0,33.0,22.0,20.0,16
Metropolitana,13,Providencia,13123,157749.0,27.0,22.0,29.0,41.0,39.0,29.0,38.0,53.0,99.0,138.0,191.0,189.0,249.0,292.0,360.0,336.0,329.0,302.0,258.0,196.0,300.0,237.0,246.0,218.0,220.0,193.0,198.0,147.0,116.0,98.0,101.0,95.0,92.0,79.0,94.0,95.0,83.0,72.0,64.0,61
Metropolitana,13,Pudahuel,13124,253139.0,39.0,35.0,39.0,42.0,40.0,56.0,96.0,127.0,165.0,208.0,234.0,244.0,290.0,339.0,353.0,370.0,391.0,460.0,497.0,522.0,922.0,929.0,885.0,717.0,611.0,502.0,529.0,457.0,413.0,322.0,280.0,221.0,197.0,200.0,194.0,198.0,196.0,180.0,204.0,192
Metropolitana,13,Puente Alto,13201,645909.0,179.0,169.0,220.0,245.0,263.0,266.0,250.0,398.0,533.0,647.0,802.0,1070.0,1234.0,1376.0,1461.0,1451.0,1331.0,1395.0,1769.0,1866.0,2779.0,2406.0,2152.0,1869.0,1684.0,1317.0,1118.0,865.0,795.0,656.0,582.0,494.0,455.0,580.0,616.0,611.0,650.0,628.0,626.0,484
Metropolitana,13,Quilicura,13125,254694.0,49.0,45.0,48.0,45.0,59.0,113.0,217.0,278.0,351.0,287.0,332.0,284.0,422.0,472.0,578.0,531.0,515.0,537.0,711.0,663.0,1035.0,891.0,750.0,571.0,489.0,419.0,374.0,295.0,277.0,219.0,186.0,194.0,188.0,180.0,187.0,178.0,173.0,149.0,179.0,196
Metropolitana,13,Quinta Normal,13126,136368.0,45.0,51.0,62.0,66.0,66.0,60.0,111.0,132.0,153.0,187.0,181.0,173.0,223.0,205.0,188.0,200.0,214.0,265.0,320.0,280.0,602.0,548.0,473.0,392.0,382.0,330.0,340.0,280.0,243.0,143.0,129.0,143.0,186.0,202.0,235.0,204.0,189.0,144.0,156.0,121
Metropolitana,13,Recoleta,13127,190075.0,39.0,34.0,51.0,63.0,86.0,116.0,252.0,387.0,534.0,514.0,534.0,506.0,559.0,533.0,507.0,480.0,457.0,473.0,455.0,451.0,701.0,616.0,562.0,476.0,385.0,311.0,297.0,253.0,204.0,129.0,132.0,147.0,155.0,138.0,141.0,167.0,161.0,123.0,128.0,131
Metropolitana,13,Renca,13128,160847.0,20.0,26.0,42.0,52.0,68.0,72.0,84.0,133.0,166.0,181.0,173.0,182.0,274.0,223.0,240.0,251.0,296.0,328.0,367.0,412.0,771.0,859.0,885.0,894.0,722.0,599.0,544.0,361.0,351.0,342.0,362.0,301.0,279.0,226.0,259.0,311.0,301.0,248.0,236.0,127
Metropolitana,13,San Bernardo,13401,334836.0,81.0,77.0,105.0,108.0,143.0,162.0,160.0,214.0,268.0,301.0,399.0,478.0,697.0,672.0,649.0,612.0,550.0,627.0,837.0,749.0,1368.0,1186.0,1248.0,1076.0,972.0,725.0,680.0,538.0,450.0,331.0,285.0,274.0,267.0,253.0,257.0,249.0,238.0,211.0,207.0,225
Metropolitana,13,San Joaquin,13129,103485.0,24.0,26.0,40.0,45.0,47.0,59.0,71.0,136.0,216.0,267.0,409.0,449.0,617.0,455.0,284.0,295.0,278.0,331.0,377.0,373.0,540.0,442.0,398.0,363.0,333.0,288.0,281.0,276.0,246.0,202.0,180.0,123.0,105.0,116.0,114.0,111.0,104.0,84.0,85.0,79
Metropolitana,13,San Jose de Maipo,13203,18644.0,1.0,1.0,1.0,1.0,2.0,3.0,7.0,16.0,23.0,29.0,35.0,35.0,47.0,61.0,81.0,86.0,44.0,59.0,69.0,60.0,77.0,68.0,57.0,58.0,51.0,35.0,27.0,41.0,36.0,30.0,30.0,34.0,39.0,40.0,33.0,14.0,10.0,7.0,5.0,5
Metropolitana,13,San Miguel,13130,133059.0,40.0,39.0,46.0,57.0,48.0,55.0,65.0,90.0,153.0,174.0,250.0,273.0,403.0,379.0,335.0,371.0,350.0,432.0,416.0,403.0,603.0,533.0,518.0,387.0,326.0,301.0,275.0,228.0,200.0,157.0,139.0,124.0,115.0,148.0,136.0,128.0,118.0,105.0,160.0,145
Metropolitana,13,San Pedro,13505,11953.0,0.0,0.0,0.0,1.0,2.0,2.0,7.0,8.0,5.0,3.0,2.0,2.0,3.0,0.0,1.0,2.0,2.0,6.0,8.0,8.0,9.0,18.0,36.0,42.0,35.0,32.0,27.0,13.0,10.0,9.0,7.0,5.0,5.0,4.0,9.0,14.0,17.0,14.0,13.0,6
Metropolitana,13,San Ramon,13131,86510.0,8.0,14.0,15.0,21.0,37.0,55.0,86.0,146.0,198.0,198.0,354.0,344.0,445.0,469.0,351.0,297.0,188.0,285.0,289.0,308.0,515.0,394.0,346.0,291.0,262.0,235.0,236.0,215.0,170.0,129.0,110.0,95.0,88.0,78.0,79.0,62.0,65.0,63.0,69.0,56
Metropolitana,13,Santiago,13101,503147.0,169.0,138.0,162.0,149.0,176.0,203.0,387.0,608.0,783.0,809.0,1116.0,1059.0,1210.0,1194.0,1230.0,1148.0,988.0,1006.0,1084.0,990.0,1409.0,1249.0,1103.0,855.0,758.0,678.0,687.0,543.0,437.0,296.0,299.0,236.0,238.0,214.0,211.0,223.0,224.0,180.0,176.0,208
Metropolitana,13,Talagante,13601,81838.0,9.0,9.0,8.0,8.0,9.0,7.0,8.0,10.0,14.0,28.0,34.0,34.0,60.0,58.0,59.0,64.0,65.0,119.0,136.0,122.0,199.0,226.0,231.0,219.0,203.0,155.0,140.0,102.0,78.0,65.0,72.0,92.0,76.0,36.0,39.0,44.0,69.0,58.0,55.0,27
Metropolitana,13,Tiltil,13303,21477.0,1.0,1.0,1.0,1.0,1.0,1.0,2.0,5.0,3.0,2.0,8.0,10.0,17.0,27.0,41.0,34.0,23.0,21.0,45.0,38.0,82.0,75.0,64.0,59.0,61.0,45.0,40.0,24.0,16.0,16.0,21.0,18.0,15.0,12.0,14.0,21.0,23.0,23.0,18.0,17
Metropolitana,13,Vitacura,13132,96774.0,19.0,11.0,8.0,8.0,5.0,11.0,23.0,29.0,68.0,99.0,155.0,161.0,190.0,217.0,181.0,155.0,129.0,126.0,121.0,129.0,126.0,100.0,104.0,102.0,102.0,67.0,53.0,40.0,41.0,41.0,34.0,33.0,44.0,45.0,46.0,44.0,41.0,34.0,44.0,38
Metropolitana,13,Desconocido Metropolitana,,,,,,,,,,,,,,,,,,,,,,,3524.0,3976.0,3188.0,2910.0,2370.0,1510.0,1296.0,849.0,822.0,501.0,537.0,431.0,447.0,314.0,285.0,180.0,155.0,132.0,138.0,154
Metropolitana,13,Total,,8125072.0,1594.0,1514.0,1839.0,2019.0,2220.0,2727.0,4107.0,6022.0,8243.0,9331.0,12642.0,13330.0,16979.0,18002.0,17521.0,17849.0,16171.0,17988.0,19728.0,19154.0,33122.0,30379.0,27835.0,23683.0,21017.0,16885.0,15907.0,12939.0,11062.0,8741.0,7987.0,7010.0,6865.0,6714.0,6970.0,6700.0,6442.0,5619.0,5859.0,5517.0
,,,,,,,,,,,,,,,,,,,,,,,,,,,,,,,,,,,,,,,,,,,,
Del Libertador General Bernardo O’Higgins,06,Chepica,06302,15925.0,0.0,0.0,0.0,0.0,0.0,0.0,0.0,0.0,0.0,0.0,1.0,3.0,6.0,6.0,0.0,1.0,1.0,2.0,2.0,10.0,20.0,30.0,19.0,15.0,20.0,23.0,32.0,36.0,36.0,21.0,25.0,14.0,13.0,8.0,6.0,10.0,12.0,17.0,25.0,27
Del Libertador General Bernardo O’Higgins,06,Chimbarongo,06303,37696.0,0.0,0.0,0.0,0.0,0.0,0.0,0.0,0.0,0.0,0.0,3.0,2.0,3.0,5.0,3.0,2.0,3.0,4.0,9.0,12.0,10.0,17.0,23.0,27.0,30.0,27.0,25.0,20.0,18.0,18.0,20.0,19.0,17.0,17.0,16.0,15.0,8.0,10.0,16.0,16
Del Libertador General Bernardo O’Higgins,06,Codegua,06102,14096.0,0.0,0.0,0.0,0.0,0.0,0.0,1.0,1.0,0.0,1.0,1.0,1.0,3.0,1.0,2.0,3.0,5.0,4.0,7.0,5.0,10.0,24.0,32.0,37.0,38.0,25.0,26.0,39.0,36.0,37.0,30.0,17.0,16.0,18.0,12.0,13.0,20.0,27.0,29.0,35
Del Libertador General Bernardo O’Higgins,06,Coinco,06103,7831.0,0.0,0.0,0.0,0.0,1.0,1.0,1.0,1.0,1.0,1.0,3.0,4.0,5.0,3.0,4.0,1.0,2.0,0.0,0.0,1.0,6.0,14.0,21.0,23.0,14.0,20.0,21.0,17.0,17.0,12.0,14.0,9.0,9.0,11.0,14.0,16.0,7.0,6.0,3.0,9
Del Libertador General Bernardo O’Higgins,06,Coltauco,06104,21263.0,0.0,0.0,0.0,0.0,0.0,0.0,0.0,0.0,1.0,3.0,9.0,15.0,7.0,2.0,4.0,1.0,1.0,1.0,0.0,2.0,9.0,23.0,27.0,27.0,24.0,26.0,22.0,29.0,32.0,44.0,48.0,44.0,51.0,45.0,48.0,44.0,41.0,38.0,56.0,49
Del Libertador General Bernardo O’Higgins,06,Donihue,06105,22700.0,0.0,0.0,0.0,0.0,1.0,1.0,2.0,1.0,3.0,5.0,6.0,9.0,10.0,8.0,6.0,5.0,2.0,4.0,3.0,9.0,27.0,58.0,77.0,65.0,87.0,75.0,62.0,58.0,58.0,49.0,40.0,27.0,35.0,37.0,29.0,27.0,28.0,29.0,27.0,25
Del Libertador General Bernardo O’Higgins,06,Graneros,06106,36504.0,0.0,0.0,0.0,0.0,2.0,2.0,2.0,1.0,8.0,15.0,18.0,16.0,12.0,12.0,10.0,5.0,3.0,3.0,5.0,16.0,44.0,73.0,87.0,85.0,73.0,79.0,80.0,66.0,54.0,45.0,36.0,28.0,17.0,21.0,29.0,55.0,61.0,58.0,46.0,38
Del Libertador General Bernardo O’Higgins,06,La Estrella,06202,3114.0,0.0,0.0,0.0,0.0,0.0,0.0,0.0,0.0,0.0,0.0,0.0,0.0,0.0,0.0,0.0,0.0,1.0,1.0,3.0,6.0,7.0,5.0,9.0,14.0,17.0,8.0,6.0,2.0,2.0,3.0,3.0,1.0,2.0,2.0,1.0,0.0,1.0,1.0,1.0,1
Del Libertador General Bernardo O’Higgins,06,Las Cabras,06107,26749.0,0.0,1.0,1.0,0.0,2.0,2.0,3.0,7.0,4.0,2.0,2.0,2.0,3.0,1.0,2.0,2.0,3.0,2.0,0.0,3.0,10.0,25.0,39.0,39.0,47.0,33.0,44.0,37.0,27.0,17.0,16.0,11.0,18.0,25.0,37.0,49.0,50.0,75.0,70.0,51
Del Libertador General Bernardo O’Higgins,06,Litueche,06203,6765.0,0.0,0.0,0.0,0.0,1.0,3.0,6.0,7.0,2.0,2.0,1.0,1.0,2.0,0.0,0.0,0.0,2.0,2.0,5.0,8.0,18.0,23.0,21.0,11.0,5.0,14.0,9.0,7.0,2.0,2.0,5.0,5.0,6.0,11.0,8.0,10.0,8.0,4.0,1.0,0
Del Libertador General Bernardo O’Higgins,06,Lolol,06304,7289.0,0.0,0.0,0.0,0.0,0.0,0.0,0.0,0.0,0.0,0.0,0.0,1.0,3.0,2.0,0.0,0.0,7.0,8.0,4.0,3.0,8.0,6.0,13.0,11.0,14.0,2.0,1.0,0.0,0.0,0.0,0.0,2.0,3.0,10.0,9.0,7.0,9.0,5.0,5.0,8
Del Libertador General Bernardo O’Higgins,06,Machali,06108,59913.0,0.0,0.0,1.0,3.0,8.0,5.0,5.0,4.0,4.0,5.0,6.0,6.0,7.0,12.0,11.0,9.0,19.0,26.0,24.0,26.0,91.0,171.0,277.0,268.0,244.0,164.0,138.0,101.0,81.0,73.0,65.0,51.0,52.0,47.0,46.0,32.0,34.0,25.0,28.0,27
Del Libertador General Bernardo O’Higgins,06,Malloa,06109,14163.0,0.0,0.0,0.0,0.0,0.0,0.0,0.0,0.0,0.0,0.0,1.0,2.0,1.0,1.0,1.0,1.0,0.0,0.0,0.0,0.0,14.0,5.0,16.0,14.0,15.0,9.0,14.0,22.0,20.0,24.0,24.0,26.0,20.0,8.0,10.0,10.0,7.0,10.0,10.0,16
Del Libertador General Bernardo O’Higgins,06,Marchihue,06204,7632.0,0.0,0.0,0.0,0.0,0.0,0.0,0.0,0.0,0.0,0.0,0.0,0.0,0.0,0.0,0.0,0.0,0.0,3.0,0.0,3.0,8.0,7.0,3.0,2.0,1.0,4.0,4.0,3.0,5.0,8.0,6.0,5.0,3.0,2.0,2.0,1.0,1.0,1.0,0.0,0
Del Libertador General Bernardo O’Higgins,06,Mostazal,06110,27462.0,0.0,0.0,0.0,0.0,0.0,0.0,0.0,1.0,1.0,3.0,3.0,5.0,2.0,2.0,3.0,4.0,6.0,4.0,3.0,5.0,25.0,31.0,41.0,41.0,46.0,41.0,37.0,31.0,25.0,23.0,20.0,24.0,25.0,23.0,22.0,18.0,20.0,24.0,22.0,28
Del Libertador General Bernardo O’Higgins,06,Nancagua,06305,19141.0,0.0,0.0,0.0,0.0,0.0,0.0,1.0,1.0,1.0,2.0,2.0,3.0,3.0,5.0,3.0,1.0,4.0,4.0,6.0,16.0,18.0,10.0,8.0,4.0,12.0,16.0,18.0,11.0,10.0,8.0,6.0,4.0,6.0,9.0,17.0,16.0,19.0,16.0,16.0,14
Del Libertador General Bernardo O’Higgins,06,Navidad,06205,6904.0,0.0,0.0,0.0,0.0,0.0,0.0,2.0,2.0,1.0,1.0,5.0,5.0,5.0,1.0,0.0,0.0,1.0,1.0,3.0,9.0,17.0,18.0,11.0,3.0,3.0,13.0,8.0,5.0,6.0,3.0,2.0,1.0,3.0,3.0,2.0,0.0,0.0,0.0,0.0,0
Del Libertador General Bernardo O’Higgins,06,Olivar,06111,14624.0,3.0,4.0,3.0,3.0,1.0,0.0,0.0,0.0,0.0,1.0,7.0,8.0,6.0,4.0,3.0,4.0,3.0,0.0,0.0,3.0,18.0,20.0,34.0,42.0,42.0,51.0,44.0,22.0,20.0,12.0,15.0,14.0,19.0,12.0,19.0,20.0,20.0,23.0,27.0,20
Del Libertador General Bernardo O’Higgins,06,Palmilla,06306,13299.0,0.0,0.0,0.0,0.0,0.0,0.0,0.0,0.0,0.0,0.0,0.0,0.0,0.0,3.0,2.0,1.0,1.0,0.0,2.0,5.0,5.0,7.0,7.0,8.0,4.0,5.0,8.0,10.0,7.0,3.0,2.0,4.0,7.0,15.0,13.0,16.0,11.0,18.0,30.0,40
Del Libertador General Bernardo O’Higgins,06,Paredones,06206,6349.0,0.0,0.0,0.0,0.0,0.0,0.0,0.0,0.0,0.0,0.0,0.0,2.0,2.0,0.0,0.0,0.0,0.0,1.0,1.0,1.0,4.0,3.0,1.0,0.0,0.0,3.0,3.0,0.0,4.0,4.0,2.0,4.0,4.0,7.0,8.0,5.0,2.0,3.0,5.0,3
Del Libertador General Bernardo O’Higgins,06,Peralillo,06307,11848.0,0.0,0.0,0.0,0.0,0.0,0.0,0.0,0.0,0.0,0.0,0.0,0.0,2.0,0.0,0.0,1.0,2.0,1.0,8.0,13.0,13.0,7.0,2.0,3.0,7.0,4.0,4.0,3.0,4.0,3.0,1.0,1.0,6.0,6.0,6.0,3.0,3.0,6.0,7.0,7
Del Libertador General Bernardo O’Higgins,06,Peumo,06112,14952.0,0.0,0.0,0.0,0.0,0.0,0.0,1.0,1.0,2.0,1.0,1.0,1.0,2.0,2.0,0.0,0.0,0.0,0.0,0.0,0.0,3.0,3.0,8.0,7.0,5.0,5.0,12.0,17.0,22.0,19.0,17.0,10.0,7.0,20.0,24.0,25.0,20.0,19.0,21.0,30
Del Libertador General Bernardo O’Higgins,06,Pichidegua,06113,20743.0,0.0,0.0,0.0,0.0,0.0,0.0,0.0,0.0,1.0,1.0,2.0,4.0,4.0,4.0,2.0,0.0,0.0,0.0,0.0,0.0,3.0,9.0,23.0,28.0,34.0,32.0,33.0,30.0,24.0,20.0,22.0,25.0,23.0,56.0,77.0,82.0,56.0,46.0,46.0,71
Del Libertador General Bernardo O’Higgins,06,Pichilemu,06201,17882.0,0.0,0.0,0.0,0.0,0.0,0.0,0.0,0.0,0.0,1.0,1.0,3.0,2.0,5.0,2.0,1.0,3.0,2.0,2.0,0.0,3.0,7.0,7.0,5.0,3.0,8.0,11.0,13.0,14.0,5.0,5.0,2.0,0.0,0.0,1.0,1.0,1.0,1.0,3.0,5
Del Libertador General Bernardo O’Higgins,06,Placilla,06308,9164.0,0.0,0.0,0.0,0.0,0.0,0.0,0.0,0.0,0.0,0.0,1.0,3.0,3.0,2.0,0.0,1.0,2.0,5.0,3.0,6.0,9.0,2.0,4.0,6.0,10.0,14.0,13.0,9.0,5.0,9.0,9.0,7.0,2.0,2.0,5.0,8.0,9.0,2.0,2.0,3
Del Libertador General Bernardo O’Higgins,06,Pumanque,06309,3531.0,0.0,0.0,0.0,0.0,0.0,0.0,0.0,0.0,0.0,0.0,0.0,0.0,0.0,0.0,0.0,1.0,1.0,1.0,0.0,1.0,1.0,1.0,1.0,0.0,0.0,0.0,0.0,0.0,0.0,0.0,0.0,0.0,0.0,0.0,0.0,1.0,1.0,0.0,0.0,0
Del Libertador General Bernardo O’Higgins,06,Quinta de Tilcoco,06114,13877.0,0.0,0.0,0.0,0.0,0.0,0.0,0.0,0.0,0.0,0.0,0.0,1.0,1.0,0.0,0.0,0.0,2.0,0.0,1.0,0.0,6.0,13.0,22.0,25.0,21.0,16.0,22.0,18.0,15.0,16.0,17.0,14.0,12.0,15.0,16.0,7.0,6.0,5.0,3.0,1
Del Libertador General Bernardo O’Higgins,06,Rancagua,06101,265211.0,3.0,3.0,3.0,1.0,8.0,11.0,15.0,18.0,29.0,45.0,74.0,105.0,82.0,94.0,101.0,73.0,87.0,119.0,152.0,184.0,635.0,1074.0,1344.0,1269.0,1159.0,946.0,868.0,673.0,548.0,396.0,328.0,262.0,202.0,218.0,323.0,349.0,321.0,318.0,330.0,327
Del Libertador General Bernardo O’Higgins,06,Rengo,06115,63710.0,0.0,0.0,0.0,0.0,1.0,5.0,5.0,6.0,5.0,3.0,4.0,8.0,7.0,6.0,8.0,8.0,5.0,5.0,10.0,16.0,73.0,118.0,164.0,150.0,184.0,235.0,243.0,253.0,199.0,145.0,123.0,87.0,71.0,61.0,98.0,124.0,88.0,68.0,51.0,44
Del Libertador General Bernardo O’Higgins,06,Requinoa,06116,30371.0,0.0,0.0,0.0,0.0,1.0,2.0,2.0,2.0,2.0,1.0,4.0,4.0,3.0,0.0,7.0,7.0,14.0,12.0,7.0,6.0,40.0,61.0,98.0,90.0,81.0,67.0,75.0,61.0,48.0,30.0,28.0,27.0,29.0,35.0,30.0,23.0,21.0,14.0,18.0,21
Del Libertador General Bernardo O’Higgins,06,San Fernando,06301,78642.0,1.0,1.0,1.0,2.0,2.0,2.0,1.0,1.0,2.0,1.0,4.0,7.0,4.0,5.0,7.0,13.0,21.0,19.0,14.0,15.0,32.0,40.0,77.0,82.0,75.0,80.0,81.0,81.0,73.0,75.0,73.0,78.0,68.0,86.0,97.0,106.0,106.0,90.0,85.0,90
Del Libertador General Bernardo O’Higgins,06,San Vicente,06117,50617.0,1.0,0.0,0.0,0.0,0.0,0.0,4.0,5.0,5.0,6.0,11.0,15.0,18.0,14.0,0.0,1.0,1.0,2.0,5.0,5.0,33.0,52.0,69.0,61.0,62.0,53.0,65.0,64.0,51.0,62.0,58.0,57.0,53.0,59.0,116.0,136.0,115.0,77.0,62.0,65
Del Libertador General Bernardo O’Higgins,06,Santa Cruz,06310,41096.0,1.0,0.0,0.0,0.0,1.0,1.0,0.0,0.0,0.0,1.0,2.0,3.0,4.0,4.0,2.0,3.0,6.0,6.0,15.0,20.0,23.0,26.0,18.0,19.0,26.0,36.0,31.0,35.0,27.0,25.0,25.0,29.0,41.0,52.0,60.0,48.0,53.0,46.0,58.0,75
Del Libertador General Bernardo O’Higgins,06,Desconocido O’Higgins,,,,,,,,,,,,,,,,,,,,,,,92.0,105.0,0.0,128.0,54.0,25.0,36.0,30.0,26.0,8.0,9.0,20.0,21.0,5.0,3.0,2.0,1.0,2.0,1.0,1
Del Libertador General Bernardo O’Higgins,06,Total,,991063.0,9.0,9.0,9.0,9.0,29.0,35.0,51.0,59.0,72.0,101.0,172.0,239.0,212.0,204.0,183.0,149.0,208.0,242.0,294.0,409.0,1335.0,2088.0,2603.0,2609.0,2457.0,2159.0,2096.0,1803.0,1516.0,1219.0,1094.0,929.0,861.0,946.0,1204.0,1279.0,1160.0,1084.0,1104.0,1147.0
,,,,,,,,,,,,,,,,,,,,,,,,,,,,,,,,,,,,,,,,,,,,
Maule,07,Cauquenes,07201,44143.0,2.0,2.0,4.0,5.0,6.0,6.0,3.0,2.0,0.0,1.0,7.0,9.0,10.0,15.0,22.0,33.0,54.0,95.0,64.0,63.0,79.0,77.0,68.0,66.0,64.0,49.0,51.0,56.0,61.0,40.0,25.0,16.0,19.0,14.0,7.0,7.0,11.0,8.0,8.0,11
Maule,07,Chanco,07202,9331.0,0.0,0.0,0.0,1.0,1.0,2.0,1.0,1.0,0.0,0.0,0.0,0.0,0.0,0.0,0.0,1.0,1.0,2.0,6.0,8.0,7.0,13.0,10.0,1.0,1.0,1.0,5.0,9.0,13.0,11.0,6.0,3.0,1.0,1.0,0.0,4.0,3.0,5.0,8.0,9
Maule,07,Colbun,07402,22565.0,2.0,1.0,0.0,0.0,0.0,0.0,0.0,0.0,0.0,3.0,4.0,6.0,9.0,8.0,16.0,11.0,15.0,13.0,10.0,12.0,28.0,28.0,31.0,29.0,18.0,29.0,26.0,18.0,24.0,28.0,27.0,26.0,25.0,14.0,33.0,39.0,38.0,27.0,24.0,25
Maule,07,Constitucion,07102,50348.0,1.0,1.0,5.0,5.0,11.0,8.0,3.0,5.0,3.0,1.0,3.0,4.0,4.0,6.0,5.0,6.0,6.0,7.0,11.0,21.0,31.0,58.0,61.0,67.0,69.0,49.0,37.0,43.0,52.0,74.0,88.0,65.0,47.0,26.0,27.0,33.0,31.0,23.0,19.0,25
Maule,07,Curepto,07103,9426.0,3.0,2.0,4.0,4.0,4.0,3.0,0.0,0.0,0.0,1.0,0.0,1.0,2.0,4.0,0.0,1.0,1.0,1.0,0.0,1.0,2.0,8.0,12.0,7.0,7.0,8.0,5.0,3.0,3.0,6.0,5.0,7.0,7.0,6.0,16.0,25.0,34.0,31.0,26.0,15
Maule,07,Curico,07301,163626.0,8.0,8.0,12.0,15.0,10.0,9.0,11.0,6.0,8.0,11.0,13.0,28.0,50.0,85.0,131.0,156.0,214.0,251.0,270.0,298.0,347.0,335.0,308.0,307.0,267.0,233.0,211.0,204.0,192.0,179.0,168.0,182.0,170.0,142.0,111.0,86.0,83.0,96.0,81.0,51
Maule,07,Empedrado,07104,4206.0,0.0,0.0,0.0,0.0,0.0,0.0,0.0,0.0,0.0,0.0,0.0,0.0,0.0,0.0,0.0,0.0,0.0,1.0,1.0,3.0,6.0,17.0,15.0,16.0,4.0,1.0,1.0,3.0,2.0,1.0,1.0,2.0,2.0,2.0,2.0,1.0,1.0,0.0,2.0,3
Maule,07,Hualane,07302,10222.0,0.0,0.0,0.0,0.0,0.0,0.0,0.0,0.0,0.0,0.0,0.0,0.0,1.0,6.0,16.0,16.0,38.0,38.0,36.0,29.0,32.0,15.0,15.0,10.0,5.0,1.0,1.0,0.0,0.0,2.0,2.0,1.0,0.0,1.0,0.0,1.0,1.0,1.0,0.0,1
Maule,07,Licanten,07303,6989.0,0.0,0.0,1.0,1.0,1.0,1.0,0.0,0.0,0.0,0.0,0.0,0.0,0.0,0.0,0.0,0.0,0.0,0.0,4.0,4.0,6.0,5.0,5.0,5.0,1.0,2.0,1.0,1.0,1.0,0.0,0.0,2.0,3.0,3.0,3.0,2.0,1.0,0.0,0.0,0
Maule,07,Linares,07401,101073.0,5.0,3.0,7.0,8.0,8.0,4.0,4.0,3.0,6.0,7.0,17.0,17.0,21.0,22.0,19.0,22.0,31.0,27.0,29.0,51.0,84.0,117.0,112.0,110.0,114.0,113.0,121.0,104.0,98.0,93.0,106.0,94.0,95.0,104.0,104.0,103.0,99.0,115.0,155.0,152
Maule,07,Longavi,07403,32810.0,0.0,0.0,0.0,1.0,1.0,1.0,0.0,0.0,2.0,3.0,5.0,7.0,11.0,9.0,10.0,11.0,20.0,19.0,22.0,40.0,62.0,58.0,38.0,20.0,27.0,34.0,37.0,38.0,25.0,13.0,12.0,11.0,14.0,13.0,29.0,36.0,37.0,24.0,24.0,27
Maule,07,Maule,07105,60000.0,2.0,2.0,5.0,9.0,16.0,12.0,2.0,1.0,2.0,1.0,4.0,5.0,11.0,15.0,13.0,12.0,29.0,33.0,33.0,26.0,37.0,35.0,61.0,47.0,60.0,70.0,78.0,74.0,65.0,68.0,70.0,67.0,53.0,34.0,42.0,53.0,68.0,60.0,50.0,46
Maule,07,Molina,07304,49800.0,0.0,0.0,0.0,1.0,3.0,2.0,0.0,0.0,1.0,2.0,1.0,1.0,2.0,5.0,9.0,10.0,13.0,22.0,21.0,21.0,22.0,33.0,62.0,67.0,52.0,32.0,34.0,37.0,31.0,26.0,29.0,33.0,25.0,29.0,35.0,44.0,37.0,28.0,28.0,32
Maule,07,Parral,07404,44544.0,2.0,2.0,2.0,1.0,2.0,1.0,1.0,0.0,0.0,0.0,2.0,4.0,8.0,20.0,38.0,48.0,46.0,34.0,30.0,25.0,31.0,33.0,39.0,25.0,20.0,20.0,18.0,20.0,20.0,16.0,15.0,15.0,14.0,16.0,19.0,17.0,18.0,12.0,8.0,14
Maule,07,Pelarco,07106,9083.0,3.0,3.0,5.0,5.0,2.0,0.0,0.0,0.0,1.0,3.0,8.0,5.0,8.0,6.0,5.0,4.0,3.0,6.0,11.0,6.0,5.0,3.0,5.0,4.0,4.0,5.0,12.0,17.0,23.0,34.0,38.0,40.0,40.0,29.0,19.0,8.0,5.0,3.0,2.0,7
Maule,07,Pelluhue,07203,8092.0,0.0,0.0,0.0,0.0,0.0,0.0,0.0,0.0,0.0,0.0,3.0,5.0,7.0,6.0,2.0,0.0,2.0,2.0,13.0,12.0,16.0,14.0,10.0,5.0,1.0,3.0,4.0,1.0,1.0,2.0,4.0,6.0,5.0,2.0,3.0,5.0,5.0,6.0,14.0,17
Maule,07,Pencahue,07107,8601.0,0.0,0.0,1.0,2.0,3.0,2.0,0.0,0.0,0.0,0.0,0.0,0.0,0.0,2.0,9.0,9.0,6.0,2.0,3.0,2.0,6.0,5.0,4.0,7.0,8.0,13.0,16.0,16.0,7.0,4.0,4.0,3.0,3.0,2.0,1.0,0.0,0.0,9.0,12.0,10
Maule,07,Rauco,07305,11248.0,1.0,1.0,1.0,0.0,0.0,0.0,0.0,0.0,0.0,0.0,0.0,1.0,1.0,2.0,6.0,7.0,6.0,4.0,6.0,10.0,15.0,10.0,6.0,10.0,14.0,18.0,17.0,22.0,21.0,23.0,20.0,16.0,13.0,7.0,7.0,6.0,6.0,6.0,4.0,3
Maule,07,Retiro,07405,21071.0,1.0,1.0,2.0,2.0,0.0,0.0,0.0,0.0,1.0,1.0,1.0,0.0,1.0,4.0,11.0,14.0,36.0,34.0,15.0,15.0,27.0,21.0,14.0,11.0,19.0,16.0,9.0,4.0,3.0,4.0,4.0,11.0,12.0,16.0,20.0,15.0,14.0,12.0,8.0,5
Maule,07,Rio Claro,07108,14753.0,2.0,2.0,4.0,3.0,3.0,1.0,2.0,2.0,1.0,0.0,2.0,2.0,2.0,3.0,1.0,2.0,5.0,8.0,6.0,3.0,3.0,9.0,18.0,18.0,21.0,20.0,17.0,6.0,2.0,10.0,15.0,24.0,17.0,19.0,17.0,15.0,12.0,1.0,3.0,5
Maule,07,Romeral,07306,16170.0,0.0,0.0,1.0,8.0,9.0,9.0,1.0,0.0,0.0,0.0,0.0,0.0,0.0,2.0,5.0,14.0,19.0,21.0,25.0,26.0,36.0,56.0,69.0,62.0,38.0,19.0,18.0,10.0,16.0,16.0,26.0,20.0,23.0,20.0,19.0,19.0,18.0,17.0,11.0,4
Maule,07,Sagrada Familia,07307,19469.0,1.0,1.0,0.0,0.0,1.0,1.0,1.0,0.0,0.0,0.0,0.0,0.0,1.0,0.0,3.0,3.0,5.0,7.0,13.0,17.0,13.0,9.0,13.0,10.0,12.0,16.0,20.0,16.0,9.0,10.0,9.0,7.0,9.0,14.0,16.0,15.0,13.0,11.0,10.0,10
Maule,07,San Clemente,07109,46292.0,0.0,0.0,4.0,6.0,8.0,6.0,2.0,1.0,5.0,9.0,11.0,7.0,13.0,19.0,22.0,19.0,28.0,32.0,40.0,52.0,56.0,64.0,91.0,94.0,114.0,111.0,97.0,80.0,78.0,59.0,48.0,37.0,31.0,44.0,51.0,55.0,59.0,38.0,43.0,44
Maule,07,San Javier,07406,49451.0,6.0,5.0,4.0,6.0,10.0,5.0,4.0,3.0,3.0,3.0,9.0,9.0,15.0,9.0,8.0,12.0,17.0,29.0,41.0,47.0,52.0,47.0,45.0,50.0,56.0,56.0,64.0,81.0,76.0,73.0,74.0,79.0,82.0,53.0,46.0,32.0,33.0,23.0,21.0,16
Maule,07,San Rafael,07110,9959.0,1.0,1.0,1.0,1.0,1.0,1.0,0.0,0.0,1.0,1.0,3.0,8.0,22.0,32.0,30.0,21.0,12.0,12.0,12.0,16.0,12.0,9.0,20.0,22.0,18.0,19.0,14.0,8.0,8.0,7.0,3.0,2.0,4.0,4.0,5.0,13.0,15.0,28.0,31.0,32
Maule,07,Talca,07101,236724.0,7.0,10.0,47.0,76.0,82.0,72.0,24.0,15.0,6.0,5.0,28.0,29.0,65.0,84.0,79.0,76.0,95.0,108.0,157.0,200.0,261.0,299.0,372.0,345.0,339.0,325.0,297.0,241.0,194.0,158.0,162.0,151.0,141.0,170.0,217.0,225.0,208.0,226.0,225.0,208
Maule,07,Teno,07308,30850.0,1.0,1.0,1.0,1.0,0.0,0.0,2.0,2.0,3.0,2.0,2.0,2.0,2.0,4.0,3.0,2.0,3.0,8.0,14.0,12.0,24.0,40.0,41.0,31.0,37.0,34.0,37.0,45.0,34.0,49.0,51.0,43.0,48.0,42.0,42.0,36.0,34.0,25.0,24.0,26
Maule,07,Vichuquen,07309,4381.0,0.0,0.0,0.0,0.0,0.0,0.0,0.0,0.0,0.0,0.0,0.0,0.0,0.0,0.0,0.0,0.0,0.0,0.0,0.0,0.0,0.0,0.0,0.0,0.0,1.0,1.0,1.0,3.0,4.0,5.0,2.0,1.0,0.0,0.0,0.0,0.0,0.0,0.0,0.0,0
Maule,07,Villa Alegre,07407,17512.0,0.0,0.0,0.0,1.0,1.0,1.0,1.0,0.0,0.0,0.0,1.0,1.0,1.0,2.0,2.0,1.0,7.0,9.0,13.0,16.0,17.0,7.0,9.0,11.0,19.0,27.0,25.0,24.0,21.0,31.0,32.0,21.0,10.0,8.0,11.0,7.0,8.0,9.0,16.0,16
Maule,07,Yerbas Buenas,07408,19200.0,0.0,0.0,0.0,1.0,0.0,0.0,1.0,1.0,1.0,1.0,3.0,6.0,10.0,12.0,11.0,10.0,20.0,17.0,11.0,11.0,21.0,17.0,9.0,8.0,7.0,3.0,2.0,11.0,14.0,17.0,11.0,15.0,12.0,21.0,23.0,25.0,16.0,16.0,22.0,19
Maule,07,Desconocido Maule,,,,,,,,,,,,,,,,,,,,,,,21.0,16.0,30.0,16.0,7.0,8.0,6.0,7.0,6.0,3.0,14.0,12.0,7.0,4.0,1.0,2.0,1.0,0.0,1.0,4
Maule,07,Total,,1131939.0,48.0,46.0,111.0,163.0,183.0,147.0,63.0,42.0,44.0,55.0,127.0,157.0,277.0,382.0,476.0,521.0,732.0,842.0,917.0,1047.0,1359.0,1458.0,1593.0,1481.0,1424.0,1336.0,1282.0,1202.0,1104.0,1062.0,1071.0,1012.0,932.0,860.0,926.0,929.0,909.0,860.0,880.0,837.0
,,,,,,,,,,,,,,,,,,,,,,,,,,,,,,,,,,,,,,,,,,,,
Nuble,16,Bulnes,16102,22607.0,13.0,9.0,6.0,7.0,8.0,7.0,3.0,11.0,14.0,13.0,36.0,55.0,50.0,55.0,37.0,33.0,22.0,26.0,18.0,15.0,25.0,23.0,28.0,20.0,26.0,37.0,46.0,49.0,46.0,33.0,29.0,39.0,52.0,84.0,74.0,75.0,66.0,62.0,63.0,56
Nuble,16,Chillan,16101,198624.0,79.0,61.0,51.0,35.0,37.0,31.0,19.0,18.0,13.0,20.0,28.0,66.0,62.0,96.0,92.0,83.0,90.0,119.0,140.0,156.0,205.0,192.0,249.0,204.0,223.0,262.0,276.0,262.0,237.0,158.0,134.0,92.0,95.0,119.0,139.0,154.0,143.0,175.0,243.0,356
Nuble,16,Chillan Viejo,16103,33827.0,13.0,11.0,7.0,9.0,3.0,3.0,1.0,0.0,0.0,2.0,4.0,10.0,14.0,30.0,27.0,19.0,13.0,16.0,24.0,26.0,38.0,36.0,31.0,33.0,31.0,38.0,36.0,39.0,43.0,35.0,24.0,11.0,8.0,10.0,16.0,21.0,21.0,28.0,33.0,58
Nuble,16,Cobquecura,16202,5275.0,0.0,0.0,0.0,0.0,0.0,0.0,0.0,0.0,0.0,0.0,0.0,0.0,0.0,0.0,0.0,0.0,0.0,0.0,0.0,0.0,0.0,0.0,0.0,0.0,0.0,0.0,1.0,1.0,1.0,0.0,1.0,1.0,1.0,0.0,2.0,16.0,16.0,15.0,10.0,2
Nuble,16,Coelemu,16203,16845.0,2.0,0.0,0.0,0.0,0.0,0.0,0.0,0.0,0.0,0.0,0.0,1.0,2.0,4.0,13.0,14.0,15.0,13.0,13.0,12.0,23.0,19.0,22.0,16.0,5.0,4.0,7.0,9.0,7.0,5.0,3.0,4.0,8.0,7.0,8.0,12.0,11.0,5.0,5.0,2
Nuble,16,Coihueco,16302,28375.0,6.0,4.0,5.0,12.0,13.0,12.0,13.0,10.0,5.0,2.0,3.0,7.0,7.0,9.0,5.0,1.0,1.0,2.0,7.0,8.0,17.0,17.0,23.0,24.0,29.0,45.0,54.0,58.0,55.0,37.0,28.0,20.0,13.0,11.0,16.0,18.0,20.0,15.0,17.0,29
Nuble,16,El Carmen,16104,12334.0,1.0,1.0,1.0,0.0,0.0,0.0,0.0,0.0,0.0,1.0,1.0,2.0,2.0,3.0,9.0,10.0,17.0,9.0,7.0,5.0,18.0,22.0,14.0,10.0,9.0,18.0,19.0,18.0,17.0,6.0,7.0,10.0,11.0,14.0,4.0,0.0,0.0,2.0,4.0,21
Nuble,16,Ninhue,16204,5414.0,2.0,2.0,2.0,2.0,2.0,1.0,0.0,0.0,0.0,0.0,0.0,1.0,1.0,2.0,0.0,2.0,4.0,3.0,2.0,4.0,7.0,9.0,14.0,14.0,12.0,4.0,3.0,1.0,2.0,1.0,5.0,4.0,4.0,1.0,3.0,1.0,3.0,3.0,3.0,1
Nuble,16,Niquen,16303,11567.0,2.0,2.0,2.0,2.0,0.0,0.0,0.0,0.0,0.0,0.0,0.0,0.0,1.0,6.0,4.0,4.0,8.0,16.0,12.0,20.0,24.0,14.0,7.0,6.0,5.0,2.0,3.0,5.0,7.0,11.0,10.0,10.0,8.0,5.0,6.0,23.0,27.0,30.0,36.0,18
Nuble,16,Pemuco,16105,8639.0,3.0,2.0,1.0,1.0,1.0,0.0,0.0,0.0,0.0,1.0,3.0,4.0,2.0,1.0,1.0,1.0,5.0,6.0,3.0,6.0,27.0,47.0,32.0,16.0,11.0,13.0,14.0,11.0,12.0,4.0,2.0,1.0,1.0,2.0,2.0,2.0,1.0,0.0,5.0,10
Nuble,16,Pinto,16106,11880.0,5.0,4.0,3.0,2.0,2.0,1.0,0.0,0.0,0.0,0.0,0.0,2.0,5.0,3.0,2.0,0.0,0.0,2.0,0.0,1.0,8.0,11.0,14.0,12.0,7.0,12.0,17.0,17.0,19.0,7.0,7.0,4.0,3.0,1.0,3.0,5.0,6.0,2.0,4.0,5
Nuble,16,Portezuelo,16205,4940.0,1.0,0.0,0.0,0.0,0.0,0.0,0.0,0.0,0.0,0.0,2.0,4.0,6.0,5.0,2.0,2.0,0.0,0.0,0.0,0.0,0.0,4.0,4.0,4.0,1.0,4.0,3.0,7.0,9.0,5.0,4.0,0.0,0.0,0.0,1.0,2.0,2.0,2.0,0.0,3
Nuble,16,Quillon,16107,18777.0,5.0,0.0,0.0,1.0,0.0,1.0,3.0,4.0,2.0,3.0,2.0,7.0,6.0,12.0,16.0,13.0,22.0,27.0,30.0,34.0,39.0,29.0,19.0,9.0,10.0,18.0,38.0,34.0,31.0,14.0,8.0,11.0,8.0,6.0,7.0,7.0,7.0,7.0,14.0,18
Nuble,16,Quirihue,16201,12192.0,2.0,0.0,0.0,0.0,1.0,1.0,1.0,0.0,0.0,4.0,8.0,10.0,6.0,2.0,1.0,4.0,4.0,3.0,2.0,2.0,3.0,6.0,16.0,15.0,8.0,4.0,16.0,17.0,12.0,3.0,2.0,5.0,8.0,7.0,10.0,19.0,22.0,28.0,27.0,19
Nuble,16,Ranquil,16206,6261.0,5.0,2.0,0.0,0.0,0.0,0.0,0.0,0.0,0.0,0.0,0.0,0.0,0.0,0.0,0.0,0.0,0.0,0.0,1.0,1.0,6.0,7.0,5.0,4.0,3.0,2.0,3.0,12.0,14.0,8.0,9.0,5.0,5.0,0.0,6.0,8.0,7.0,3.0,2.0,3
Nuble,16,San Carlos,16301,56252.0,12.0,10.0,5.0,4.0,3.0,5.0,4.0,3.0,2.0,6.0,8.0,10.0,8.0,11.0,20.0,18.0,28.0,41.0,58.0,60.0,136.0,100.0,70.0,49.0,70.0,88.0,83.0,67.0,42.0,38.0,36.0,23.0,16.0,11.0,18.0,21.0,25.0,21.0,33.0,47
Nuble,16,San Fabian,16304,4654.0,1.0,1.0,1.0,0.0,1.0,1.0,0.0,0.0,0.0,0.0,0.0,0.0,0.0,0.0,0.0,0.0,0.0,0.0,0.0,0.0,0.0,0.0,0.0,0.0,0.0,1.0,1.0,2.0,5.0,3.0,1.0,1.0,2.0,1.0,1.0,0.0,0.0,0.0,0.0,1
Nuble,16,San Ignacio,16108,16624.0,1.0,1.0,1.0,0.0,1.0,1.0,2.0,3.0,3.0,2.0,1.0,3.0,3.0,4.0,11.0,11.0,13.0,10.0,16.0,35.0,75.0,80.0,42.0,15.0,8.0,8.0,19.0,25.0,30.0,19.0,21.0,17.0,7.0,8.0,3.0,2.0,2.0,2.0,4.0,7
Nuble,16,San Nicolas,16305,12172.0,5.0,6.0,4.0,3.0,2.0,0.0,0.0,0.0,0.0,0.0,2.0,2.0,4.0,7.0,6.0,4.0,7.0,8.0,7.0,7.0,8.0,7.0,10.0,9.0,13.0,18.0,29.0,36.0,27.0,10.0,7.0,6.0,14.0,17.0,16.0,6.0,6.0,4.0,3.0,11
Nuble,16,Treguaco,16207,5696.0,0.0,0.0,0.0,0.0,0.0,0.0,0.0,0.0,0.0,0.0,0.0,0.0,0.0,0.0,1.0,0.0,0.0,1.0,2.0,2.0,0.0,0.0,1.0,1.0,0.0,0.0,1.0,1.0,2.0,1.0,1.0,3.0,2.0,1.0,6.0,6.0,7.0,2.0,3.0,10
Nuble,16,Yungay,16109,18596.0,25.0,17.0,13.0,4.0,3.0,4.0,5.0,8.0,4.0,1.0,3.0,3.0,3.0,2.0,4.0,3.0,4.0,7.0,6.0,6.0,11.0,9.0,21.0,18.0,14.0,9.0,11.0,14.0,15.0,13.0,14.0,14.0,15.0,7.0,9.0,8.0,10.0,7.0,7.0,6
Nuble,16,Desconocido Nuble,,,,,,,,,,,,,,,,,,,,,,,5.0,0.0,4.0,0.0,10.0,1.0,2.0,3.0,7.0,3.0,2.0,2.0,0.0,1.0,0.0,0.0,2.0,3.0,1.0,12
Nuble,16,Total,,511551.0,183.0,133.0,102.0,82.0,77.0,68.0,51.0,57.0,43.0,55.0,101.0,187.0,182.0,252.0,251.0,222.0,253.0,309.0,348.0,400.0,675.0,632.0,626.0,479.0,495.0,588.0,682.0,688.0,640.0,414.0,355.0,283.0,281.0,313.0,350.0,406.0,404.0,416.0,517.0,695.0
,,,,,,,,,,,,,,,,,,,,,,,,,,,,,,,,,,,,,,,,,,,,
Biobio,08,Alto Biobio,08314,6775.0,0.0,0.0,0.0,0.0,0.0,0.0,0.0,0.0,0.0,0.0,0.0,0.0,1.0,17.0,41.0,79.0,66.0,64.0,32.0,32.0,18.0,17.0,12.0,8.0,8.0,11.0,15.0,10.0,11.0,4.0,3.0,1.0,1.0,1.0,3.0,2.0,2.0,2.0,1.0,2
Biobio,08,Antuco,08302,4306.0,0.0,0.0,0.0,0.0,0.0,0.0,0.0,0.0,1.0,2.0,3.0,3.0,2.0,2.0,11.0,12.0,13.0,5.0,7.0,6.0,6.0,15.0,20.0,15.0,10.0,6.0,9.0,6.0,6.0,1.0,5.0,7.0,6.0,1.0,1.0,1.0,2.0,1.0,1.0,0
Biobio,08,Arauco,08202,38679.0,2.0,0.0,0.0,0.0,0.0,0.0,0.0,0.0,5.0,9.0,7.0,6.0,13.0,18.0,23.0,33.0,26.0,30.0,19.0,21.0,51.0,67.0,100.0,99.0,83.0,52.0,24.0,16.0,25.0,37.0,57.0,72.0,67.0,66.0,67.0,63.0,60.0,59.0,89.0,69
Biobio,08,Cabrero,08303,30725.0,7.0,4.0,5.0,3.0,6.0,8.0,6.0,2.0,6.0,4.0,4.0,5.0,4.0,3.0,3.0,4.0,4.0,6.0,6.0,13.0,75.0,129.0,61.0,27.0,21.0,12.0,16.0,13.0,14.0,10.0,9.0,7.0,8.0,14.0,17.0,11.0,10.0,18.0,28.0,26
Biobio,08,Canete,08203,37003.0,0.0,0.0,0.0,0.0,0.0,0.0,0.0,0.0,1.0,0.0,0.0,0.0,3.0,9.0,10.0,13.0,5.0,8.0,7.0,7.0,5.0,11.0,11.0,8.0,5.0,3.0,6.0,12.0,31.0,38.0,51.0,44.0,36.0,28.0,23.0,27.0,40.0,50.0,54.0,47
Biobio,08,Chiguayante,08103,91180.0,27.0,13.0,8.0,7.0,16.0,13.0,11.0,11.0,8.0,8.0,6.0,9.0,9.0,6.0,12.0,19.0,26.0,23.0,35.0,39.0,76.0,72.0,80.0,68.0,75.0,77.0,92.0,97.0,99.0,84.0,86.0,86.0,79.0,78.0,104.0,137.0,157.0,158.0,198.0,213
Biobio,08,Concepcion,08101,238092.0,22.0,46.0,42.0,33.0,32.0,23.0,19.0,9.0,23.0,33.0,27.0,26.0,39.0,59.0,95.0,119.0,105.0,92.0,117.0,168.0,307.0,326.0,336.0,272.0,219.0,195.0,202.0,198.0,202.0,182.0,206.0,186.0,211.0,219.0,244.0,300.0,351.0,369.0,441.0,530
Biobio,08,Contulmo,08204,6330.0,0.0,0.0,0.0,0.0,0.0,0.0,0.0,0.0,0.0,0.0,0.0,0.0,0.0,0.0,0.0,0.0,1.0,1.0,1.0,0.0,3.0,8.0,30.0,35.0,29.0,6.0,2.0,0.0,2.0,2.0,3.0,1.0,0.0,0.0,2.0,3.0,6.0,4.0,4.0,4
Biobio,08,Coronel,08102,125829.0,9.0,2.0,2.0,1.0,0.0,2.0,5.0,4.0,7.0,7.0,15.0,21.0,22.0,25.0,62.0,102.0,114.0,100.0,97.0,95.0,211.0,232.0,290.0,251.0,235.0,203.0,180.0,145.0,138.0,149.0,150.0,140.0,146.0,187.0,196.0,211.0,194.0,184.0,174.0,209
Biobio,08,Curanilahue,08205,33892.0,0.0,0.0,0.0,0.0,1.0,1.0,0.0,0.0,2.0,2.0,2.0,3.0,1.0,0.0,1.0,2.0,3.0,4.0,12.0,14.0,16.0,18.0,24.0,23.0,15.0,41.0,58.0,69.0,60.0,46.0,51.0,31.0,26.0,23.0,27.0,30.0,25.0,15.0,17.0,30
Biobio,08,Florida,08104,11841.0,0.0,1.0,0.0,0.0,0.0,0.0,0.0,0.0,0.0,0.0,0.0,0.0,0.0,0.0,1.0,1.0,1.0,0.0,0.0,1.0,3.0,6.0,14.0,11.0,13.0,6.0,3.0,4.0,4.0,10.0,21.0,19.0,9.0,8.0,8.0,5.0,9.0,14.0,17.0,18
Biobio,08,Hualpen,08112,97273.0,67.0,24.0,18.0,15.0,13.0,11.0,3.0,4.0,9.0,10.0,14.0,14.0,15.0,14.0,16.0,18.0,26.0,26.0,31.0,34.0,65.0,70.0,128.0,122.0,136.0,99.0,127.0,119.0,92.0,89.0,91.0,75.0,87.0,100.0,116.0,152.0,162.0,180.0,198.0,225
Biobio,08,Hualqui,08105,26201.0,4.0,5.0,6.0,5.0,10.0,7.0,2.0,0.0,0.0,1.0,2.0,4.0,6.0,11.0,18.0,16.0,11.0,9.0,8.0,8.0,23.0,46.0,59.0,53.0,41.0,23.0,24.0,21.0,32.0,28.0,30.0,24.0,29.0,46.0,72.0,71.0,71.0,78.0,59.0,64
Biobio,08,Laja,08304,23873.0,0.0,1.0,1.0,1.0,4.0,6.0,6.0,5.0,3.0,11.0,29.0,34.0,31.0,25.0,15.0,10.0,11.0,8.0,8.0,10.0,13.0,18.0,26.0,42.0,31.0,27.0,29.0,21.0,22.0,20.0,22.0,21.0,20.0,15.0,9.0,6.0,7.0,8.0,8.0,5
Biobio,08,Lebu,08201,27100.0,0.0,0.0,0.0,0.0,0.0,0.0,0.0,0.0,0.0,2.0,1.0,1.0,0.0,0.0,0.0,1.0,1.0,6.0,2.0,2.0,7.0,11.0,9.0,6.0,3.0,4.0,2.0,2.0,5.0,7.0,10.0,5.0,5.0,5.0,9.0,13.0,16.0,8.0,16.0,12
Biobio,08,Los Alamos,08206,22524.0,0.0,0.0,0.0,0.0,1.0,0.0,0.0,0.0,0.0,0.0,0.0,0.0,0.0,1.0,1.0,0.0,1.0,1.0,2.0,4.0,9.0,36.0,50.0,49.0,33.0,24.0,19.0,13.0,13.0,20.0,26.0,22.0,18.0,13.0,23.0,37.0,28.0,20.0,17.0,20
Biobio,08,Los Angeles,08301,218515.0,4.0,1.0,2.0,4.0,3.0,3.0,2.0,0.0,2.0,13.0,39.0,61.0,78.0,82.0,92.0,84.0,99.0,95.0,97.0,87.0,113.0,153.0,198.0,199.0,207.0,150.0,151.0,147.0,160.0,125.0,109.0,99.0,118.0,99.0,76.0,72.0,73.0,88.0,103.0,129
Biobio,08,Lota,08106,45750.0,0.0,0.0,0.0,0.0,0.0,0.0,0.0,1.0,8.0,12.0,13.0,21.0,17.0,16.0,20.0,25.0,25.0,27.0,21.0,24.0,44.0,66.0,90.0,98.0,92.0,84.0,75.0,58.0,45.0,44.0,44.0,53.0,65.0,68.0,67.0,62.0,65.0,61.0,73.0,68
Biobio,08,Mulchen,08305,31041.0,0.0,0.0,0.0,0.0,0.0,0.0,0.0,1.0,2.0,4.0,4.0,3.0,1.0,0.0,3.0,9.0,10.0,12.0,6.0,4.0,4.0,8.0,23.0,29.0,31.0,36.0,35.0,33.0,26.0,17.0,8.0,3.0,4.0,8.0,12.0,11.0,20.0,14.0,40.0,44
Biobio,08,Nacimiento,08306,27944.0,4.0,5.0,3.0,2.0,1.0,0.0,0.0,2.0,5.0,9.0,8.0,8.0,8.0,10.0,11.0,11.0,6.0,7.0,7.0,17.0,21.0,36.0,41.0,35.0,36.0,33.0,27.0,19.0,10.0,4.0,4.0,5.0,3.0,6.0,7.0,7.0,11.0,14.0,25.0,37
Biobio,08,Negrete,08307,10429.0,2.0,2.0,0.0,0.0,0.0,0.0,0.0,0.0,0.0,3.0,7.0,14.0,21.0,18.0,14.0,15.0,10.0,10.0,19.0,25.0,27.0,23.0,29.0,22.0,18.0,5.0,12.0,12.0,14.0,11.0,8.0,6.0,3.0,3.0,4.0,10.0,14.0,25.0,25.0,24
Biobio,08,Penco,08107,49865.0,5.0,5.0,6.0,7.0,9.0,7.0,2.0,2.0,2.0,1.0,2.0,3.0,3.0,4.0,10.0,14.0,17.0,27.0,39.0,51.0,87.0,102.0,70.0,73.0,87.0,67.0,70.0,60.0,51.0,54.0,63.0,74.0,80.0,84.0,96.0,138.0,149.0,156.0,157.0,164
Biobio,08,Quilaco,08308,4179.0,0.0,0.0,0.0,0.0,0.0,0.0,0.0,0.0,0.0,0.0,0.0,0.0,0.0,0.0,0.0,0.0,1.0,3.0,5.0,3.0,3.0,1.0,4.0,4.0,4.0,2.0,1.0,3.0,3.0,3.0,3.0,3.0,4.0,5.0,6.0,7.0,4.0,1.0,1.0,1
Biobio,08,Quilleco,08309,10032.0,0.0,0.0,0.0,1.0,1.0,0.0,0.0,0.0,0.0,0.0,0.0,0.0,0.0,1.0,1.0,2.0,2.0,4.0,4.0,3.0,1.0,2.0,4.0,7.0,11.0,20.0,19.0,18.0,12.0,10.0,10.0,7.0,16.0,16.0,20.0,13.0,15.0,7.0,9.0,8
Biobio,08,San Pedro de la Paz,08108,145906.0,29.0,17.0,14.0,13.0,15.0,10.0,3.0,5.0,6.0,9.0,12.0,13.0,21.0,29.0,63.0,65.0,58.0,57.0,67.0,93.0,124.0,151.0,155.0,122.0,112.0,122.0,116.0,118.0,118.0,115.0,116.0,121.0,119.0,126.0,126.0,136.0,150.0,140.0,161.0,180
Biobio,08,San Rosendo,08310,3611.0,0.0,0.0,0.0,0.0,0.0,0.0,0.0,0.0,0.0,0.0,0.0,2.0,2.0,1.0,0.0,0.0,1.0,3.0,3.0,0.0,2.0,5.0,9.0,8.0,14.0,10.0,5.0,6.0,5.0,3.0,1.0,1.0,1.0,2.0,1.0,1.0,1.0,0.0,0.0,1
Biobio,08,Santa Barbara,08311,14592.0,0.0,0.0,0.0,0.0,0.0,0.0,0.0,0.0,0.0,0.0,5.0,10.0,10.0,11.0,11.0,19.0,18.0,21.0,8.0,10.0,27.0,34.0,30.0,21.0,17.0,19.0,19.0,15.0,14.0,15.0,19.0,27.0,25.0,13.0,14.0,11.0,14.0,15.0,20.0,17
Biobio,08,Santa Juana,08109,14779.0,0.0,0.0,0.0,0.0,1.0,1.0,1.0,0.0,0.0,0.0,0.0,0.0,0.0,0.0,0.0,1.0,2.0,6.0,13.0,16.0,31.0,24.0,17.0,14.0,8.0,6.0,7.0,6.0,12.0,12.0,11.0,6.0,5.0,4.0,7.0,8.0,10.0,9.0,9.0,23
Biobio,08,Talcahuano,08110,158345.0,17.0,31.0,22.0,28.0,24.0,24.0,23.0,27.0,22.0,27.0,23.0,24.0,31.0,31.0,43.0,48.0,67.0,65.0,62.0,55.0,126.0,183.0,185.0,171.0,145.0,175.0,176.0,173.0,167.0,193.0,226.0,230.0,189.0,191.0,205.0,214.0,235.0,264.0,298.0,359
Biobio,08,Tirua,08207,11019.0,1.0,0.0,0.0,0.0,0.0,0.0,0.0,0.0,0.0,0.0,0.0,0.0,0.0,0.0,0.0,0.0,0.0,0.0,2.0,3.0,7.0,10.0,15.0,14.0,7.0,1.0,0.0,0.0,0.0,0.0,1.0,1.0,2.0,3.0,4.0,7.0,7.0,6.0,2.0,2
Biobio,08,Tome,08111,58729.0,27.0,17.0,14.0,10.0,12.0,10.0,3.0,1.0,1.0,14.0,17.0,17.0,9.0,6.0,6.0,9.0,17.0,25.0,46.0,44.0,85.0,95.0,80.0,64.0,37.0,25.0,15.0,18.0,21.0,37.0,37.0,57.0,77.0,88.0,104.0,126.0,140.0,164.0,158.0,153
Biobio,08,Tucapel,08312,15205.0,1.0,0.0,1.0,0.0,0.0,0.0,0.0,0.0,0.0,0.0,0.0,3.0,3.0,6.0,4.0,7.0,17.0,23.0,29.0,25.0,19.0,24.0,51.0,51.0,41.0,23.0,18.0,10.0,13.0,9.0,8.0,6.0,9.0,5.0,7.0,7.0,9.0,4.0,7.0,5
Biobio,08,Yumbel,08313,22132.0,0.0,0.0,0.0,1.0,1.0,1.0,0.0,1.0,4.0,6.0,4.0,3.0,1.0,5.0,8.0,11.0,13.0,11.0,6.0,9.0,21.0,44.0,43.0,45.0,35.0,58.0,71.0,55.0,30.0,8.0,5.0,10.0,12.0,26.0,24.0,22.0,20.0,7.0,7.0,5
Biobio,08,Desconocido Biobio,,,,,,,,,,,,,,,,,,,,,,,123.0,167.0,117.0,118.0,84.0,31.0,27.0,31.0,27.0,33.0,37.0,36.0,53.0,48.0,48.0,29.0,42.0,32.0,32.0,45
Biobio,08,Total,,1663696.0,228.0,174.0,144.0,131.0,150.0,127.0,86.0,75.0,117.0,187.0,244.0,308.0,351.0,410.0,595.0,749.0,777.0,779.0,818.0,923.0,1753.0,2210.0,2411.0,2184.0,1943.0,1656.0,1652.0,1528.0,1484.0,1420.0,1531.0,1486.0,1533.0,1599.0,1749.0,1950.0,2119.0,2175.0,2449.0,2739.0
,,,,,,,,,,,,,,,,,,,,,,,,,,,,,,,,,,,,,,,,,,,,
La Araucania,09,Angol,09201,56058.0,12.0,17.0,14.0,25.0,34.0,38.0,41.0,29.0,18.0,14.0,12.0,9.0,6.0,12.0,21.0,26.0,29.0,28.0,57.0,84.0,79.0,68.0,53.0,37.0,46.0,55.0,50.0,41.0,22.0,29.0,32.0,43.0,35.0,27.0,40.0,36.0,39.0,19.0,22.0,27
La Araucania,09,Carahue,09102,25486.0,14.0,15.0,14.0,12.0,10.0,6.0,2.0,4.0,3.0,2.0,1.0,0.0,3.0,9.0,13.0,10.0,14.0,15.0,5.0,6.0,2.0,12.0,9.0,7.0,3.0,5.0,4.0,5.0,5.0,2.0,7.0,16.0,14.0,18.0,16.0,7.0,14.0,20.0,19.0,18
La Araucania,09,Cholchol,09121,12341.0,0.0,0.0,1.0,1.0,1.0,0.0,0.0,0.0,0.0,0.0,1.0,1.0,2.0,1.0,1.0,2.0,10.0,16.0,10.0,5.0,2.0,2.0,0.0,0.0,0.0,2.0,7.0,6.0,4.0,3.0,2.0,3.0,3.0,2.0,1.0,1.0,1.0,0.0,0.0,1
La Araucania,09,Collipulli,09202,26148.0,1.0,1.0,0.0,1.0,0.0,1.0,2.0,2.0,0.0,0.0,0.0,1.0,4.0,11.0,13.0,10.0,7.0,9.0,7.0,9.0,8.0,12.0,9.0,7.0,11.0,5.0,2.0,1.0,1.0,1.0,2.0,3.0,8.0,19.0,38.0,51.0,61.0,46.0,51.0,43
La Araucania,09,Cunco,09103,18055.0,1.0,2.0,1.0,0.0,0.0,0.0,0.0,0.0,1.0,1.0,1.0,2.0,13.0,18.0,20.0,13.0,4.0,8.0,14.0,15.0,10.0,4.0,7.0,7.0,5.0,6.0,7.0,16.0,17.0,9.0,10.0,6.0,4.0,3.0,5.0,11.0,14.0,27.0,21.0,12
La Araucania,09,Curacautin,09203,18178.0,3.0,2.0,2.0,0.0,1.0,1.0,1.0,2.0,1.0,1.0,1.0,1.0,0.0,0.0,0.0,1.0,1.0,1.0,2.0,9.0,10.0,7.0,0.0,0.0,2.0,2.0,2.0,7.0,5.0,5.0,0.0,2.0,4.0,1.0,0.0,1.0,1.0,6.0,5.0,3
La Araucania,09,Curarrehue,09104,7802.0,0.0,0.0,0.0,0.0,0.0,0.0,0.0,0.0,0.0,0.0,0.0,0.0,0.0,0.0,0.0,0.0,0.0,0.0,0.0,0.0,0.0,0.0,0.0,0.0,0.0,0.0,0.0,0.0,0.0,0.0,0.0,0.0,0.0,0.0,0.0,0.0,0.0,0.0,0.0,1
La Araucania,09,Ercilla,09204,8458.0,3.0,2.0,3.0,4.0,5.0,4.0,4.0,1.0,1.0,0.0,0.0,0.0,0.0,0.0,0.0,5.0,4.0,1.0,0.0,2.0,3.0,2.0,0.0,0.0,0.0,1.0,4.0,9.0,7.0,1.0,12.0,23.0,19.0,5.0,6.0,11.0,8.0,26.0,21.0,14
La Araucania,09,Freire,09105,25446.0,0.0,0.0,0.0,1.0,2.0,2.0,0.0,0.0,0.0,2.0,11.0,16.0,14.0,19.0,30.0,32.0,25.0,21.0,23.0,21.0,16.0,9.0,8.0,6.0,2.0,3.0,1.0,2.0,4.0,5.0,6.0,7.0,5.0,4.0,2.0,2.0,0.0,1.0,1.0,4
La Araucania,09,Galvarino,09106,12633.0,1.0,0.0,0.0,0.0,0.0,0.0,0.0,0.0,1.0,1.0,2.0,1.0,0.0,1.0,5.0,14.0,40.0,49.0,50.0,43.0,32.0,14.0,8.0,8.0,18.0,15.0,7.0,0.0,0.0,0.0,0.0,0.0,2.0,1.0,1.0,1.0,0.0,0.0,0.0,0
La Araucania,09,Gorbea,09107,15148.0,1.0,0.0,1.0,1.0,2.0,2.0,1.0,0.0,1.0,1.0,2.0,3.0,1.0,2.0,4.0,4.0,1.0,5.0,9.0,8.0,10.0,5.0,0.0,0.0,0.0,1.0,1.0,1.0,0.0,0.0,0.0,1.0,1.0,1.0,6.0,5.0,5.0,0.0,0.0,1
La Araucania,09,Lautaro,09108,40746.0,13.0,10.0,4.0,7.0,5.0,7.0,2.0,2.0,7.0,15.0,14.0,10.0,8.0,7.0,9.0,20.0,22.0,20.0,14.0,11.0,12.0,10.0,13.0,9.0,11.0,5.0,4.0,7.0,12.0,20.0,23.0,28.0,22.0,10.0,9.0,13.0,13.0,25.0,25.0,31
La Araucania,09,Loncoche,09109,24739.0,4.0,3.0,3.0,3.0,0.0,1.0,5.0,4.0,2.0,3.0,2.0,2.0,2.0,1.0,14.0,17.0,20.0,17.0,4.0,1.0,13.0,13.0,12.0,16.0,19.0,4.0,4.0,2.0,2.0,1.0,2.0,1.0,1.0,0.0,0.0,0.0,0.0,0.0,0.0,0
La Araucania,09,Lonquimay,09205,11049.0,0.0,0.0,0.0,0.0,0.0,0.0,0.0,0.0,5.0,7.0,13.0,17.0,33.0,27.0,22.0,5.0,2.0,0.0,0.0,0.0,0.0,3.0,3.0,3.0,0.0,0.0,0.0,0.0,0.0,0.0,0.0,0.0,0.0,0.0,0.0,0.0,0.0,0.0,0.0,1
La Araucania,09,Los Sauces,09206,7517.0,0.0,0.0,0.0,0.0,0.0,0.0,0.0,0.0,0.0,0.0,0.0,0.0,0.0,0.0,1.0,1.0,3.0,4.0,3.0,2.0,1.0,1.0,1.0,1.0,9.0,5.0,4.0,2.0,2.0,1.0,2.0,16.0,30.0,27.0,22.0,4.0,0.0,0.0,0.0,1
La Araucania,09,Lumaco,09207,10050.0,0.0,0.0,0.0,0.0,0.0,1.0,5.0,2.0,1.0,1.0,0.0,0.0,1.0,1.0,0.0,3.0,5.0,3.0,1.0,1.0,11.0,7.0,12.0,8.0,5.0,3.0,3.0,3.0,1.0,1.0,0.0,0.0,0.0,0.0,0.0,1.0,2.0,2.0,1.0,0
La Araucania,09,Melipeuco,09110,6265.0,0.0,0.0,0.0,0.0,0.0,0.0,0.0,0.0,0.0,0.0,0.0,0.0,0.0,3.0,5.0,5.0,4.0,3.0,2.0,1.0,0.0,0.0,0.0,0.0,1.0,2.0,2.0,2.0,2.0,0.0,0.0,0.0,0.0,1.0,1.0,1.0,0.0,1.0,2.0,5
La Araucania,09,Nueva Imperial,09111,33777.0,8.0,11.0,11.0,12.0,9.0,8.0,4.0,3.0,2.0,4.0,11.0,9.0,5.0,6.0,3.0,2.0,2.0,9.0,25.0,29.0,27.0,24.0,12.0,13.0,13.0,8.0,2.0,0.0,1.0,3.0,4.0,3.0,3.0,8.0,8.0,5.0,10.0,15.0,11.0,9
La Araucania,09,Padre Las Casas,09112,82110.0,19.0,15.0,11.0,20.0,16.0,21.0,12.0,8.0,2.0,1.0,9.0,12.0,18.0,21.0,16.0,17.0,21.0,14.0,4.0,4.0,8.0,7.0,3.0,5.0,9.0,21.0,18.0,14.0,9.0,13.0,15.0,12.0,11.0,7.0,8.0,13.0,22.0,15.0,21.0,8
La Araucania,09,Perquenco,09113,7223.0,1.0,0.0,1.0,3.0,3.0,2.0,0.0,0.0,0.0,0.0,0.0,0.0,0.0,0.0,0.0,0.0,5.0,5.0,8.0,7.0,4.0,8.0,8.0,13.0,13.0,5.0,2.0,3.0,3.0,2.0,2.0,0.0,0.0,0.0,0.0,11.0,13.0,15.0,11.0,14
La Araucania,09,Pitrufquen,09114,26096.0,4.0,3.0,0.0,1.0,1.0,1.0,0.0,0.0,0.0,0.0,0.0,2.0,7.0,13.0,20.0,23.0,28.0,19.0,16.0,10.0,4.0,4.0,17.0,20.0,11.0,4.0,2.0,0.0,0.0,2.0,2.0,3.0,5.0,5.0,6.0,3.0,1.0,2.0,4.0,10
La Araucania,09,Pucon,09115,29782.0,1.0,2.0,5.0,2.0,1.0,3.0,2.0,1.0,2.0,1.0,2.0,3.0,2.0,7.0,10.0,16.0,22.0,20.0,13.0,10.0,9.0,7.0,9.0,7.0,7.0,3.0,2.0,8.0,8.0,6.0,5.0,6.0,7.0,7.0,4.0,3.0,1.0,0.0,0.0,1
La Araucania,09,Puren,09208,12188.0,0.0,0.0,0.0,0.0,0.0,0.0,1.0,1.0,1.0,2.0,1.0,1.0,0.0,0.0,1.0,2.0,2.0,0.0,0.0,0.0,5.0,10.0,6.0,6.0,4.0,1.0,2.0,5.0,4.0,5.0,4.0,2.0,2.0,3.0,2.0,2.0,1.0,0.0,0.0,0
La Araucania,09,Renaico,09209,10833.0,1.0,1.0,0.0,1.0,2.0,2.0,0.0,1.0,6.0,6.0,4.0,3.0,5.0,7.0,4.0,6.0,3.0,3.0,1.0,4.0,5.0,9.0,20.0,19.0,5.0,1.0,4.0,5.0,0.0,0.0,4.0,8.0,6.0,0.0,0.0,0.0,0.0,0.0,0.0,1
La Araucania,09,Saavedra,09116,12793.0,0.0,0.0,1.0,6.0,11.0,6.0,13.0,17.0,15.0,18.0,22.0,23.0,22.0,17.0,13.0,10.0,5.0,8.0,5.0,8.0,6.0,4.0,0.0,0.0,0.0,2.0,3.0,3.0,1.0,0.0,0.0,0.0,0.0,0.0,0.0,0.0,0.0,0.0,0.0,0
La Araucania,09,Temuco,09101,302931.0,150.0,119.0,106.0,113.0,83.0,59.0,38.0,29.0,35.0,48.0,58.0,74.0,60.0,55.0,36.0,32.0,23.0,22.0,21.0,30.0,36.0,44.0,47.0,47.0,64.0,73.0,73.0,67.0,57.0,63.0,67.0,77.0,101.0,116.0,101.0,64.0,44.0,54.0,57.0,54
La Araucania,09,Teodoro Schmidt,09117,15786.0,1.0,1.0,1.0,0.0,1.0,1.0,0.0,0.0,0.0,0.0,0.0,0.0,2.0,1.0,3.0,4.0,4.0,0.0,0.0,1.0,13.0,21.0,10.0,9.0,2.0,1.0,1.0,1.0,0.0,0.0,0.0,0.0,0.0,0.0,0.0,0.0,0.0,0.0,0.0,0
La Araucania,09,Tolten,09118,10055.0,3.0,1.0,0.0,0.0,0.0,0.0,0.0,0.0,0.0,0.0,0.0,0.0,0.0,6.0,6.0,5.0,3.0,1.0,0.0,0.0,0.0,0.0,0.0,0.0,0.0,2.0,2.0,0.0,0.0,0.0,0.0,1.0,1.0,1.0,1.0,0.0,0.0,0.0,0.0,0
La Araucania,09,Traiguen,09210,19314.0,2.0,1.0,1.0,1.0,1.0,1.0,0.0,0.0,0.0,0.0,1.0,3.0,5.0,5.0,2.0,1.0,4.0,8.0,9.0,9.0,13.0,8.0,11.0,11.0,13.0,6.0,4.0,0.0,0.0,5.0,7.0,11.0,11.0,1.0,3.0,4.0,4.0,2.0,0.0,0
La Araucania,09,Victoria,09211,35467.0,6.0,1.0,1.0,15.0,39.0,40.0,35.0,25.0,15.0,6.0,4.0,2.0,2.0,5.0,10.0,12.0,19.0,17.0,23.0,32.0,31.0,12.0,1.0,1.0,9.0,7.0,7.0,7.0,9.0,16.0,21.0,17.0,14.0,14.0,11.0,7.0,6.0,19.0,19.0,19
La Araucania,09,Vilcun,09119,30766.0,10.0,8.0,6.0,8.0,4.0,2.0,4.0,3.0,6.0,3.0,8.0,10.0,9.0,11.0,19.0,23.0,11.0,10.0,8.0,8.0,5.0,4.0,9.0,15.0,7.0,7.0,11.0,10.0,6.0,8.0,14.0,16.0,15.0,9.0,11.0,20.0,24.0,26.0,22.0,11
La Araucania,09,Villarrica,09120,59103.0,5.0,5.0,3.0,1.0,0.0,0.0,1.0,1.0,1.0,2.0,1.0,2.0,1.0,2.0,3.0,9.0,6.0,8.0,7.0,15.0,22.0,21.0,26.0,25.0,15.0,3.0,3.0,3.0,3.0,2.0,4.0,4.0,1.0,1.0,3.0,2.0,3.0,1.0,1.0,0
La Araucania,09,Desconocido Araucania,,,,,,,,,,,,,,,,,,,,,,,3.0,3.0,2.0,2.0,1.0,0.0,1.0,0.0,0.0,2.0,1.0,0.0,1.0,1.0,0.0,0.0,1.0,4.0,4.0,0
La Araucania,09,Total,,1014343.0,264.0,220.0,190.0,238.0,231.0,209.0,173.0,135.0,126.0,139.0,181.0,207.0,225.0,268.0,304.0,330.0,349.0,344.0,341.0,385.0,400.0,355.0,316.0,302.0,305.0,258.0,239.0,230.0,185.0,205.0,248.0,309.0,326.0,292.0,305.0,279.0,288.0,326.0,318.0,289.0
,,,,,,,,,,,,,,,,,,,,,,,,,,,,,,,,,,,,,,,,,,,,
Los Rios,14,Corral,14102,5447.0,0.0,1.0,1.0,1.0,1.0,0.0,0.0,0.0,1.0,2.0,10.0,9.0,8.0,4.0,2.0,2.0,0.0,5.0,7.0,7.0,3.0,3.0,2.0,1.0,1.0,2.0,2.0,1.0,0.0,0.0,0.0,0.0,0.0,0.0,0.0,0.0,0.0,0.0,0.0,0
Los Rios,14,Futrono,14202,15261.0,1.0,0.0,0.0,0.0,0.0,0.0,0.0,0.0,0.0,0.0,0.0,2.0,10.0,18.0,21.0,20.0,11.0,13.0,16.0,15.0,5.0,4.0,2.0,1.0,1.0,2.0,1.0,1.0,0.0,0.0,0.0,0.0,0.0,0.0,0.0,0.0,1.0,1.0,1.0,0
Los Rios,14,La Union,14201,39538.0,9.0,6.0,6.0,6.0,5.0,7.0,5.0,6.0,3.0,2.0,1.0,2.0,2.0,2.0,1.0,2.0,5.0,8.0,9.0,15.0,16.0,15.0,12.0,10.0,10.0,5.0,7.0,11.0,11.0,10.0,9.0,4.0,4.0,6.0,7.0,5.0,3.0,0.0,0.0,3
Los Rios,14,Lago Ranco,14203,10292.0,0.0,0.0,0.0,0.0,0.0,0.0,0.0,0.0,0.0,0.0,0.0,0.0,0.0,0.0,0.0,0.0,0.0,0.0,0.0,0.0,0.0,0.0,4.0,5.0,4.0,0.0,0.0,0.0,0.0,0.0,0.0,0.0,0.0,0.0,0.0,1.0,1.0,0.0,0.0,0
Los Rios,14,Lanco,14103,17652.0,1.0,2.0,2.0,1.0,1.0,1.0,1.0,1.0,3.0,2.0,2.0,0.0,0.0,0.0,0.0,0.0,0.0,1.0,6.0,11.0,13.0,8.0,4.0,2.0,1.0,0.0,0.0,1.0,1.0,0.0,0.0,0.0,2.0,2.0,2.0,1.0,0.0,6.0,10.0,9
Los Rios,14,Los Lagos,14104,20518.0,0.0,0.0,0.0,0.0,0.0,0.0,0.0,0.0,0.0,0.0,0.0,0.0,0.0,2.0,18.0,21.0,15.0,11.0,14.0,32.0,30.0,22.0,4.0,1.0,0.0,1.0,1.0,0.0,0.0,0.0,0.0,0.0,0.0,0.0,0.0,0.0,0.0,0.0,1.0,1
Los Rios,14,Mafil,14105,7389.0,0.0,0.0,0.0,0.0,1.0,1.0,0.0,0.0,0.0,0.0,0.0,0.0,1.0,1.0,0.0,0.0,0.0,0.0,3.0,11.0,14.0,11.0,1.0,0.0,0.0,0.0,0.0,0.0,0.0,0.0,9.0,9.0,7.0,0.0,0.0,3.0,6.0,4.0,2.0,1
Los Rios,14,Mariquina,14106,23250.0,6.0,3.0,1.0,0.0,0.0,0.0,0.0,0.0,0.0,2.0,3.0,3.0,4.0,3.0,3.0,3.0,2.0,1.0,1.0,0.0,2.0,2.0,2.0,1.0,1.0,1.0,1.0,11.0,13.0,13.0,6.0,4.0,2.0,1.0,1.0,0.0,0.0,2.0,6.0,7
Los Rios,14,Paillaco,14107,20798.0,0.0,0.0,0.0,0.0,0.0,0.0,0.0,0.0,0.0,0.0,0.0,0.0,3.0,20.0,20.0,13.0,5.0,2.0,0.0,0.0,1.0,2.0,3.0,3.0,2.0,3.0,2.0,1.0,1.0,1.0,4.0,5.0,4.0,4.0,0.0,0.0,0.0,1.0,1.0,2
Los Rios,14,Panguipulli,14108,35991.0,1.0,0.0,0.0,1.0,0.0,0.0,0.0,0.0,0.0,0.0,0.0,0.0,2.0,5.0,6.0,6.0,13.0,23.0,16.0,15.0,5.0,11.0,13.0,11.0,6.0,5.0,7.0,9.0,8.0,2.0,0.0,0.0,1.0,1.0,2.0,4.0,4.0,0.0,0.0,2
Los Rios,14,Rio Bueno,14204,32925.0,4.0,1.0,1.0,1.0,1.0,2.0,4.0,3.0,1.0,1.0,0.0,0.0,1.0,2.0,2.0,3.0,2.0,2.0,1.0,1.0,1.0,3.0,5.0,4.0,5.0,5.0,4.0,2.0,0.0,3.0,4.0,4.0,5.0,9.0,16.0,17.0,14.0,10.0,11.0,14
Los Rios,14,Valdivia,14101,176774.0,25.0,21.0,18.0,15.0,8.0,5.0,5.0,10.0,7.0,3.0,2.0,3.0,24.0,29.0,34.0,25.0,23.0,26.0,20.0,22.0,42.0,54.0,65.0,70.0,66.0,46.0,41.0,58.0,67.0,58.0,52.0,44.0,39.0,42.0,48.0,58.0,49.0,36.0,39.0,35
Los Rios,14,Desconocido Los Rios,,,,,,,,,,,,,,,,,,,,,,,1.0,1.0,1.0,1.0,0.0,0.0,0.0,0.0,0.0,0.0,0.0,0.0,0.0,1.0,1.0,1.0,1.0,0.0,0.0,0
Los Rios,14,Total,,405835.0,47.0,34.0,29.0,25.0,17.0,16.0,15.0,20.0,15.0,12.0,18.0,19.0,55.0,86.0,107.0,95.0,76.0,92.0,93.0,129.0,133.0,136.0,118.0,110.0,97.0,70.0,66.0,95.0,101.0,87.0,84.0,70.0,64.0,66.0,77.0,90.0,79.0,60.0,71.0,74.0
,,,,,,,,,,,,,,,,,,,,,,,,,,,,,,,,,,,,,,,,,,,,
Los Lagos,10,Ancud,10202,42458.0,3.0,3.0,3.0,8.0,5.0,4.0,2.0,6.0,13.0,37.0,34.0,34.0,41.0,25.0,12.0,10.0,2.0,2.0,3.0,7.0,5.0,3.0,8.0,5.0,7.0,0.0,0.0,4.0,6.0,5.0,9.0,4.0,5.0,6.0,2.0,2.0,1.0,0.0,0.0,0
Los Lagos,10,Calbuco,10102,36744.0,2.0,0.0,1.0,1.0,1.0,1.0,0.0,0.0,0.0,1.0,1.0,1.0,1.0,0.0,0.0,0.0,0.0,0.0,1.0,1.0,2.0,12.0,33.0,43.0,54.0,53.0,53.0,53.0,45.0,34.0,30.0,23.0,25.0,58.0,50.0,75.0,45.0,54.0,44.0,30
Los Lagos,10,Castro,10201,47607.0,5.0,4.0,3.0,0.0,0.0,0.0,1.0,0.0,0.0,0.0,1.0,1.0,1.0,0.0,0.0,0.0,0.0,0.0,1.0,1.0,1.0,0.0,0.0,0.0,0.0,0.0,1.0,0.0,0.0,5.0,14.0,16.0,18.0,12.0,6.0,5.0,2.0,1.0,1.0,1
Los Lagos,10,Chaiten,10401,5020.0,0.0,0.0,0.0,0.0,0.0,0.0,0.0,0.0,0.0,0.0,0.0,0.0,0.0,0.0,0.0,0.0,0.0,0.0,0.0,0.0,0.0,0.0,0.0,0.0,0.0,0.0,9.0,11.0,9.0,1.0,0.0,0.0,1.0,1.0,1.0,0.0,3.0,3.0,3.0,0
Los Lagos,10,Chonchi,10203,16013.0,0.0,0.0,0.0,0.0,0.0,0.0,0.0,0.0,0.0,0.0,0.0,0.0,0.0,0.0,0.0,0.0,0.0,0.0,0.0,0.0,0.0,0.0,0.0,0.0,1.0,1.0,0.0,0.0,0.0,0.0,0.0,0.0,0.0,0.0,0.0,0.0,0.0,0.0,0.0,0
Los Lagos,10,Cochamo,10103,4006.0,0.0,0.0,1.0,1.0,0.0,0.0,0.0,0.0,0.0,0.0,0.0,0.0,0.0,0.0,0.0,0.0,0.0,0.0,0.0,0.0,0.0,0.0,4.0,4.0,6.0,3.0,0.0,2.0,1.0,5.0,2.0,2.0,2.0,3.0,2.0,1.0,1.0,1.0,0.0,0
Los Lagos,10,Curaco de Velez,10204,4066.0,0.0,0.0,0.0,0.0,0.0,0.0,0.0,0.0,0.0,0.0,0.0,0.0,0.0,0.0,0.0,0.0,0.0,0.0,0.0,0.0,0.0,0.0,8.0,11.0,14.0,9.0,4.0,3.0,2.0,0.0,0.0,0.0,0.0,0.0,0.0,0.0,0.0,0.0,0.0,0
Los Lagos,10,Dalcahue,10205,15069.0,0.0,0.0,0.0,0.0,0.0,0.0,0.0,0.0,0.0,0.0,0.0,0.0,1.0,4.0,2.0,2.0,0.0,0.0,0.0,1.0,1.0,1.0,0.0,0.0,0.0,0.0,0.0,0.0,0.0,0.0,0.0,0.0,1.0,1.0,1.0,0.0,0.0,0.0,2.0,0
Los Lagos,10,Fresia,10104,12656.0,0.0,0.0,0.0,1.0,0.0,0.0,0.0,0.0,0.0,0.0,0.0,0.0,0.0,0.0,0.0,0.0,0.0,0.0,1.0,2.0,9.0,6.0,2.0,2.0,13.0,12.0,3.0,0.0,3.0,5.0,9.0,25.0,25.0,30.0,28.0,22.0,19.0,14.0,30.0,30
Los Lagos,10,Frutillar,10105,20223.0,4.0,4.0,2.0,2.0,0.0,0.0,0.0,0.0,0.0,0.0,1.0,1.0,0.0,2.0,4.0,5.0,3.0,1.0,1.0,3.0,6.0,31.0,32.0,41.0,46.0,75.0,68.0,47.0,10.0,6.0,8.0,17.0,28.0,32.0,37.0,61.0,55.0,60.0,53.0,34
Los Lagos,10,Futaleufu,10402,2806.0,0.0,0.0,0.0,0.0,0.0,0.0,0.0,0.0,0.0,0.0,0.0,0.0,1.0,1.0,1.0,0.0,0.0,0.0,0.0,0.0,0.0,0.0,0.0,0.0,0.0,0.0,0.0,0.0,0.0,0.0,0.0,0.0,0.0,0.0,0.0,0.0,0.0,0.0,0.0,0
Los Lagos,10,Hualaihue,10403,9525.0,0.0,0.0,0.0,0.0,0.0,0.0,0.0,0.0,0.0,0.0,0.0,0.0,0.0,0.0,0.0,0.0,1.0,1.0,0.0,0.0,1.0,3.0,7.0,5.0,3.0,2.0,2.0,1.0,1.0,6.0,6.0,3.0,0.0,0.0,0.0,0.0,2.0,5.0,8.0,9
Los Lagos,10,Llanquihue,10107,18621.0,1.0,0.0,1.0,0.0,0.0,0.0,0.0,0.0,0.0,5.0,5.0,5.0,3.0,0.0,0.0,0.0,0.0,0.0,2.0,2.0,18.0,52.0,38.0,23.0,41.0,23.0,26.0,6.0,6.0,10.0,33.0,44.0,46.0,45.0,44.0,36.0,25.0,25.0,38.0,36
Los Lagos,10,Los Muermos,10106,17817.0,0.0,0.0,0.0,0.0,0.0,0.0,0.0,0.0,0.0,1.0,1.0,1.0,0.0,0.0,0.0,0.0,0.0,0.0,1.0,1.0,2.0,11.0,12.0,8.0,8.0,18.0,14.0,7.0,4.0,7.0,12.0,17.0,15.0,21.0,20.0,27.0,28.0,12.0,13.0,15
Los Lagos,10,Maullin,10108,14894.0,1.0,1.0,2.0,1.0,0.0,0.0,0.0,0.0,0.0,0.0,0.0,2.0,13.0,14.0,10.0,8.0,1.0,0.0,0.0,0.0,2.0,2.0,4.0,5.0,13.0,21.0,17.0,19.0,16.0,15.0,18.0,20.0,24.0,38.0,34.0,36.0,41.0,45.0,42.0,56
Los Lagos,10,Osorno,10301,173410.0,63.0,44.0,39.0,34.0,27.0,24.0,23.0,25.0,22.0,24.0,26.0,19.0,18.0,11.0,13.0,25.0,43.0,37.0,30.0,28.0,39.0,30.0,20.0,11.0,19.0,30.0,45.0,47.0,54.0,64.0,84.0,93.0,129.0,164.0,202.0,180.0,168.0,127.0,127.0,133
Los Lagos,10,Palena,10404,1827.0,0.0,0.0,0.0,0.0,0.0,0.0,0.0,0.0,0.0,0.0,0.0,0.0,0.0,0.0,0.0,0.0,0.0,0.0,0.0,0.0,0.0,0.0,0.0,0.0,0.0,0.0,0.0,0.0,0.0,0.0,0.0,0.0,0.0,0.0,0.0,0.0,1.0,0.0,0.0,0
Los Lagos,10,Puerto Montt,10101,269398.0,11.0,10.0,7.0,8.0,5.0,4.0,1.0,0.0,0.0,2.0,9.0,10.0,32.0,48.0,50.0,52.0,77.0,77.0,77.0,104.0,116.0,133.0,156.0,162.0,233.0,261.0,290.0,373.0,350.0,410.0,513.0,569.0,578.0,518.0,527.0,432.0,386.0,335.0,324.0,237
Los Lagos,10,Puerto Octay,10302,9192.0,0.0,0.0,0.0,0.0,1.0,3.0,3.0,0.0,2.0,2.0,2.0,2.0,0.0,0.0,0.0,0.0,0.0,0.0,0.0,0.0,0.0,1.0,0.0,3.0,3.0,1.0,0.0,0.0,0.0,0.0,0.0,2.0,10.0,31.0,27.0,15.0,10.0,14.0,23.0,23
Los Lagos,10,Puerto Varas,10109,48620.0,4.0,3.0,4.0,2.0,0.0,0.0,0.0,0.0,0.0,0.0,0.0,1.0,3.0,6.0,7.0,5.0,13.0,17.0,19.0,22.0,19.0,13.0,15.0,17.0,16.0,14.0,11.0,18.0,15.0,25.0,28.0,22.0,36.0,65.0,72.0,60.0,38.0,24.0,30.0,34
Los Lagos,10,Puqueldon,10206,4201.0,0.0,0.0,0.0,0.0,0.0,0.0,0.0,0.0,0.0,0.0,0.0,0.0,0.0,0.0,0.0,0.0,0.0,0.0,0.0,0.0,0.0,0.0,0.0,0.0,0.0,0.0,0.0,0.0,0.0,0.0,0.0,0.0,0.0,0.0,0.0,0.0,0.0,0.0,0.0,0
Los Lagos,10,Purranque,10303,21080.0,13.0,8.0,5.0,2.0,1.0,1.0,2.0,2.0,5.0,4.0,6.0,4.0,5.0,7.0,26.0,29.0,27.0,15.0,3.0,2.0,0.0,0.0,1.0,1.0,5.0,6.0,3.0,0.0,2.0,7.0,7.0,5.0,6.0,12.0,23.0,23.0,25.0,32.0,38.0,32
Los Lagos,10,Puyehue,10304,11787.0,1.0,0.0,0.0,0.0,0.0,1.0,2.0,1.0,2.0,2.0,2.0,0.0,0.0,0.0,0.0,2.0,1.0,1.0,0.0,1.0,3.0,0.0,0.0,0.0,0.0,1.0,3.0,3.0,0.0,3.0,1.0,1.0,6.0,5.0,8.0,9.0,10.0,11.0,14.0,20
Los Lagos,10,Queilen,10207,5543.0,0.0,0.0,0.0,0.0,0.0,0.0,0.0,0.0,0.0,0.0,0.0,0.0,0.0,0.0,0.0,0.0,0.0,0.0,0.0,0.0,0.0,0.0,0.0,0.0,0.0,0.0,0.0,0.0,0.0,1.0,0.0,0.0,0.0,0.0,0.0,0.0,0.0,0.0,0.0,0
Los Lagos,10,Quellon,10208,29309.0,0.0,0.0,0.0,0.0,0.0,0.0,0.0,1.0,1.0,1.0,1.0,0.0,0.0,0.0,0.0,0.0,0.0,0.0,0.0,0.0,0.0,4.0,3.0,1.0,0.0,1.0,1.0,1.0,1.0,1.0,2.0,1.0,1.0,1.0,0.0,0.0,0.0,0.0,0.0,0
Los Lagos,10,Quemchi,10209,8783.0,0.0,0.0,0.0,0.0,0.0,0.0,0.0,0.0,0.0,0.0,0.0,0.0,4.0,5.0,4.0,11.0,8.0,6.0,1.0,0.0,0.0,0.0,0.0,0.0,0.0,0.0,0.0,0.0,0.0,0.0,0.0,0.0,0.0,0.0,0.0,0.0,0.0,0.0,0.0,2
Los Lagos,10,Quinchao,10210,8298.0,0.0,0.0,0.0,0.0,0.0,0.0,0.0,0.0,0.0,0.0,0.0,0.0,0.0,0.0,0.0,0.0,0.0,0.0,0.0,1.0,1.0,1.0,0.0,0.0,0.0,0.0,0.0,0.0,0.0,2.0,0.0,0.0,1.0,1.0,1.0,0.0,0.0,0.0,0.0,0
Los Lagos,10,Rio Negro,10305,14275.0,2.0,2.0,1.0,0.0,1.0,1.0,6.0,6.0,5.0,4.0,9.0,8.0,6.0,5.0,6.0,6.0,5.0,1.0,0.0,0.0,1.0,2.0,1.0,2.0,3.0,5.0,3.0,4.0,4.0,2.0,2.0,3.0,6.0,6.0,9.0,11.0,9.0,12.0,11.0,10
Los Lagos,10,San Juan de la Costa,10306,7639.0,13.0,5.0,4.0,3.0,8.0,9.0,8.0,8.0,3.0,7.0,7.0,7.0,4.0,1.0,0.0,0.0,0.0,0.0,6.0,7.0,5.0,1.0,0.0,0.0,0.0,0.0,0.0,1.0,1.0,0.0,0.0,3.0,11.0,9.0,9.0,4.0,4.0,6.0,5.0,2
Los Lagos,10,San Pablo,10307,10553.0,4.0,4.0,1.0,2.0,2.0,2.0,0.0,1.0,0.0,0.0,0.0,1.0,1.0,1.0,1.0,1.0,1.0,0.0,0.0,0.0,0.0,0.0,0.0,0.0,1.0,1.0,3.0,1.0,1.0,0.0,1.0,2.0,4.0,4.0,5.0,7.0,7.0,8.0,6.0,4
Los Lagos,10,Desconocido Los Lagos,,,,,,,,,,,,,,,,,,,,,,,6.0,11.0,11.0,11.0,12.0,12.0,15.0,17.0,19.0,17.0,14.0,18.0,13.0,18.0,9.0,11.0,5.0,8.0,0.0,4
Los Lagos,10,Total,,891440.0,127.0,88.0,74.0,65.0,51.0,50.0,48.0,50.0,53.0,90.0,105.0,97.0,134.0,130.0,136.0,156.0,182.0,158.0,146.0,183.0,237.0,317.0,355.0,355.0,498.0,549.0,571.0,618.0,550.0,631.0,793.0,890.0,991.0,1081.0,1117.0,1017.0,885.0,797.0,812.0,712.0
,,,,,,,,,,,,,,,,,,,,,,,,,,,,,,,,,,,,,,,,,,,,
Aysen,11,Aysen,11201,25002.0,1.0,0.0,0.0,0.0,0.0,0.0,0.0,0.0,0.0,0.0,0.0,0.0,0.0,0.0,3.0,3.0,2.0,1.0,0.0,2.0,4.0,4.0,4.0,4.0,5.0,5.0,11.0,21.0,18.0,11.0,12.0,8.0,8.0,8.0,13.0,9.0,11.0,4.0,5.0,2
Aysen,11,Chile Chico,11401,5121.0,1.0,0.0,0.0,0.0,0.0,0.0,0.0,0.0,0.0,0.0,0.0,0.0,0.0,0.0,0.0,0.0,0.0,0.0,0.0,0.0,0.0,0.0,0.0,0.0,0.0,0.0,0.0,0.0,0.0,0.0,0.0,0.0,0.0,0.0,0.0,0.0,0.0,0.0,0.0,0
Aysen,11,Cisnes,11202,5828.0,0.0,0.0,0.0,0.0,0.0,0.0,0.0,0.0,0.0,0.0,0.0,0.0,0.0,0.0,0.0,0.0,0.0,0.0,0.0,0.0,0.0,0.0,0.0,0.0,0.0,0.0,0.0,0.0,0.0,0.0,0.0,0.0,0.0,0.0,0.0,0.0,0.0,0.0,0.0,0
Aysen,11,Cochrane,11301,3685.0,0.0,0.0,0.0,0.0,0.0,0.0,0.0,0.0,0.0,0.0,0.0,0.0,0.0,0.0,0.0,0.0,0.0,0.0,0.0,0.0,0.0,0.0,0.0,0.0,0.0,0.0,0.0,0.0,0.0,0.0,0.0,0.0,0.0,0.0,0.0,0.0,0.0,0.0,0.0,0
Aysen,11,Coyhaique,11101,61210.0,0.0,0.0,0.0,0.0,0.0,0.0,0.0,0.0,1.0,1.0,1.0,1.0,0.0,2.0,4.0,5.0,4.0,4.0,2.0,4.0,4.0,1.0,12.0,11.0,9.0,1.0,1.0,2.0,2.0,0.0,0.0,2.0,6.0,5.0,5.0,1.0,1.0,0.0,1.0,13
Aysen,11,Guaitecas,11203,1599.0,0.0,0.0,0.0,0.0,0.0,0.0,0.0,0.0,0.0,0.0,0.0,0.0,0.0,0.0,0.0,0.0,0.0,0.0,0.0,0.0,0.0,0.0,0.0,0.0,0.0,0.0,0.0,0.0,0.0,0.0,0.0,0.0,0.0,1.0,1.0,1.0,1.0,0.0,0.0,0
Aysen,11,Lago Verde,11102,920.0,0.0,0.0,0.0,0.0,0.0,0.0,0.0,0.0,0.0,0.0,0.0,0.0,0.0,0.0,0.0,0.0,0.0,0.0,0.0,0.0,0.0,0.0,0.0,0.0,0.0,0.0,0.0,0.0,0.0,0.0,0.0,0.0,0.0,0.0,0.0,0.0,0.0,0.0,0.0,0
Aysen,11,OHiggins,11302,661.0,0.0,0.0,0.0,0.0,0.0,0.0,0.0,0.0,0.0,0.0,0.0,0.0,0.0,0.0,0.0,0.0,0.0,0.0,0.0,0.0,0.0,0.0,0.0,0.0,0.0,0.0,0.0,0.0,0.0,0.0,0.0,0.0,0.0,0.0,0.0,0.0,0.0,0.0,0.0,0
Aysen,11,Rio Ibanez,11402,2699.0,0.0,0.0,0.0,0.0,0.0,0.0,0.0,0.0,0.0,0.0,0.0,0.0,0.0,0.0,0.0,0.0,0.0,0.0,0.0,0.0,0.0,0.0,0.0,0.0,0.0,0.0,0.0,0.0,0.0,0.0,0.0,0.0,0.0,0.0,0.0,0.0,0.0,0.0,0.0,0
Aysen,11,Tortel,11303,572.0,0.0,0.0,0.0,0.0,0.0,0.0,0.0,0.0,0.0,0.0,0.0,0.0,0.0,0.0,0.0,0.0,0.0,0.0,0.0,0.0,0.0,0.0,0.0,0.0,0.0,0.0,0.0,0.0,0.0,0.0,0.0,0.0,0.0,0.0,0.0,0.0,0.0,0.0,0.0,0
Aysen,11,Desconocido Aysen,,,,,,,,,,,,,,,,,,,,,,,0.0,0.0,0.0,0.0,0.0,0.0,0.0,0.0,0.0,0.0,0.0,0.0,0.0,0.0,0.0,0.0,0.0,0.0,0.0,0
Aysen,11,Total,,107297.0,2.0,0.0,0.0,0.0,0.0,0.0,0.0,0.0,1.0,1.0,1.0,1.0,0.0,2.0,7.0,8.0,6.0,5.0,2.0,6.0,8.0,5.0,16.0,15.0,14.0,6.0,12.0,23.0,20.0,11.0,12.0,10.0,14.0,14.0,19.0,11.0,13.0,4.0,6.0,15.0
,,,,,,,,,,,,,,,,,,,,,,,,,,,,,,,,,,,,,,,,,,,,
Magallanes y la Antartica,12,Antartica,12202,137.0,0.0,0.0,0.0,0.0,0.0,0.0,0.0,0.0,0.0,0.0,0.0,0.0,0.0,0.0,0.0,0.0,0.0,0.0,0.0,0.0,0.0,0.0,0.0,0.0,0.0,0.0,0.0,0.0,0.0,0.0,0.0,0.0,0.0,0.0,0.0,0.0,0.0,0.0,0.0,0
Magallanes y la Antartica,12,Cabo de Hornos,12201,1983.0,3.0,1.0,1.0,1.0,0.0,0.0,0.0,0.0,0.0,1.0,1.0,1.0,0.0,1.0,1.0,1.0,1.0,0.0,0.0,0.0,0.0,0.0,0.0,1.0,1.0,0.0,0.0,0.0,0.0,0.0,0.0,0.0,0.0,0.0,0.0,0.0,0.0,1.0,1.0,2
Magallanes y la Antartica,12,Laguna Blanca,12102,264.0,0.0,0.0,0.0,0.0,0.0,0.0,0.0,0.0,0.0,0.0,0.0,0.0,0.0,0.0,0.0,0.0,0.0,0.0,0.0,0.0,0.0,0.0,0.0,0.0,0.0,0.0,0.0,0.0,0.0,0.0,0.0,0.0,0.0,0.0,0.0,0.0,0.0,0.0,0.0,0
Magallanes y la Antartica,12,Natales,12401,23782.0,1.0,0.0,1.0,1.0,0.0,0.0,0.0,0.0,1.0,1.0,0.0,1.0,2.0,2.0,2.0,1.0,0.0,0.0,0.0,0.0,0.0,2.0,19.0,21.0,21.0,10.0,9.0,3.0,2.0,1.0,1.0,2.0,2.0,3.0,3.0,4.0,5.0,6.0,9.0,15
Magallanes y la Antartica,12,Porvenir,12301,7323.0,1.0,0.0,1.0,4.0,2.0,2.0,0.0,0.0,1.0,1.0,1.0,1.0,0.0,0.0,0.0,0.0,0.0,0.0,0.0,0.0,1.0,0.0,0.0,0.0,0.0,0.0,0.0,0.0,0.0,0.0,0.0,0.0,0.0,0.0,0.0,7.0,13.0,16.0,32.0,33
Magallanes y la Antartica,12,Primavera,12302,694.0,0.0,0.0,1.0,1.0,1.0,0.0,0.0,0.0,0.0,0.0,0.0,0.0,0.0,0.0,0.0,0.0,0.0,0.0,1.0,1.0,1.0,1.0,1.0,1.0,0.0,0.0,0.0,0.0,0.0,0.0,0.0,0.0,0.0,0.0,0.0,2.0,2.0,0.0,2.0,3
Magallanes y la Antartica,12,Punta Arenas,12101,141984.0,207.0,179.0,173.0,181.0,147.0,126.0,96.0,116.0,146.0,136.0,107.0,96.0,64.0,65.0,67.0,52.0,38.0,37.0,42.0,109.0,145.0,168.0,113.0,111.0,80.0,74.0,89.0,103.0,97.0,72.0,70.0,127.0,173.0,236.0,303.0,337.0,379.0,476.0,669.0,810
Magallanes y la Antartica,12,Rio Verde,12103,211.0,0.0,0.0,0.0,0.0,0.0,0.0,0.0,0.0,0.0,0.0,0.0,0.0,0.0,0.0,0.0,0.0,0.0,0.0,0.0,0.0,0.0,0.0,0.0,0.0,0.0,0.0,0.0,0.0,0.0,0.0,0.0,0.0,0.0,0.0,0.0,0.0,0.0,0.0,0.0,0
Magallanes y la Antartica,12,San Gregorio,12104,681.0,0.0,0.0,0.0,0.0,0.0,0.0,0.0,0.0,1.0,1.0,2.0,1.0,2.0,0.0,0.0,0.0,0.0,0.0,0.0,0.0,0.0,0.0,0.0,0.0,0.0,0.0,0.0,0.0,0.0,0.0,0.0,0.0,0.0,0.0,0.0,0.0,0.0,0.0,0.0,0
Magallanes y la Antartica,12,Timaukel,12303,282.0,0.0,0.0,0.0,0.0,0.0,0.0,0.0,0.0,0.0,0.0,0.0,0.0,0.0,0.0,0.0,0.0,0.0,0.0,0.0,0.0,0.0,0.0,0.0,0.0,0.0,0.0,0.0,0.0,0.0,0.0,0.0,0.0,0.0,0.0,0.0,0.0,0.0,0.0,0.0,0
Magallanes y la Antartica,12,Torres del Paine,12402,1021.0,0.0,0.0,0.0,0.0,0.0,0.0,0.0,0.0,0.0,0.0,0.0,0.0,0.0,0.0,0.0,0.0,0.0,0.0,0.0,0.0,0.0,0.0,0.0,0.0,1.0,0.0,0.0,0.0,0.0,0.0,0.0,0.0,0.0,0.0,0.0,0.0,0.0,0.0,0.0,0
Magallanes y la Antartica,12,Desconocido Magallanes,,,,,,,,,,,,,,,,,,,,,,,1.0,2.0,2.0,2.0,1.0,3.0,2.0,2.0,1.0,0.0,1.0,1.0,1.0,1.0,1.0,1.0,0.0,14.0,5.0,6
Magallanes y la Antartica,12,Total,,178362.0,212.0,180.0,177.0,188.0,150.0,128.0,96.0,116.0,149.0,140.0,111.0,100.0,68.0,68.0,70.0,54.0,39.0,37.0,43.0,110.0,148.0,173.0,135.0,136.0,104.0,87.0,100.0,108.0,100.0,73.0,72.0,130.0,176.0,240.0,307.0,351.0,399.0,513.0,718.0,869.0
